"plotID","pointID","plotType","subtype","decimalLatitude","decimalLongitude","geodeticDatum","utmZone","easting","northing","coordinateUncertainty","coordinateSource","elevation","elevationUncertainty","nlcdClass","applicableModules","versionStartDate","versionEndDate","site"
"BART_006","21","distributed","basePlot",44.060355,-71.311178,"WGS84","19N",314889.597,4881173.346,0.15,"GeoXH 6000",446.71,0.23,"deciduousForest","cdw|cfc|dhp|hbp|vst",20140101,20201020,"BART"
"BART_006","25","distributed","basePlot",44.060341,-71.310646,"WGS84","19N",314932.152,4881170.596,0.19,"GeoXH 6000",437.12,0.19,"deciduousForest","cdw|cfc|dhp|hbp|vst",20140101,20201020,"BART"
"BART_006","31","distributed","basePlot",44.060421,-71.311033,"WGS84","19N",314901.401,4881180.42,0.18,"GeoXH 6000",443.56,0.27,"deciduousForest","cdw|cfc|dhp|hbp|vst",20140101,20201020,"BART"
"BART_006","31","distributed","basePlot",44.060467,-71.310972,"WGS84","19N",314906.401,4881185.42,2.18,"GIS",443.56,0.27,"deciduousForest","div",20140101,20201020,"BART"
"BART_006","31.1.1","distributed","basePlot",44.060426,-71.311027,"WGS84","19N",314901.901,4881180.92,0.43,"GIS",443.56,0.27,"deciduousForest","div",20140101,20201020,"BART"
"BART_006","31.1.10","distributed","basePlot",44.060436,-71.311014,"WGS84","19N",314902.982,4881182.001,1.18,"GIS",443.56,0.27,"deciduousForest","div",20140101,20201020,"BART"
"BART_006","40","distributed","basePlot",44.060565,-71.310977,"WGS84","19N",314906.345,4881196.219,2.2,"GIS",437.66,0.28,"deciduousForest","div",20140101,20201020,"BART"
"BART_006","40.1.1","distributed","basePlot",44.060523,-71.311031,"WGS84","19N",314901.845,4881191.719,0.45,"GIS",437.66,0.28,"deciduousForest","div",20140101,20201020,"BART"
"BART_006","40.1.10","distributed","basePlot",44.060533,-71.311018,"WGS84","19N",314902.926,4881192.8,1.2,"GIS",437.66,0.28,"deciduousForest","div",20140101,20201020,"BART"
"BART_006","40.3.1","distributed","basePlot",44.060604,-71.311035,"WGS84","19N",314901.845,4881200.719,0.45,"GIS",437.66,0.28,"deciduousForest","div",20140101,20201020,"BART"
"BART_006","40.3.10","distributed","basePlot",44.060594,-71.311021,"WGS84","19N",314902.926,4881199.638,1.2,"GIS",437.66,0.28,"deciduousForest","div",20140101,20201020,"BART"
"BART_006","49","distributed","basePlot",44.060608,-71.311041,"WGS84","19N",314901.345,4881201.219,0.2,"GeoXH 6000",437.66,0.28,"deciduousForest","cdw|cfc|dhp|hbp|vst",20140101,20201020,"BART"
"BART_006","57","distributed","basePlot",44.0607,-71.311153,"WGS84","19N",314892.652,4881211.624,0.23,"GeoXH 6000",440.52,0.38,"deciduousForest","cdw|cfc|dhp|hbp|vst",20140101,20201020,"BART"
"BART_018","21","distributed","basePlot",44.058252,-71.278097,"WGS84","19N",317532.715,4880865.963,0.27,"GeoXH 6000",320.44,0.4,"mixedForest","cdw|cfc|dhp|hbp|vst",20140101,20201020,"BART"
"BART_018","25","distributed","basePlot",44.058301,-71.277609,"WGS84","19N",317571.961,4880870.375,0.31,"GeoXH 6000",315.49,0.41,"mixedForest","cdw|cfc|dhp|hbp|vst",20140101,20201020,"BART"
"BART_018","31","distributed","basePlot",44.058373,-71.27799,"WGS84","19N",317541.647,4880879.24,0.14,"GeoXH 6000",313.4,0.19,"mixedForest","cdw|cfc|dhp|hbp|vst",20140101,20201020,"BART"
"BART_018","31","distributed","basePlot",44.05842,-71.27793,"WGS84","19N",317546.647,4880884.24,2.14,"GIS",313.4,0.19,"mixedForest","div",20140101,20201020,"BART"
"BART_018","31.1.1","distributed","basePlot",44.058378,-71.277984,"WGS84","19N",317542.147,4880879.74,0.39,"GIS",313.4,0.19,"mixedForest","div",20140101,20201020,"BART"
"BART_018","31.1.10","distributed","basePlot",44.058388,-71.277971,"WGS84","19N",317543.228,4880880.821,1.14,"GIS",313.4,0.19,"mixedForest","div",20140101,20201020,"BART"
"BART_018","32","distributed","basePlot",44.058447,-71.277809,"WGS84","19N",317556.365,4880886.958,2.21,"GIS",313.62,0.36,"mixedForest","div",20140101,20201020,"BART"
"BART_018","32.2.1","distributed","basePlot",44.058407,-71.277752,"WGS84","19N",317560.865,4880882.458,0.46,"GIS",313.62,0.36,"mixedForest","div",20140101,20201020,"BART"
"BART_018","32.2.10","distributed","basePlot",44.058417,-71.277766,"WGS84","19N",317559.784,4880883.539,1.21,"GIS",313.62,0.36,"mixedForest","div",20140101,20201020,"BART"
"BART_018","32.4.1","distributed","basePlot",44.058488,-71.277755,"WGS84","19N",317560.865,4880891.458,0.46,"GIS",313.62,0.36,"mixedForest","div",20140101,20201020,"BART"
"BART_018","32.4.10","distributed","basePlot",44.058478,-71.277768,"WGS84","19N",317559.784,4880890.377,1.21,"GIS",313.62,0.36,"mixedForest","div",20140101,20201020,"BART"
"BART_018","33","distributed","basePlot",44.058403,-71.277745,"WGS84","19N",317561.365,4880881.958,0.21,"GeoXH 6000",313.62,0.36,"mixedForest","cdw|cfc|dhp|hbp|vst",20140101,20201020,"BART"
"BART_018","40","distributed","basePlot",44.058483,-71.27791,"WGS84","19N",317548.407,4880891.263,2.3,"GIS",319.27,0.46,"mixedForest","div",20140101,20201020,"BART"
"BART_018","40.1.1","distributed","basePlot",44.058442,-71.277965,"WGS84","19N",317543.907,4880886.763,0.55,"GIS",319.27,0.46,"mixedForest","div",20140101,20201020,"BART"
"BART_018","40.1.10","distributed","basePlot",44.058452,-71.277952,"WGS84","19N",317544.988,4880887.844,1.3,"GIS",319.27,0.46,"mixedForest","div",20140101,20201020,"BART"
"BART_018","40.3.1","distributed","basePlot",44.058523,-71.277968,"WGS84","19N",317543.907,4880895.763,0.55,"GIS",319.27,0.46,"mixedForest","div",20140101,20201020,"BART"
"BART_018","40.3.10","distributed","basePlot",44.058513,-71.277954,"WGS84","19N",317544.988,4880894.682,1.3,"GIS",319.27,0.46,"mixedForest","div",20140101,20201020,"BART"
"BART_018","49","distributed","basePlot",44.058527,-71.277974,"WGS84","19N",317543.407,4880896.263,0.3,"GeoXH 6000",319.27,0.46,"mixedForest","cdw|cfc|dhp|hbp|vst",20140101,20201020,"BART"
"BART_018","57","distributed","basePlot",44.058637,-71.278147,"WGS84","19N",317529.921,4880908.805,0.27,"GeoXH 6000",316.45,0.41,"mixedForest","cdw|cfc|dhp|hbp|vst",20140101,20201020,"BART"
"BART_019","25","distributed","tickPlot",44.069167,-71.287714,"WGS84","19N",316796.145,4882099.698,0.2,"GeoXH 6000",239.71,0.34,"mixedForest","tck",20140101,20201022,"BART"
"BART_019","57","distributed","tickPlot",44.069557,-71.2883,"WGS84","19N",316750.392,4882144.296,0.2,"GeoXH 6000",229.12,0.29,"mixedForest","tck",20140101,20201022,"BART"
"BART_019","61","distributed","tickPlot",44.069503,-71.287737,"WGS84","19N",316795.274,4882137.014,0.16,"GeoXH 6000",239.92,0.2,"mixedForest","tck",20140101,20201022,"BART"
"BART_031","31","distributed","basePlot",44.055507,-71.305176,"WGS84","19N",315355.223,4880621.477,2.24,"GIS",420.25,0.3,"evergreenForest","div",20140101,20201020,"BART"
"BART_031","31.1.1","distributed","basePlot",44.055466,-71.305231,"WGS84","19N",315350.723,4880616.977,0.49,"GIS",420.25,0.3,"evergreenForest","div",20140101,20201020,"BART"
"BART_031","31.1.10","distributed","basePlot",44.055476,-71.305218,"WGS84","19N",315351.804,4880618.058,1.24,"GIS",420.25,0.3,"evergreenForest","div",20140101,20201020,"BART"
"BART_031","40","distributed","basePlot",44.055581,-71.305153,"WGS84","19N",315357.267,4880629.646,2.19,"GIS",409.02,0.26,"evergreenForest","div",20140101,20201020,"BART"
"BART_031","40.1.1","distributed","basePlot",44.05554,-71.305208,"WGS84","19N",315352.767,4880625.146,0.44,"GIS",409.02,0.26,"evergreenForest","div",20140101,20201020,"BART"
"BART_031","40.1.10","distributed","basePlot",44.05555,-71.305195,"WGS84","19N",315353.848,4880626.227,1.19,"GIS",409.02,0.26,"evergreenForest","div",20140101,20201020,"BART"
"BART_031","40.3.1","distributed","basePlot",44.055621,-71.305211,"WGS84","19N",315352.767,4880634.146,0.44,"GIS",409.02,0.26,"evergreenForest","div",20140101,20201020,"BART"
"BART_031","40.3.10","distributed","basePlot",44.055611,-71.305197,"WGS84","19N",315353.848,4880633.065,1.19,"GIS",409.02,0.26,"evergreenForest","div",20140101,20201020,"BART"
"BART_031","41.4.1","distributed","basePlot",44.055614,-71.305019,"WGS84","19N",315368.133,4880633.022,0.47,"GIS",413.38,0.31,"evergreenForest","div",20140101,20201020,"BART"
"BART_031","41.4.10","distributed","basePlot",44.055604,-71.305032,"WGS84","19N",315367.052,4880631.941,1.22,"GIS",413.38,0.31,"evergreenForest","div",20140101,20201020,"BART"
"BART_032","43","tower","basePlot",44.067473,-71.287329,"WGS84","19N",316821.744,4881910.708,0.16,"GeoXH 6000",246.14,0.25,"deciduousForest","bbc|cdw|cfc|dhp|hbp|ltr|vst",20140101,20201022,"BART"
"BART_032","59","tower","basePlot",44.067656,-71.287598,"WGS84","19N",316800.754,4881931.566,0.18,"GeoXH 6000",247.07,0.27,"deciduousForest","bbc|cdw|cfc|dhp|hbp|ltr|vst",20140101,20201022,"BART"
"BART_032","61","tower","basePlot",44.067661,-71.28731,"WGS84","19N",316823.858,4881931.503,0.21,"GeoXH 6000",244.67,0.27,"deciduousForest","bbc|cdw|cfc|dhp|hbp|ltr|vst",20140101,20201022,"BART"
"BART_034","61","tower","basePlot",44.064459,-71.285359,"WGS84","19N",316970.226,4881571.529,0.17,"GeoXH 6000",266.34,0.21,"mixedForest","bbc|cdw|cfc|dhp|hbp|ltr|vst",20140101,20201022,"BART"
"BART_046","39","tower","basePlot",44.059952,-71.285675,"WGS84","19N",316930.962,4881071.617,0.17,"GeoXH 6000",298.46,0.21,"deciduousForest","bbc|cdw|cfc|dhp|hbp|ltr|vst",20140101,20201022,"BART"
"BART_080","32","distributed","basePlot",44.047346,-71.31967,"WGS84","19N",314168.68,4879747.63,2.17,"GIS",624.72,0.26,"deciduousForest","div",20150101,20201019,"BART"
"BART_080","32.2.1","distributed","basePlot",44.047307,-71.319613,"WGS84","19N",314173.18,4879743.13,0.42,"GIS",624.72,0.26,"deciduousForest","div",20150101,20201019,"BART"
"BART_080","32.2.10","distributed","basePlot",44.047316,-71.319627,"WGS84","19N",314172.099,4879744.211,1.17,"GIS",624.72,0.26,"deciduousForest","div",20150101,20201019,"BART"
"BART_080","32.4.1","distributed","basePlot",44.047388,-71.319616,"WGS84","19N",314173.18,4879752.13,0.42,"GIS",624.72,0.26,"deciduousForest","div",20150101,20201019,"BART"
"BART_080","32.4.10","distributed","basePlot",44.047378,-71.319629,"WGS84","19N",314172.099,4879751.049,1.17,"GIS",624.72,0.26,"deciduousForest","div",20150101,20201019,"BART"
"BART_080","40","distributed","basePlot",44.047422,-71.319805,"WGS84","19N",314158.12,4879756.375,2.14,"GIS",631.89,0.18,"deciduousForest","div",20150101,20201019,"BART"
"BART_080","40.1.1","distributed","basePlot",44.047381,-71.31986,"WGS84","19N",314153.62,4879751.875,0.39,"GIS",631.89,0.18,"deciduousForest","div",20150101,20201019,"BART"
"BART_080","40.1.10","distributed","basePlot",44.047391,-71.319847,"WGS84","19N",314154.701,4879752.956,1.14,"GIS",631.89,0.18,"deciduousForest","div",20150101,20201019,"BART"
"BART_080","40.3.1","distributed","basePlot",44.047462,-71.319863,"WGS84","19N",314153.62,4879760.875,0.39,"GIS",631.89,0.18,"deciduousForest","div",20150101,20201019,"BART"
"BART_080","40.3.10","distributed","basePlot",44.047452,-71.319849,"WGS84","19N",314154.701,4879759.794,1.14,"GIS",631.89,0.18,"deciduousForest","div",20150101,20201019,"BART"
"BART_080","41.4.1","distributed","basePlot",44.047457,-71.31964,"WGS84","19N",314171.442,4879759.801,0.42,"GIS",631.56,0.26,"deciduousForest","div",20150101,20201019,"BART"
"BART_080","41.4.10","distributed","basePlot",44.047447,-71.319653,"WGS84","19N",314170.361,4879758.72,1.17,"GIS",631.56,0.26,"deciduousForest","div",20150101,20201019,"BART"
"DEJU_017","E10","distributed","mammalGrid",63.881578,-145.7815,"WGS84","06N",559849,7084390,NA,"GIS",516.24,NA,"evergreenForest","mam",20100101,20230601,"DEJU"
"DEJU_017","E6","distributed","mammalGrid",63.881933,-145.781458,"WGS84","06N",559850,7084429,NA,"GIS",515.42,NA,"evergreenForest","mam",20100101,20230601,"DEJU"
"DEJU_017","E7","distributed","mammalGrid",63.881844,-145.781457,"WGS84","06N",559850,7084419,NA,"GIS",515.61,NA,"evergreenForest","mam",20100101,20230601,"DEJU"
"DEJU_017","E8","distributed","mammalGrid",63.881751,-145.781478,"WGS84","06N",559850,7084409,NA,"GIS",515.8,NA,"evergreenForest","mam",20100101,20230601,"DEJU"
"DEJU_017","E9","distributed","mammalGrid",63.881662,-145.78147,"WGS84","06N",559850,7084399,NA,"GIS",516.02,NA,"evergreenForest","mam",20100101,20230601,"DEJU"
"DSNY_001","25","distributed","basePlot",28.096522,-81.418375,"WGS84","17N",458900.813,3107965.337,0.1,"GeoXH 6000",20.74,0.11,"woodyWetlands","bgc|cdw|cfc|dhp|hbp|sme|vst",20120101,20230719,"DSNY"
"DSNY_001","57","distributed","basePlot",28.096875,-81.418786,"WGS84","17N",458860.538,3108004.645,0.1,"GeoXH 6000",20.6,0.1,"woodyWetlands","bgc|cdw|cfc|dhp|hbp|sme|vst",20120101,20230719,"DSNY"
"DSNY_001","61","distributed","basePlot",28.096874,-81.418382,"WGS84","17N",458900.315,3108004.329,0.1,"GeoXH 6000",20.9,0.12,"woodyWetlands","bgc|cdw|cfc|dhp|hbp|sme|vst",20120101,20230719,"DSNY"
"DSNY_002","32","distributed","basePlot",28.048202,-81.416827,"WGS84","17N",459034.553,3102612.072,2.1,"GIS",17.61,0.1,"woodyWetlands","div",20140101,20230802,"DSNY"
"DSNY_002","32.2.1","distributed","basePlot",28.048162,-81.416781,"WGS84","17N",459039.053,3102607.572,0.35,"GIS",17.61,0.1,"woodyWetlands","div",20140101,20230802,"DSNY"
"DSNY_002","32.2.10","distributed","basePlot",28.048172,-81.416792,"WGS84","17N",459037.972,3102608.653,1.1,"GIS",17.61,0.1,"woodyWetlands","div",20140101,20230802,"DSNY"
"DSNY_002","32.4.1","distributed","basePlot",28.048243,-81.416782,"WGS84","17N",459039.053,3102616.572,0.35,"GIS",17.61,0.1,"woodyWetlands","div",20140101,20230802,"DSNY"
"DSNY_002","32.4.10","distributed","basePlot",28.048233,-81.416792,"WGS84","17N",459037.972,3102615.491,1.1,"GIS",17.61,0.1,"woodyWetlands","div",20140101,20230802,"DSNY"
"DSNY_002","33","distributed","basePlot",28.048157,-81.416776,"WGS84","17N",459039.553,3102607.072,0.1,"GeoXH 6000",17.61,0.1,"woodyWetlands","cdw|cfc|dhp|hbp|vst",20140101,20230802,"DSNY"
"DSNY_002","40","distributed","basePlot",28.048289,-81.416936,"WGS84","17N",459023.88,3102621.691,2.1,"GIS",17.73,0.1,"woodyWetlands","div",20140101,20230802,"DSNY"
"DSNY_002","40.1.1","distributed","basePlot",28.048248,-81.416982,"WGS84","17N",459019.38,3102617.191,0.35,"GIS",17.73,0.1,"woodyWetlands","div",20140101,20230802,"DSNY"
"DSNY_002","40.1.10","distributed","basePlot",28.048258,-81.416971,"WGS84","17N",459020.461,3102618.272,1.1,"GIS",17.73,0.1,"woodyWetlands","div",20140101,20230802,"DSNY"
"DSNY_002","40.3.1","distributed","basePlot",28.048329,-81.416982,"WGS84","17N",459019.38,3102626.191,0.35,"GIS",17.73,0.1,"woodyWetlands","div",20140101,20230802,"DSNY"
"DSNY_002","40.3.10","distributed","basePlot",28.04832,-81.416971,"WGS84","17N",459020.461,3102625.11,1.1,"GIS",17.73,0.1,"woodyWetlands","div",20140101,20230802,"DSNY"
"DSNY_002","41.4.1","distributed","basePlot",28.048333,-81.416788,"WGS84","17N",459038.476,3102626.524,0.35,"GIS",17.52,0.1,"woodyWetlands","div",20140101,20230802,"DSNY"
"DSNY_002","41.4.10","distributed","basePlot",28.048323,-81.416799,"WGS84","17N",459037.395,3102625.443,1.1,"GIS",17.52,0.1,"woodyWetlands","div",20140101,20230802,"DSNY"
"DSNY_002","49","distributed","basePlot",28.048334,-81.416987,"WGS84","17N",459018.88,3102626.691,0.1,"GeoXH 6000",17.73,0.1,"woodyWetlands","cdw|cfc|dhp|hbp|vst",20140101,20230802,"DSNY"
"DSNY_002","51","distributed","basePlot",28.048337,-81.416783,"WGS84","17N",459038.976,3102627.024,0.1,"GeoXH 6000",17.52,0.1,"woodyWetlands","cdw|cfc|dhp|hbp|vst",20140101,20230802,"DSNY"
"DSNY_003","57","distributed","basePlot",28.074396,-81.425733,"WGS84","17N",458169.407,3105516.777,0.1,"GeoXH 6000",18.71,0.1,"woodyWetlands","bgc|cdw|cfc|dhp|hbp|sme|vst",20140101,20201209,"DSNY"
"DSNY_003","61","distributed","basePlot",28.074363,-81.425319,"WGS84","17N",458210.118,3105512.988,0.1,"GeoXH 6000",18.78,0.11,"woodyWetlands","bgc|cdw|cfc|dhp|hbp|sme|vst",20140101,20201209,"DSNY"
"DSNY_005","21","distributed","basePlot",28.039442,-81.393518,"WGS84","17N",461322.216,3101633.986,0.1,"GeoXH 6000",18.97,0.1,"woodyWetlands","bgc|cdw|cfc|dhp|hbp|sme|vst",20130101,20201208,"DSNY"
"DSNY_005","21","distributed","basePlot",28.039461,-81.393521,"WGS84","17N",461321.925,3101636.099,2.57,"GeoXH 6000",14.85,4.06,"woodyWetlands","bgc|cdw|cfc|dhp|hbp|sme|vst",20130101,20220913,"DSNY"
"DSNY_005","25","distributed","basePlot",28.039441,-81.393106,"WGS84","17N",461362.772,3101633.719,0.11,"GeoXH 6000",19.23,0.14,"woodyWetlands","bgc|cdw|cfc|dhp|hbp|sme|vst",20130101,20201208,"DSNY"
"DSNY_005","25","distributed","basePlot",28.039462,-81.393113,"WGS84","17N",461362.036,3101636.049,2.74,"GeoXH 6000",14.05,4.12,"woodyWetlands","bgc|cdw|cfc|dhp|hbp|sme|vst",20130101,20220913,"DSNY"
"DSNY_005","31","distributed","basePlot",28.039552,-81.393417,"WGS84","17N",461332.225,3101646.168,0.1,"GeoXH 6000",19.46,0.1,"woodyWetlands","bgc|cdw|cfc|dhp|hbp|sme|vst",20130101,20220913,"DSNY"
"DSNY_005","31","distributed","basePlot",28.039597,-81.393366,"WGS84","17N",461337.225,3101651.168,2.1,"GIS",19.46,0.1,"woodyWetlands","div",20130101,20220913,"DSNY"
"DSNY_005","31.1.1","distributed","basePlot",28.039557,-81.393412,"WGS84","17N",461332.725,3101646.668,0.35,"GIS",19.46,0.1,"woodyWetlands","div",20130101,20220913,"DSNY"
"DSNY_005","31.1.10","distributed","basePlot",28.039566,-81.393401,"WGS84","17N",461333.806,3101647.749,1.1,"GIS",19.46,0.1,"woodyWetlands","div",20130101,20220913,"DSNY"
"DSNY_005","32","distributed","basePlot",28.039596,-81.39327,"WGS84","17N",461346.713,3101651.018,2.1,"GIS",19.34,0.1,"woodyWetlands","div",20130101,20220913,"DSNY"
"DSNY_005","32.2.1","distributed","basePlot",28.039556,-81.393224,"WGS84","17N",461351.213,3101646.518,0.35,"GIS",19.34,0.1,"woodyWetlands","div",20130101,20220913,"DSNY"
"DSNY_005","32.2.10","distributed","basePlot",28.039565,-81.393235,"WGS84","17N",461350.132,3101647.599,1.1,"GIS",19.34,0.1,"woodyWetlands","div",20130101,20220913,"DSNY"
"DSNY_005","32.4.1","distributed","basePlot",28.039637,-81.393224,"WGS84","17N",461351.213,3101655.518,0.35,"GIS",19.34,0.1,"woodyWetlands","div",20130101,20220913,"DSNY"
"DSNY_005","32.4.10","distributed","basePlot",28.039627,-81.393235,"WGS84","17N",461350.132,3101654.437,1.1,"GIS",19.34,0.1,"woodyWetlands","div",20130101,20220913,"DSNY"
"DSNY_005","33","distributed","basePlot",28.039551,-81.393219,"WGS84","17N",461351.713,3101646.018,0.1,"GeoXH 6000",19.34,0.1,"woodyWetlands","bgc|cdw|cfc|dhp|hbp|sme|vst",20130101,20220913,"DSNY"
"DSNY_005","40","distributed","basePlot",28.03969,-81.393367,"WGS84","17N",461337.133,3101661.431,2.1,"GIS",19.47,0.1,"woodyWetlands","div",20130101,20220913,"DSNY"
"DSNY_005","40.1.1","distributed","basePlot",28.039649,-81.393413,"WGS84","17N",461332.633,3101656.931,0.35,"GIS",19.47,0.1,"woodyWetlands","div",20130101,20220913,"DSNY"
"DSNY_005","40.1.10","distributed","basePlot",28.039659,-81.393402,"WGS84","17N",461333.714,3101658.012,1.1,"GIS",19.47,0.1,"woodyWetlands","div",20130101,20220913,"DSNY"
"DSNY_005","40.3.1","distributed","basePlot",28.03973,-81.393413,"WGS84","17N",461332.633,3101665.931,0.35,"GIS",19.47,0.1,"woodyWetlands","div",20130101,20220913,"DSNY"
"DSNY_005","40.3.10","distributed","basePlot",28.039721,-81.393402,"WGS84","17N",461333.714,3101664.85,1.1,"GIS",19.47,0.1,"woodyWetlands","div",20130101,20220913,"DSNY"
"DSNY_005","41.4.1","distributed","basePlot",28.03972,-81.393216,"WGS84","17N",461352.067,3101664.718,0.35,"GIS",19.38,0.1,"woodyWetlands","div",20130101,20220913,"DSNY"
"DSNY_005","41.4.10","distributed","basePlot",28.03971,-81.393227,"WGS84","17N",461350.986,3101663.637,1.1,"GIS",19.38,0.1,"woodyWetlands","div",20130101,20220913,"DSNY"
"DSNY_005","49","distributed","basePlot",28.039735,-81.393418,"WGS84","17N",461332.133,3101666.431,0.1,"GeoXH 6000",19.47,0.1,"woodyWetlands","bgc|cdw|cfc|dhp|hbp|sme|vst",20130101,20220913,"DSNY"
"DSNY_005","51","distributed","basePlot",28.039725,-81.393211,"WGS84","17N",461352.567,3101665.218,0.1,"GeoXH 6000",19.38,0.1,"woodyWetlands","bgc|cdw|cfc|dhp|hbp|sme|vst",20130101,20220913,"DSNY"
"DSNY_005","57","distributed","basePlot",28.039828,-81.393516,"WGS84","17N",461322.542,3101676.731,0.11,"GeoXH 6000",19.07,0.16,"woodyWetlands","bgc|cdw|cfc|dhp|hbp|sme|vst",20130101,20201208,"DSNY"
"DSNY_005","57","distributed","basePlot",28.039815,-81.39353,"WGS84","17N",461321.189,3101675.361,2.58,"GeoXH 6000",15.86,4.1,"woodyWetlands","bgc|cdw|cfc|dhp|hbp|sme|vst",20130101,20220913,"DSNY"
"DSNY_005","61","distributed","basePlot",28.039798,-81.393107,"WGS84","17N",461362.807,3101673.314,0.1,"GeoXH 6000",19.24,0.1,"woodyWetlands","bgc|cdw|cfc|dhp|hbp|sme|vst",20130101,20201208,"DSNY"
"DSNY_005","61","distributed","basePlot",28.039816,-81.393115,"WGS84","17N",461361.968,3101675.271,2.56,"GeoXH 6000",15.29,3.9,"woodyWetlands","bgc|cdw|cfc|dhp|hbp|sme|vst",20130101,20220913,"DSNY"
"DSNY_006","40","distributed","basePlot",28.09301,-81.399388,"WGS84","17N",460764.721,3107569.977,2.1,"GIS",20.75,0.1,"woodyWetlands","div",20130101,20201210,"DSNY"
"DSNY_006","40.1.1","distributed","basePlot",28.092969,-81.399434,"WGS84","17N",460760.221,3107565.477,0.35,"GIS",20.75,0.1,"woodyWetlands","div",20130101,20201210,"DSNY"
"DSNY_006","40.1.10","distributed","basePlot",28.092979,-81.399423,"WGS84","17N",460761.302,3107566.558,1.1,"GIS",20.75,0.1,"woodyWetlands","div",20130101,20201210,"DSNY"
"DSNY_006","40.3.1","distributed","basePlot",28.09305,-81.399434,"WGS84","17N",460760.221,3107574.477,0.35,"GIS",20.75,0.1,"woodyWetlands","div",20130101,20201210,"DSNY"
"DSNY_006","40.3.10","distributed","basePlot",28.09304,-81.399423,"WGS84","17N",460761.302,3107573.396,1.1,"GIS",20.75,0.1,"woodyWetlands","div",20130101,20201210,"DSNY"
"DSNY_006","49","distributed","basePlot",28.093055,-81.399439,"WGS84","17N",460759.721,3107574.977,0.1,"GeoXH 6000",20.75,0.1,"woodyWetlands","bgc|cdw|cfc|dhp|hbp|sme|vst",20130101,20201210,"DSNY"
"DSNY_006","61","distributed","basePlot",28.093144,-81.399127,"WGS84","17N",460790.458,3107584.807,0.1,"GeoXH 6000",18.91,0.1,"woodyWetlands","bgc|cdw|cfc|dhp|hbp|sme|vst",20130101,20201210,"DSNY"
"DSNY_009","25","distributed","basePlot",28.072938,-81.428355,"WGS84","17N",457911.211,3105356.179,0.1,"GeoXH 6000",18.8,0.1,"pastureHay","bgc|cdw|cfc|dhp|hbp|sme|vst",20130101,20201209,"DSNY"
"DSNY_009","32","distributed","basePlot",28.073072,-81.428509,"WGS84","17N",457896.161,3105371.075,2.1,"GIS",18.87,0.1,"pastureHay","div",20130101,20201208,"DSNY"
"DSNY_009","32.2.1","distributed","basePlot",28.073032,-81.428463,"WGS84","17N",457900.661,3105366.575,0.35,"GIS",18.87,0.1,"pastureHay","div",20130101,20201208,"DSNY"
"DSNY_009","32.2.10","distributed","basePlot",28.073041,-81.428474,"WGS84","17N",457899.58,3105367.656,1.1,"GIS",18.87,0.1,"pastureHay","div",20130101,20201208,"DSNY"
"DSNY_009","32.4.1","distributed","basePlot",28.073113,-81.428463,"WGS84","17N",457900.661,3105375.575,0.35,"GIS",18.87,0.1,"pastureHay","div",20130101,20201208,"DSNY"
"DSNY_009","32.4.10","distributed","basePlot",28.073103,-81.428474,"WGS84","17N",457899.58,3105374.494,1.1,"GIS",18.87,0.1,"pastureHay","div",20130101,20201208,"DSNY"
"DSNY_009","33","distributed","basePlot",28.073027,-81.428458,"WGS84","17N",457901.161,3105366.075,0.1,"GeoXH 6000",18.87,0.1,"pastureHay","bgc|cdw|cfc|dhp|hbp|sme|vst",20130101,20201208,"DSNY"
"DSNY_009","40","distributed","basePlot",28.073154,-81.428615,"WGS84","17N",457885.726,3105380.181,2.1,"GIS",18.91,0.1,"pastureHay","div",20130101,20201208,"DSNY"
"DSNY_009","40.1.1","distributed","basePlot",28.073113,-81.428661,"WGS84","17N",457881.226,3105375.681,0.35,"GIS",18.91,0.1,"pastureHay","div",20130101,20201208,"DSNY"
"DSNY_009","40.1.10","distributed","basePlot",28.073123,-81.42865,"WGS84","17N",457882.307,3105376.762,1.1,"GIS",18.91,0.1,"pastureHay","div",20130101,20201208,"DSNY"
"DSNY_009","40.3.1","distributed","basePlot",28.073194,-81.428661,"WGS84","17N",457881.226,3105384.681,0.35,"GIS",18.91,0.1,"pastureHay","div",20130101,20201208,"DSNY"
"DSNY_009","40.3.10","distributed","basePlot",28.073185,-81.42865,"WGS84","17N",457882.307,3105383.6,1.1,"GIS",18.91,0.1,"pastureHay","div",20130101,20201208,"DSNY"
"DSNY_009","41.4.1","distributed","basePlot",28.073211,-81.428477,"WGS84","17N",457899.349,3105386.451,0.35,"GIS",18.94,0.1,"pastureHay","div",20130101,20201208,"DSNY"
"DSNY_009","41.4.10","distributed","basePlot",28.073201,-81.428488,"WGS84","17N",457898.268,3105385.37,1.1,"GIS",18.94,0.1,"pastureHay","div",20130101,20201208,"DSNY"
"DSNY_009","49","distributed","basePlot",28.073199,-81.428666,"WGS84","17N",457880.726,3105385.181,0.1,"GeoXH 6000",18.91,0.1,"pastureHay","bgc|cdw|cfc|dhp|hbp|sme|vst",20130101,20201208,"DSNY"
"DSNY_009","51","distributed","basePlot",28.073215,-81.428472,"WGS84","17N",457899.849,3105386.951,0.1,"GeoXH 6000",18.94,0.1,"pastureHay","bgc|cdw|cfc|dhp|hbp|sme|vst",20130101,20201208,"DSNY"
"DSNY_009","57","distributed","basePlot",28.073292,-81.428765,"WGS84","17N",457871.084,3105395.571,0.1,"GeoXH 6000",18.68,0.1,"pastureHay","bgc|cdw|cfc|dhp|hbp|sme|vst",20130101,20201208,"DSNY"
"DSNY_009","61","distributed","basePlot",28.073308,-81.428367,"WGS84","17N",457910.162,3105397.112,0.1,"GeoXH 6000",18.7,0.1,"pastureHay","bgc|cdw|cfc|dhp|hbp|sme|vst",20130101,20201209,"DSNY"
"DSNY_011","31","distributed","basePlot",28.070709,-81.384083,"WGS84","17N",462260.522,3105094.711,0.22,"GeoXH 6000",20.32,0.42,"woodyWetlands","cdw|cfc|dhp|hbp|vst",20140101,20230402,"DSNY"
"DSNY_011","33","distributed","basePlot",28.070713,-81.383865,"WGS84","17N",462281.932,3105095.121,0.29,"GeoXH 6000",19.77,0.54,"woodyWetlands","cdw|cfc|dhp|hbp|vst",20140101,20230402,"DSNY"
"DSNY_011","49","distributed","basePlot",28.070906,-81.384049,"WGS84","17N",462263.927,3105116.56,0.24,"GeoXH 6000",20.04,0.59,"woodyWetlands","cdw|cfc|dhp|hbp|vst",20140101,20230402,"DSNY"
"DSNY_011","51","distributed","basePlot",28.070879,-81.38386,"WGS84","17N",462282.505,3105113.458,0.25,"GeoXH 6000",18.69,0.28,"woodyWetlands","cdw|cfc|dhp|hbp|vst",20140101,20230402,"DSNY"
"DSNY_016","21","distributed","basePlot",28.043773,-81.393833,"WGS84","17N",461292.86,3102113.894,0.1,"GeoXH 6000",19.57,0.1,"pastureHay","cdw|cfc|dhp|hbp|vst",20140101,20230118,"DSNY"
"DSNY_016","25","distributed","basePlot",28.043768,-81.39341,"WGS84","17N",461334.44,3102113.191,0.13,"GeoXH 6000",19.44,0.17,"pastureHay","cdw|cfc|dhp|hbp|vst",20140101,20230118,"DSNY"
"DSNY_016","31","distributed","basePlot",28.04386,-81.393741,"WGS84","17N",461301.886,3102123.513,0.1,"GeoXH 6000",19.82,0.1,"pastureHay","cdw|cfc|dhp|hbp|vst",20140101,20230118,"DSNY"
"DSNY_016","33","distributed","basePlot",28.043856,-81.39354,"WGS84","17N",461321.625,3102122.956,0.1,"GeoXH 6000",19.71,0.1,"pastureHay","cdw|cfc|dhp|hbp|vst",20140101,20230118,"DSNY"
"DSNY_016","41","distributed","basePlot",28.043948,-81.393638,"WGS84","17N",461312.059,3102133.163,0.1,"GeoXH 6000",19.69,0.1,"pastureHay","cdw|cfc|dhp|hbp|vst",20140101,20230118,"DSNY"
"DSNY_016","49","distributed","basePlot",28.044041,-81.393738,"WGS84","17N",461302.267,3102143.512,0.1,"GeoXH 6000",19.8,0.1,"pastureHay","cdw|cfc|dhp|hbp|vst",20140101,20230118,"DSNY"
"DSNY_016","51","distributed","basePlot",28.044034,-81.393538,"WGS84","17N",461321.88,3102142.688,0.1,"GeoXH 6000",19.77,0.1,"pastureHay","cdw|cfc|dhp|hbp|vst",20140101,20230118,"DSNY"
"DSNY_016","57","distributed","basePlot",28.044139,-81.393824,"WGS84","17N",461293.828,3102154.387,0.1,"GeoXH 6000",19.52,0.1,"pastureHay","cdw|cfc|dhp|hbp|vst",20140101,20230118,"DSNY"
"DSNY_016","61","distributed","basePlot",28.044135,-81.393425,"WGS84","17N",461333.093,3102153.858,0.12,"GeoXH 6000",19.54,0.15,"pastureHay","cdw|cfc|dhp|hbp|vst",20140101,20230118,"DSNY"
"DSNY_017","31","distributed","basePlot",28.058193,-81.402977,"WGS84","17N",460399.45,3103714.274,0.1,"GeoXH 6000",20.25,0.1,"woodyWetlands","cdw|cfc|dhp|hbp|vst",20140101,20230802,"DSNY"
"DSNY_017","31","distributed","basePlot",28.058239,-81.402926,"WGS84","17N",460404.45,3103719.274,2.1,"GIS",20.25,0.1,"woodyWetlands","div",20140101,20230802,"DSNY"
"DSNY_017","31.1.1","distributed","basePlot",28.058198,-81.402971,"WGS84","17N",460399.95,3103714.774,0.35,"GIS",20.25,0.1,"woodyWetlands","div",20140101,20230802,"DSNY"
"DSNY_017","31.1.10","distributed","basePlot",28.058208,-81.402961,"WGS84","17N",460401.031,3103715.855,1.1,"GIS",20.25,0.1,"woodyWetlands","div",20140101,20230802,"DSNY"
"DSNY_017","32","distributed","basePlot",28.058236,-81.402828,"WGS84","17N",460414.066,3103718.919,2.1,"GIS",20.54,0.1,"woodyWetlands","div",20140101,20230802,"DSNY"
"DSNY_017","32.2.1","distributed","basePlot",28.058195,-81.402782,"WGS84","17N",460418.566,3103714.419,0.35,"GIS",20.54,0.1,"woodyWetlands","div",20140101,20230802,"DSNY"
"DSNY_017","32.2.10","distributed","basePlot",28.058205,-81.402793,"WGS84","17N",460417.485,3103715.5,1.1,"GIS",20.54,0.1,"woodyWetlands","div",20140101,20230802,"DSNY"
"DSNY_017","32.4.1","distributed","basePlot",28.058276,-81.402782,"WGS84","17N",460418.566,3103723.419,0.35,"GIS",20.54,0.1,"woodyWetlands","div",20140101,20230802,"DSNY"
"DSNY_017","32.4.10","distributed","basePlot",28.058267,-81.402793,"WGS84","17N",460417.485,3103722.338,1.1,"GIS",20.54,0.1,"woodyWetlands","div",20140101,20230802,"DSNY"
"DSNY_017","33","distributed","basePlot",28.058191,-81.402777,"WGS84","17N",460419.066,3103713.919,0.1,"GeoXH 6000",20.54,0.1,"woodyWetlands","cdw|cfc|dhp|hbp|vst",20140101,20230802,"DSNY"
"DSNY_017","40","distributed","basePlot",28.058328,-81.402924,"WGS84","17N",460404.678,3103729.181,2.1,"GIS",19.82,0.12,"woodyWetlands","div",20140101,20230802,"DSNY"
"DSNY_017","40.1.1","distributed","basePlot",28.058287,-81.40297,"WGS84","17N",460400.178,3103724.681,0.35,"GIS",19.82,0.12,"woodyWetlands","div",20140101,20230802,"DSNY"
"DSNY_017","40.1.10","distributed","basePlot",28.058297,-81.402959,"WGS84","17N",460401.259,3103725.762,1.1,"GIS",19.82,0.12,"woodyWetlands","div",20140101,20230802,"DSNY"
"DSNY_017","40.3.1","distributed","basePlot",28.058369,-81.40297,"WGS84","17N",460400.178,3103733.681,0.35,"GIS",19.82,0.12,"woodyWetlands","div",20140101,20230802,"DSNY"
"DSNY_017","40.3.10","distributed","basePlot",28.058359,-81.402959,"WGS84","17N",460401.259,3103732.6,1.1,"GIS",19.82,0.12,"woodyWetlands","div",20140101,20230802,"DSNY"
"DSNY_017","41.4.1","distributed","basePlot",28.058364,-81.402776,"WGS84","17N",460419.249,3103733.136,0.35,"GIS",19.97,0.1,"woodyWetlands","div",20140101,20230802,"DSNY"
"DSNY_017","41.4.10","distributed","basePlot",28.058354,-81.402787,"WGS84","17N",460418.168,3103732.055,1.1,"GIS",19.97,0.1,"woodyWetlands","div",20140101,20230802,"DSNY"
"DSNY_017","49","distributed","basePlot",28.058373,-81.402975,"WGS84","17N",460399.678,3103734.181,0.1,"GeoXH 6000",19.82,0.12,"woodyWetlands","cdw|cfc|dhp|hbp|vst",20140101,20230802,"DSNY"
"DSNY_017","51","distributed","basePlot",28.058369,-81.402771,"WGS84","17N",460419.749,3103733.636,0.1,"GeoXH 6000",19.97,0.1,"woodyWetlands","cdw|cfc|dhp|hbp|vst",20140101,20230802,"DSNY"
"DSNY_019","33","distributed","basePlot",28.074744,-81.394576,"WGS84","17N",461230.933,3105545.006,0.1,"GeoXH 6000",20.79,0.1,"woodyWetlands","cdw|cfc|dhp|hbp|vst",20140101,20230208,"DSNY"
"DSNY_019","51","distributed","basePlot",28.074924,-81.394568,"WGS84","17N",461231.762,3105564.988,0.1,"GeoXH 6000",20.9,0.1,"woodyWetlands","cdw|cfc|dhp|hbp|vst",20140101,20230208,"DSNY"
"DSNY_020","31","distributed","basePlot",28.097189,-81.407999,"WGS84","17N",459920.388,3108035.81,0.1,"GeoXH 6000",20.28,0.1,"woodyWetlands","cdw|cfc|dhp|hbp|vst",20140101,20230802,"DSNY"
"DSNY_020","31","distributed","basePlot",28.097235,-81.407948,"WGS84","17N",459925.388,3108040.81,2.1,"GIS",20.28,0.1,"woodyWetlands","div",20140101,20230802,"DSNY"
"DSNY_020","31.1.1","distributed","basePlot",28.097194,-81.407994,"WGS84","17N",459920.888,3108036.31,0.35,"GIS",20.28,0.1,"woodyWetlands","div",20140101,20230802,"DSNY"
"DSNY_020","31.1.10","distributed","basePlot",28.097204,-81.407983,"WGS84","17N",459921.969,3108037.391,1.1,"GIS",20.28,0.1,"woodyWetlands","div",20140101,20230802,"DSNY"
"DSNY_020","32","distributed","basePlot",28.097233,-81.407851,"WGS84","17N",459934.957,3108040.57,2.1,"GIS",20.43,0.1,"woodyWetlands","div",20140101,20230802,"DSNY"
"DSNY_020","32.2.1","distributed","basePlot",28.097192,-81.407805,"WGS84","17N",459939.457,3108036.07,0.35,"GIS",20.43,0.1,"woodyWetlands","div",20140101,20230802,"DSNY"
"DSNY_020","32.2.10","distributed","basePlot",28.097202,-81.407816,"WGS84","17N",459938.376,3108037.151,1.1,"GIS",20.43,0.1,"woodyWetlands","div",20140101,20230802,"DSNY"
"DSNY_020","32.4.1","distributed","basePlot",28.097273,-81.407805,"WGS84","17N",459939.457,3108045.07,0.35,"GIS",20.43,0.1,"woodyWetlands","div",20140101,20230802,"DSNY"
"DSNY_020","32.4.10","distributed","basePlot",28.097264,-81.407816,"WGS84","17N",459938.376,3108043.989,1.1,"GIS",20.43,0.1,"woodyWetlands","div",20140101,20230802,"DSNY"
"DSNY_020","33","distributed","basePlot",28.097188,-81.4078,"WGS84","17N",459939.957,3108035.57,0.1,"GeoXH 6000",20.43,0.1,"woodyWetlands","cdw|cfc|dhp|hbp|vst",20140101,20230802,"DSNY"
"DSNY_021","31","distributed","basePlot",28.052599,-81.393423,"WGS84","17N",461336.24,3103091.446,2.1,"GIS",19.9,0.1,"pastureHay","div",20140101,20230802,"DSNY"
"DSNY_021","31.1.1","distributed","basePlot",28.052558,-81.393469,"WGS84","17N",461331.74,3103086.946,0.35,"GIS",19.9,0.1,"pastureHay","div",20140101,20230802,"DSNY"
"DSNY_021","31.1.10","distributed","basePlot",28.052568,-81.393458,"WGS84","17N",461332.821,3103088.027,1.1,"GIS",19.9,0.1,"pastureHay","div",20140101,20230802,"DSNY"
"DSNY_021","40","distributed","basePlot",28.052682,-81.393423,"WGS84","17N",461336.342,3103100.684,2.1,"GIS",19.99,0.1,"pastureHay","div",20140101,20230802,"DSNY"
"DSNY_021","40.1.1","distributed","basePlot",28.052641,-81.393468,"WGS84","17N",461331.842,3103096.184,0.35,"GIS",19.99,0.1,"pastureHay","div",20140101,20230802,"DSNY"
"DSNY_021","40.1.10","distributed","basePlot",28.052651,-81.393457,"WGS84","17N",461332.923,3103097.265,1.1,"GIS",19.99,0.1,"pastureHay","div",20140101,20230802,"DSNY"
"DSNY_021","40.3.1","distributed","basePlot",28.052723,-81.393469,"WGS84","17N",461331.842,3103105.184,0.35,"GIS",19.99,0.1,"pastureHay","div",20140101,20230802,"DSNY"
"DSNY_021","40.3.10","distributed","basePlot",28.052713,-81.393458,"WGS84","17N",461332.923,3103104.103,1.1,"GIS",19.99,0.1,"pastureHay","div",20140101,20230802,"DSNY"
"DSNY_021","41.4.1","distributed","basePlot",28.052724,-81.393282,"WGS84","17N",461350.237,3103105.241,0.35,"GIS",19.8,0.1,"pastureHay","div",20140101,20230802,"DSNY"
"DSNY_021","41.4.10","distributed","basePlot",28.052714,-81.393292,"WGS84","17N",461349.156,3103104.16,1.1,"GIS",19.8,0.1,"pastureHay","div",20140101,20230802,"DSNY"
"DSNY_026","31","distributed","basePlot",28.119929,-81.423602,"WGS84","17N",458396.384,3110560.086,2.1,"GIS",19.39,0.1,"woodyWetlands","div",20140101,20230802,"DSNY"
"DSNY_026","31.1.1","distributed","basePlot",28.119888,-81.423648,"WGS84","17N",458391.884,3110555.586,0.35,"GIS",19.39,0.1,"woodyWetlands","div",20140101,20230802,"DSNY"
"DSNY_026","31.1.10","distributed","basePlot",28.119898,-81.423637,"WGS84","17N",458392.965,3110556.667,1.1,"GIS",19.39,0.1,"woodyWetlands","div",20140101,20230802,"DSNY"
"DSNY_026","32","distributed","basePlot",28.119937,-81.423505,"WGS84","17N",458405.888,3110560.939,2.24,"GIS",19.6,0.45,"woodyWetlands","div",20140101,20230802,"DSNY"
"DSNY_026","32.2.1","distributed","basePlot",28.119896,-81.423459,"WGS84","17N",458410.388,3110556.439,0.49,"GIS",19.6,0.45,"woodyWetlands","div",20140101,20230802,"DSNY"
"DSNY_026","32.2.10","distributed","basePlot",28.119906,-81.42347,"WGS84","17N",458409.307,3110557.52,1.24,"GIS",19.6,0.45,"woodyWetlands","div",20140101,20230802,"DSNY"
"DSNY_026","32.4.1","distributed","basePlot",28.119977,-81.423459,"WGS84","17N",458410.388,3110565.439,0.49,"GIS",19.6,0.45,"woodyWetlands","div",20140101,20230802,"DSNY"
"DSNY_026","32.4.10","distributed","basePlot",28.119968,-81.42347,"WGS84","17N",458409.307,3110564.358,1.24,"GIS",19.6,0.45,"woodyWetlands","div",20140101,20230802,"DSNY"
"DSNY_026","41.4.1","distributed","basePlot",28.120063,-81.423465,"WGS84","17N",458409.918,3110574.975,0.35,"GIS",19.55,0.17,"woodyWetlands","div",20140101,20230802,"DSNY"
"DSNY_026","41.4.10","distributed","basePlot",28.120054,-81.423476,"WGS84","17N",458408.837,3110573.894,1.1,"GIS",19.55,0.17,"woodyWetlands","div",20140101,20230802,"DSNY"
"DSNY_036","31","distributed","basePlot",28.060475,-81.3846,"WGS84","17N",462206.155,3103961.18,2.1,"GIS",19.63,0.1,"pastureHay","div",20140101,20230802,"DSNY"
"DSNY_036","31.1.1","distributed","basePlot",28.060434,-81.384645,"WGS84","17N",462201.655,3103956.68,0.35,"GIS",19.63,0.1,"pastureHay","div",20140101,20230802,"DSNY"
"DSNY_036","31.1.10","distributed","basePlot",28.060444,-81.384634,"WGS84","17N",462202.736,3103957.761,1.1,"GIS",19.63,0.1,"pastureHay","div",20140101,20230802,"DSNY"
"DSNY_036","31.4.1","distributed","basePlot",28.060512,-81.384558,"WGS84","17N",462210.232,3103965.297,0.35,"GIS",19.62,0.1,"pastureHay","div",20140101,20230802,"DSNY"
"DSNY_036","31.4.10","distributed","basePlot",28.060502,-81.384569,"WGS84","17N",462209.151,3103964.216,1.1,"GIS",19.62,0.1,"pastureHay","div",20140101,20230802,"DSNY"
"DSNY_036","32","distributed","basePlot",28.060472,-81.384502,"WGS84","17N",462215.776,3103960.784,2.1,"GIS",19.69,0.1,"pastureHay","div",20140101,20230802,"DSNY"
"DSNY_036","32.2.1","distributed","basePlot",28.060431,-81.384456,"WGS84","17N",462220.276,3103956.284,0.35,"GIS",19.69,0.1,"pastureHay","div",20140101,20230802,"DSNY"
"DSNY_036","32.2.10","distributed","basePlot",28.060441,-81.384467,"WGS84","17N",462219.195,3103957.365,1.1,"GIS",19.69,0.1,"pastureHay","div",20140101,20230802,"DSNY"
"DSNY_036","32.4.1","distributed","basePlot",28.060512,-81.384456,"WGS84","17N",462220.276,3103965.284,0.35,"GIS",19.69,0.1,"pastureHay","div",20140101,20230802,"DSNY"
"DSNY_036","32.4.10","distributed","basePlot",28.060503,-81.384467,"WGS84","17N",462219.195,3103964.203,1.1,"GIS",19.69,0.1,"pastureHay","div",20140101,20230802,"DSNY"
"DSNY_036","40","distributed","basePlot",28.060565,-81.3846,"WGS84","17N",462206.121,3103971.162,2.1,"GIS",19.61,0.1,"pastureHay","div",20140101,20230802,"DSNY"
"DSNY_036","40.1.1","distributed","basePlot",28.060524,-81.384646,"WGS84","17N",462201.621,3103966.662,0.35,"GIS",19.61,0.1,"pastureHay","div",20140101,20230802,"DSNY"
"DSNY_036","40.1.10","distributed","basePlot",28.060534,-81.384635,"WGS84","17N",462202.702,3103967.743,1.1,"GIS",19.61,0.1,"pastureHay","div",20140101,20230802,"DSNY"
"DSNY_036","40.3.1","distributed","basePlot",28.060605,-81.384646,"WGS84","17N",462201.621,3103975.662,0.35,"GIS",19.61,0.1,"pastureHay","div",20140101,20230802,"DSNY"
"DSNY_036","40.3.10","distributed","basePlot",28.060596,-81.384635,"WGS84","17N",462202.702,3103974.581,1.1,"GIS",19.61,0.1,"pastureHay","div",20140101,20230802,"DSNY"
"DSNY_036","41","distributed","basePlot",28.060562,-81.384503,"WGS84","17N",462215.732,3103970.797,2.1,"GIS",19.62,0.1,"pastureHay","div",20140101,20230802,"DSNY"
"DSNY_036","41.1.1","distributed","basePlot",28.060521,-81.384548,"WGS84","17N",462211.232,3103966.297,0.35,"GIS",19.62,0.1,"pastureHay","div",20140101,20230802,"DSNY"
"DSNY_036","41.1.10","distributed","basePlot",28.060531,-81.384537,"WGS84","17N",462212.313,3103967.378,1.1,"GIS",19.62,0.1,"pastureHay","div",20140101,20230802,"DSNY"
"DSNY_036","41.4.1","distributed","basePlot",28.060603,-81.384455,"WGS84","17N",462220.406,3103975.385,0.35,"GIS",19.66,0.1,"pastureHay","div",20140101,20230802,"DSNY"
"DSNY_036","41.4.10","distributed","basePlot",28.060594,-81.384466,"WGS84","17N",462219.325,3103974.304,1.1,"GIS",19.66,0.1,"pastureHay","div",20140101,20230802,"DSNY"
"DSNY_041","41.4.1","tower","basePlot",28.125166,-81.432654,"WGS84","17N",457509.407,3111143.374,0.35,"GIS",20.44,0.1,"pastureHay","div",20140101,20190117,"DSNY"
"DSNY_041","41.4.10","tower","basePlot",28.125156,-81.432665,"WGS84","17N",457508.326,3111142.293,1.1,"GIS",20.44,0.1,"pastureHay","div",20140101,20190117,"DSNY"
"DSNY_041","51","tower","basePlot",28.12517,-81.432649,"WGS84","17N",457509.907,3111143.874,0.1,"GeoXH 6000",20.44,0.1,"pastureHay","bbc|bgc|cdw|cfc|dhp|hbp|ltr|sme|vst",20140101,20190117,"DSNY"
"DSNY_041","61","tower","basePlot",28.12526,-81.432544,"WGS84","17N",457520.219,3111153.82,0.1,"GeoXH 6000",19.95,0.1,"pastureHay","bbc|bgc|cdw|cfc|dhp|hbp|ltr|sme|vst",20140101,20190117,"DSNY"
"DSNY_042","21","tower","basePlot",28.121951,-81.434151,"WGS84","17N",457361.059,3110787.819,0.1,"GeoXH 6000",19.53,0.11,"pastureHay","bbc|bgc|cdw|cfc|dhp|hbp|ltr|sme|vst",20150101,20190116,"DSNY"
"DSNY_042","57","tower","basePlot",28.12232,-81.434145,"WGS84","17N",457361.795,3110828.646,0.1,"GeoXH 6000",19.91,0.12,"pastureHay","bbc|bgc|cdw|cfc|dhp|hbp|ltr|sme|vst",20150101,20190116,"DSNY"
"DSNY_042","57","tower","basePlot",28.12232,-81.434145,"WGS84","17N",457361.795,3110828.646,0.1,"GeoXH 6000",19.91,0.12,"pastureHay","bbc|bgc|cdw|cfc|dhp|hbp|ltr|sme|vst",20150101,20190116,"DSNY"
"DSNY_043","21","tower","basePlot",28.123026,-81.435075,"WGS84","17N",457270.76,3110907.206,0.1,"GeoXH 6000",19.98,0.1,"pastureHay","bbc|bgc|cdw|cfc|dhp|hbp|ltr|sme|vst",20140101,20190116,"DSNY"
"DSNY_043","31","tower","basePlot",28.123114,-81.434972,"WGS84","17N",457280.913,3110916.882,0.1,"GeoXH 6000",20.24,0.1,"pastureHay","bbc|bgc|cdw|cfc|dhp|hbp|ltr|sme|vst",20140101,20190116,"DSNY"
"DSNY_043","31","tower","basePlot",28.123159,-81.434921,"WGS84","17N",457285.913,3110921.882,2.1,"GIS",20.24,0.1,"pastureHay","div",20140101,20190116,"DSNY"
"DSNY_043","31.1.1","tower","basePlot",28.123118,-81.434967,"WGS84","17N",457281.413,3110917.382,0.35,"GIS",20.24,0.1,"pastureHay","div",20140101,20190116,"DSNY"
"DSNY_043","31.1.10","tower","basePlot",28.123128,-81.434956,"WGS84","17N",457282.494,3110918.463,1.1,"GIS",20.24,0.1,"pastureHay","div",20140101,20190116,"DSNY"
"DSNY_043","41.4.1","tower","basePlot",28.123292,-81.434781,"WGS84","17N",457299.72,3110936.564,0.35,"GIS",20.34,0.1,"pastureHay","div",20140101,20190116,"DSNY"
"DSNY_043","41.4.10","tower","basePlot",28.123282,-81.434792,"WGS84","17N",457298.639,3110935.483,1.1,"GIS",20.34,0.1,"pastureHay","div",20140101,20190116,"DSNY"
"DSNY_043","51","tower","basePlot",28.123297,-81.434776,"WGS84","17N",457300.22,3110937.064,0.1,"GeoXH 6000",20.34,0.1,"pastureHay","bbc|bgc|cdw|cfc|dhp|hbp|ltr|sme|vst",20140101,20190116,"DSNY"
"DSNY_043","61","tower","basePlot",28.123389,-81.434672,"WGS84","17N",457310.468,3110947.268,0.1,"GeoXH 6000",20.35,0.14,"pastureHay","bbc|bgc|cdw|cfc|dhp|hbp|ltr|sme|vst",20140101,20190116,"DSNY"
"DSNY_047","31","tower","basePlot",28.125825,-81.432563,"WGS84","17N",457518.626,3111216.322,0.1,"GeoXH 6000",20.2,0.1,"pastureHay","bbc|cdw|cfc|dhp|hbp|ltr|vst",20120101,20230602,"DSNY"
"DSNY_047","33","tower","basePlot",28.12582,-81.432358,"WGS84","17N",457538.753,3111215.748,0.1,"GeoXH 6000",20.11,0.1,"pastureHay","bbc|cdw|cfc|dhp|hbp|ltr|vst",20120101,20230602,"DSNY"
"DSNY_047","49","tower","basePlot",28.126003,-81.432555,"WGS84","17N",457519.447,3111236.056,0.1,"GeoXH 6000",20.09,0.1,"pastureHay","bbc|cdw|cfc|dhp|hbp|ltr|vst",20120101,20230602,"DSNY"
"DSNY_047","51","tower","basePlot",28.125998,-81.432349,"WGS84","17N",457539.664,3111235.51,0.1,"GeoXH 6000",20.02,0.1,"pastureHay","bbc|cdw|cfc|dhp|hbp|ltr|vst",20120101,20230602,"DSNY"
"DSNY_048","31","tower","basePlot",28.124195,-81.433773,"WGS84","17N",457399.152,3111036.276,0.1,"GeoXH 6000",20.4,0.1,"pastureHay","bbc|cdw|cfc|dhp|hbp|ltr|vst",20120101,20230614,"DSNY"
"DSNY_048","33","tower","basePlot",28.124192,-81.433568,"WGS84","17N",457419.259,3111035.831,0.1,"GeoXH 6000",20.45,0.1,"pastureHay","bbc|cdw|cfc|dhp|hbp|ltr|vst",20120101,20230614,"DSNY"
"DSNY_049","31","tower","basePlot",28.12227,-81.434962,"WGS84","17N",457281.557,3110823.425,0.1,"GeoXH 6000",19.9,0.1,"pastureHay","bbc|cdw|cfc|dhp|hbp|ltr|vst",20140101,20230802,"DSNY"
"DSNY_049","49","tower","basePlot",28.12245,-81.434962,"WGS84","17N",457281.64,3110843.386,0.1,"GeoXH 6000",20.01,0.1,"pastureHay","bbc|cdw|cfc|dhp|hbp|ltr|vst",20140101,20230802,"DSNY"
"DSNY_050","33","tower","basePlot",28.127439,-81.432646,"WGS84","17N",457511.102,3111395.244,0.1,"GeoXH 6000",20.06,0.1,"pastureHay","bbc|cdw|cfc|dhp|hbp|ltr|vst",20140101,20230802,"DSNY"
"DSNY_050","51","tower","basePlot",28.127619,-81.432644,"WGS84","17N",457511.331,3111415.181,0.1,"GeoXH 6000",20.11,0.1,"pastureHay","bbc|cdw|cfc|dhp|hbp|ltr|vst",20140101,20230802,"DSNY"
"DSNY_051","31","tower","basePlot",28.125272,-81.431635,"WGS84","17N",457609.535,3111154.796,0.1,"GeoXH 6000",20.05,0.1,"pastureHay","bbc|cdw|cfc|dhp|hbp|ltr|vst",20120101,20230602,"DSNY"
"DSNY_051","33","tower","basePlot",28.125267,-81.431436,"WGS84","17N",457629.054,3111154.191,0.1,"GeoXH 6000",20.02,0.1,"pastureHay","bbc|cdw|cfc|dhp|hbp|ltr|vst",20120101,20230602,"DSNY"
"DSNY_051","49","tower","basePlot",28.125456,-81.431635,"WGS84","17N",457609.613,3111175.189,0.1,"GeoXH 6000",20.01,0.1,"pastureHay","bbc|cdw|cfc|dhp|hbp|ltr|vst",20120101,20230602,"DSNY"
"DSNY_051","51","tower","basePlot",28.125452,-81.431434,"WGS84","17N",457629.289,3111174.613,0.1,"GeoXH 6000",20.1,0.1,"pastureHay","bbc|cdw|cfc|dhp|hbp|ltr|vst",20120101,20230602,"DSNY"
"DSNY_052","31","tower","basePlot",28.127169,-81.434382,"WGS84","17N",457340.504,3111365.934,0.1,"GeoXH 6000",20.16,0.1,"pastureHay","bbc|cdw|cfc|dhp|hbp|ltr|vst",20120101,20230602,"DSNY"
"DSNY_052","33","tower","basePlot",28.127165,-81.43418,"WGS84","17N",457360.311,3111365.436,0.1,"GeoXH 6000",20.1,0.1,"pastureHay","bbc|cdw|cfc|dhp|hbp|ltr|vst",20120101,20230602,"DSNY"
"DSNY_052","49","tower","basePlot",28.127356,-81.434368,"WGS84","17N",457341.942,3111386.559,0.1,"GeoXH 6000",20.36,0.1,"pastureHay","bbc|cdw|cfc|dhp|hbp|ltr|vst",20120101,20230602,"DSNY"
"DSNY_052","51","tower","basePlot",28.127343,-81.434167,"WGS84","17N",457361.62,3111385.069,0.1,"GeoXH 6000",20.2,0.1,"pastureHay","bbc|cdw|cfc|dhp|hbp|ltr|vst",20120101,20230602,"DSNY"
"DSNY_053","49","tower","basePlot",28.128418,-81.43438,"WGS84","17N",457341.148,3111504.26,0.1,"GeoXH 6000",20.14,0.1,"pastureHay","bbc|cdw|cfc|dhp|hbp|ltr|vst",20130101,20230207,"DSNY"
"DSNY_055","31","tower","basePlot",28.126634,-81.433766,"WGS84","17N",457400.719,3111306.44,0.1,"GeoXH 6000",20.1,0.1,"pastureHay","bbc|cdw|cfc|dhp|hbp|ltr|vst",20120101,20230602,"DSNY"
"DSNY_055","33","tower","basePlot",28.126637,-81.433567,"WGS84","17N",457420.327,3111306.726,0.1,"GeoXH 6000",20.02,0.1,"pastureHay","bbc|cdw|cfc|dhp|hbp|ltr|vst",20120101,20230602,"DSNY"
"DSNY_055","49","tower","basePlot",28.126817,-81.433767,"WGS84","17N",457400.742,3111326.708,0.1,"GeoXH 6000",19.99,0.1,"pastureHay","bbc|cdw|cfc|dhp|hbp|ltr|vst",20120101,20230602,"DSNY"
"DSNY_055","51","tower","basePlot",28.126815,-81.433561,"WGS84","17N",457420.939,3111326.351,0.1,"GeoXH 6000",20.02,0.1,"pastureHay","bbc|cdw|cfc|dhp|hbp|ltr|vst",20120101,20230602,"DSNY"
"DSNY_057","41","tower","basePlot",28.122924,-81.435488,"WGS84","17N",457230.146,3110895.988,0.1,"GeoXH 6000",20.24,0.1,"pastureHay","bbc|cdw|cfc|dhp|hbp|ltr|vst",20140101,20230802,"DSNY"
"DSNY_057","49","tower","basePlot",28.123013,-81.435592,"WGS84","17N",457220.044,3110905.97,0.1,"GeoXH 6000",20.18,0.1,"pastureHay","bbc|cdw|cfc|dhp|hbp|ltr|vst",20140101,20230802,"DSNY"
"DSNY_058","31","tower","basePlot",28.126368,-81.432535,"WGS84","17N",457521.509,3111276.555,0.1,"GeoXH 6000",20.16,0.1,"pastureHay","bbc|cdw|cfc|dhp|hbp|ltr|vst",20120101,20230602,"DSNY"
"DSNY_058","33","tower","basePlot",28.126367,-81.432335,"WGS84","17N",457541.203,3111276.386,0.1,"GeoXH 6000",20.18,0.1,"pastureHay","bbc|cdw|cfc|dhp|hbp|ltr|vst",20120101,20230602,"DSNY"
"DSNY_058","49","tower","basePlot",28.126549,-81.432536,"WGS84","17N",457521.506,3111296.589,0.1,"GeoXH 6000",19.89,0.1,"pastureHay","bbc|cdw|cfc|dhp|hbp|ltr|vst",20120101,20230602,"DSNY"
"DSNY_058","51","tower","basePlot",28.126545,-81.432337,"WGS84","17N",457541.055,3111296.082,0.1,"GeoXH 6000",19.99,0.1,"pastureHay","bbc|cdw|cfc|dhp|hbp|ltr|vst",20120101,20230602,"DSNY"
"DSNY_059","31","tower","basePlot",28.124462,-81.434382,"WGS84","17N",457339.446,3111065.979,0.1,"GeoXH 6000",20.43,0.1,"pastureHay","bbc|cdw|cfc|dhp|hbp|ltr|vst",20120101,20230602,"DSNY"
"DSNY_059","33","tower","basePlot",28.124458,-81.434181,"WGS84","17N",457359.119,3111065.546,0.1,"GeoXH 6000",20.37,0.11,"pastureHay","bbc|cdw|cfc|dhp|hbp|ltr|vst",20120101,20230602,"DSNY"
"DSNY_059","51","tower","basePlot",28.124643,-81.434177,"WGS84","17N",457359.622,3111085.998,0.1,"GeoXH 6000",20.37,0.1,"pastureHay","bbc|cdw|cfc|dhp|hbp|ltr|vst",20120101,20230602,"DSNY"
"DSNY_060","31","tower","basePlot",28.127176,-81.433474,"WGS84","17N",457429.68,3111366.387,0.1,"GeoXH 6000",20.06,0.1,"pastureHay","bbc|cdw|cfc|dhp|hbp|ltr|vst",20120101,20230602,"DSNY"
"DSNY_060","33","tower","basePlot",28.127172,-81.433273,"WGS84","17N",457449.369,3111365.814,0.1,"GeoXH 6000",19.99,0.1,"pastureHay","bbc|cdw|cfc|dhp|hbp|ltr|vst",20120101,20230602,"DSNY"
"DSNY_060","49","tower","basePlot",28.127354,-81.433467,"WGS84","17N",457430.433,3111386.025,0.1,"GeoXH 6000",20.19,0.1,"pastureHay","bbc|cdw|cfc|dhp|hbp|ltr|vst",20120101,20230602,"DSNY"
"DSNY_060","51","tower","basePlot",28.127352,-81.433263,"WGS84","17N",457450.415,3111385.73,0.1,"GeoXH 6000",20.14,0.1,"pastureHay","bbc|cdw|cfc|dhp|hbp|ltr|vst",20120101,20230602,"DSNY"
"DSNY_062","31","tower","basePlot",28.122826,-81.433133,"WGS84","17N",457461.408,3110884.3,0.1,"GeoXH 6000",20.04,0.1,"pastureHay","bbc|cdw|cfc|dhp|ltr|vst",20140101,20230802,"DSNY"
"DSNY_062","33","tower","basePlot",28.122812,-81.43293,"WGS84","17N",457481.391,3110882.77,0.1,"GeoXH 6000",19.79,0.1,"pastureHay","bbc|cdw|cfc|dhp|ltr|vst",20140101,20230802,"DSNY"
"DSNY_062","49","tower","basePlot",28.123,-81.433124,"WGS84","17N",457462.376,3110903.654,0.1,"GeoXH 6000",20.07,0.1,"pastureHay","bbc|cdw|cfc|dhp|ltr|vst",20140101,20230802,"DSNY"
"DSNY_062","51","tower","basePlot",28.122998,-81.432925,"WGS84","17N",457481.972,3110903.295,0.1,"GeoXH 6000",19.78,0.1,"pastureHay","bbc|cdw|cfc|dhp|ltr|vst",20140101,20230802,"DSNY"
"DSNY_063","31","tower","basePlot",28.126636,-81.434382,"WGS84","17N",457340.31,3111306.826,0.1,"GeoXH 6000",19.93,0.1,"pastureHay","bbc|cdw|cfc|dhp|ltr|vst",20120101,20230602,"DSNY"
"DSNY_063","33","tower","basePlot",28.126628,-81.434176,"WGS84","17N",457360.458,3111305.907,0.1,"GeoXH 6000",19.97,0.1,"pastureHay","bbc|cdw|cfc|dhp|ltr|vst",20120101,20230602,"DSNY"
"DSNY_063","41","tower","basePlot",28.126727,-81.434274,"WGS84","17N",457350.906,3111316.86,0.1,"GeoXH 6000",19.9,0.1,"pastureHay","bbc|cdw|cfc|dhp|ltr|vst",20120101,20230602,"DSNY"
"DSNY_063","49","tower","basePlot",28.126818,-81.434369,"WGS84","17N",457341.639,3111327.011,0.1,"GeoXH 6000",19.76,0.1,"pastureHay","bbc|cdw|cfc|dhp|ltr|vst",20120101,20230602,"DSNY"
"DSNY_063","51","tower","basePlot",28.126806,-81.434165,"WGS84","17N",457361.636,3111325.617,0.1,"GeoXH 6000",19.77,0.1,"pastureHay","bbc|cdw|cfc|dhp|ltr|vst",20120101,20230602,"DSNY"
"DSNY_064","31","tower","basePlot",28.123924,-81.434679,"WGS84","17N",457309.98,3111006.485,0.1,"GeoXH 6000",20.33,0.1,"pastureHay","bbc|cdw|cfc|dhp|ltr|vst",20120101,20230602,"DSNY"
"DSNY_064","33","tower","basePlot",28.123917,-81.434483,"WGS84","17N",457329.322,3111005.647,0.1,"GeoXH 6000",20.28,0.1,"pastureHay","bbc|cdw|cfc|dhp|ltr|vst",20120101,20230602,"DSNY"
"DSNY_064","49","tower","basePlot",28.1241,-81.434677,"WGS84","17N",457310.3,3111025.98,0.1,"GeoXH 6000",20.44,0.1,"pastureHay","bbc|cdw|cfc|dhp|ltr|vst",20120101,20230602,"DSNY"
"DSNY_065","33","tower","basePlot",28.126912,-81.432036,"WGS84","17N",457570.733,3111336.564,0.1,"GeoXH 6000",19.9,0.1,"pastureHay","bbc|cdw|cfc|dhp|ltr|vst",20120101,20230602,"DSNY"
"DSNY_065","49","tower","basePlot",28.127081,-81.432244,"WGS84","17N",457550.398,3111355.439,0.1,"GeoXH 6000",19.79,0.1,"pastureHay","bbc|cdw|cfc|dhp|ltr|vst",20120101,20230602,"DSNY"
"DSNY_065","51","tower","basePlot",28.127089,-81.432047,"WGS84","17N",457569.799,3111356.223,0.1,"GeoXH 6000",19.92,0.1,"pastureHay","bbc|cdw|cfc|dhp|ltr|vst",20120101,20230602,"DSNY"
"DSNY_066","49","tower","basePlot",28.128416,-81.434996,"WGS84","17N",457280.649,3111504.229,0.1,"GeoXH 6000",20.35,0.1,"pastureHay","bbc|cdw|cfc|dhp|ltr|vst",20130101,20230207,"DSNY"
"DSNY_069","33","tower","basePlot",28.124176,-81.43295,"WGS84","17N",457479.962,3111033.887,0.1,"GeoXH 6000",20.13,0.1,"pastureHay","bbc|cdw|cfc|dhp|ltr|vst",20140101,20230802,"DSNY"
"DSNY_069","49","tower","basePlot",28.124358,-81.433148,"WGS84","17N",457460.526,3111054.109,0.1,"GeoXH 6000",20.21,0.1,"pastureHay","bbc|cdw|cfc|dhp|ltr|vst",20140101,20230802,"DSNY"
"DSNY_070","31","tower","basePlot",28.125284,-81.433465,"WGS84","17N",457429.793,3111156.752,0.1,"GeoXH 6000",20.37,0.1,"pastureHay","bbc|cdw|cfc|dhp|ltr|vst",20140101,20230802,"DSNY"
"DSNY_070","33","tower","basePlot",28.125286,-81.433259,"WGS84","17N",457449.987,3111156.92,0.1,"GeoXH 6000",20.26,0.1,"pastureHay","bbc|cdw|cfc|dhp|ltr|vst",20140101,20230802,"DSNY"
"DSNY_070","49","tower","basePlot",28.125463,-81.433461,"WGS84","17N",457430.257,3111176.596,0.1,"GeoXH 6000",20.33,0.1,"pastureHay","bbc|cdw|cfc|dhp|ltr|vst",20140101,20230802,"DSNY"
"DSNY_070","51","tower","basePlot",28.125462,-81.433255,"WGS84","17N",457450.488,3111176.37,0.1,"GeoXH 6000",20.26,0.1,"pastureHay","bbc|cdw|cfc|dhp|ltr|vst",20140101,20230802,"DSNY"
"GRSM_005","21","distributed","basePlot",35.6812,-83.398073,"WGS84","17N",282980.466,3951239.708,0.24,"Geo 7X (H-Star)",731.89,0.73,"deciduousForest","cdw|cfc|dhp|hbp|vst",20150101,20191119,"GRSM"
"GRSM_005","25","distributed","basePlot",35.681202,-83.397576,"WGS84","17N",283025.399,3951238.827,0.22,"Geo 7X (H-Star)",727.03,0.24,"deciduousForest","cdw|cfc|dhp|hbp|vst",20150101,20191119,"GRSM"
"GRSM_005","31","distributed","basePlot",35.681302,-83.397957,"WGS84","17N",282991.224,3951250.732,0.21,"Geo 7X (H-Star)",728.77,0.29,"deciduousForest","cdw|cfc|dhp|hbp|vst",20150101,20191119,"GRSM"
"GRSM_005","31","distributed","basePlot",35.681348,-83.397903,"WGS84","17N",282996.224,3951255.732,2.21,"GIS",728.77,0.29,"deciduousForest","div",20150101,20191119,"GRSM"
"GRSM_005","31.1.1","distributed","basePlot",35.681306,-83.397951,"WGS84","17N",282991.724,3951251.232,0.46,"GIS",728.77,0.29,"deciduousForest","div",20150101,20191119,"GRSM"
"GRSM_005","31.1.10","distributed","basePlot",35.681316,-83.39794,"WGS84","17N",282992.805,3951252.313,1.21,"GIS",728.77,0.29,"deciduousForest","div",20150101,20191119,"GRSM"
"GRSM_005","41.4.1","distributed","basePlot",35.681472,-83.397705,"WGS84","17N",283014.428,3951269.12,0.51,"GIS",731.48,0.36,"deciduousForest","div",20150101,20191119,"GRSM"
"GRSM_005","41.4.10","distributed","basePlot",35.681462,-83.397717,"WGS84","17N",283013.347,3951268.039,1.26,"GIS",731.48,0.36,"deciduousForest","div",20150101,20191119,"GRSM"
"GRSM_005","51","distributed","basePlot",35.681477,-83.3977,"WGS84","17N",283014.928,3951269.62,0.26,"Geo 7X (H-Star)",731.48,0.36,"deciduousForest","cdw|cfc|dhp|hbp|vst",20150101,20191119,"GRSM"
"GRSM_005","57","distributed","basePlot",35.681577,-83.398059,"WGS84","17N",282982.681,3951281.464,0.29,"Geo 7X (H-Star)",732.84,0.59,"deciduousForest","cdw|cfc|dhp|hbp|vst",20150101,20191119,"GRSM"
"GRSM_005","61","distributed","basePlot",35.681559,-83.397589,"WGS84","17N",283025.189,3951278.444,0.21,"Geo 7X (H-Star)",726.59,0.22,"deciduousForest","cdw|cfc|dhp|hbp|vst",20150101,20191119,"GRSM"
"GRSM_029","31","distributed","basePlot",35.592498,-83.472056,"WGS84","17N",276036.302,3941565.108,2.25,"GIS",1781.99,0.39,"evergreenForest","div",20150101,20191120,"GRSM"
"GRSM_029","31.1.1","distributed","basePlot",35.592456,-83.472104,"WGS84","17N",276031.802,3941560.608,0.5,"GIS",1781.99,0.39,"evergreenForest","div",20150101,20191120,"GRSM"
"GRSM_029","31.1.10","distributed","basePlot",35.592466,-83.472093,"WGS84","17N",276032.883,3941561.689,1.25,"GIS",1781.99,0.39,"evergreenForest","div",20150101,20191120,"GRSM"
"GRSM_051","21","tower","basePlot",35.68822,-83.507518,"WGS84","17N",273093.867,3952266.057,0.18,"GeoXH 6000",650.59,0.23,"deciduousForest","bbc|cdw|cfc|dhp|hbp|ltr|vst",20150101,20191120,"GRSM"
"GRSM_051","23","tower","basePlot",35.688236,-83.507288,"WGS84","17N",273114.715,3952267.251,0.15,"GeoXH 6000",654.24,0.17,"deciduousForest","bbc|cdw|cfc|dhp|hbp|ltr|vst",20150101,20191120,"GRSM"
"GRSM_051","25","tower","basePlot",35.688233,-83.507058,"WGS84","17N",273135.529,3952266.408,0.13,"GeoXH 6000",652.39,0.18,"deciduousForest","bbc|cdw|cfc|dhp|hbp|ltr|vst",20150101,20191120,"GRSM"
"GRSM_051","39","tower","basePlot",35.688408,-83.507521,"WGS84","17N",273094.134,3952286.919,0.15,"GeoXH 6000",651.16,0.14,"deciduousForest","bbc|cdw|cfc|dhp|hbp|ltr|vst",20150101,20191120,"GRSM"
"GRSM_051","43","tower","basePlot",35.688418,-83.507054,"WGS84","17N",273136.43,3952286.987,0.12,"GeoXH 6000",658.97,0.16,"deciduousForest","bbc|cdw|cfc|dhp|hbp|ltr|vst",20150101,20191120,"GRSM"
"GRSM_051","57","tower","basePlot",35.688594,-83.507516,"WGS84","17N",273095.04,3952307.551,0.15,"GeoXH 6000",648.92,0.18,"deciduousForest","bbc|cdw|cfc|dhp|hbp|ltr|vst",20150101,20191120,"GRSM"
"GRSM_051","59","tower","basePlot",35.688603,-83.507298,"WGS84","17N",273114.826,3952308.082,0.13,"GeoXH 6000",656.92,0.14,"deciduousForest","bbc|cdw|cfc|dhp|hbp|ltr|vst",20150101,20191120,"GRSM"
"GRSM_051","61","tower","basePlot",35.688602,-83.507064,"WGS84","17N",273135.971,3952307.432,0.12,"GeoXH 6000",661.19,0.14,"deciduousForest","bbc|cdw|cfc|dhp|hbp|ltr|vst",20150101,20191120,"GRSM"
"GRSM_052","21","tower","basePlot",35.692156,-83.500979,"WGS84","17N",273696.775,3952687.669,0.23,"GeoXH 6000",586.54,0.4,"mixedForest","bbc|cdw|cfc|dhp|hbp|ltr|vst",20150101,20191120,"GRSM"
"GRSM_052","25","tower","basePlot",35.69216,-83.500584,"WGS84","17N",273732.513,3952687.18,0.2,"GeoXH 6000",593.96,0.3,"mixedForest","bbc|cdw|cfc|dhp|hbp|ltr|vst",20150101,20191120,"GRSM"
"GRSM_052","39","tower","basePlot",35.692338,-83.500992,"WGS84","17N",273696.142,3952707.838,0.21,"GeoXH 6000",589.95,0.33,"mixedForest","bbc|cdw|cfc|dhp|hbp|ltr|vst",20150101,20191120,"GRSM"
"GRSM_052","43","tower","basePlot",35.692339,-83.500553,"WGS84","17N",273735.873,3952706.9,0.21,"GeoXH 6000",601.87,0.32,"mixedForest","bbc|cdw|cfc|dhp|hbp|ltr|vst",20150101,20191120,"GRSM"
"GRSM_052","59","tower","basePlot",35.692537,-83.500756,"WGS84","17N",273718.032,3952729.335,0.2,"GeoXH 6000",598.2,0.4,"mixedForest","bbc|cdw|cfc|dhp|hbp|ltr|vst",20150101,20191120,"GRSM"
"GRSM_052","61","tower","basePlot",35.692522,-83.500541,"WGS84","17N",273737.447,3952727.18,0.17,"GeoXH 6000",605.55,0.31,"mixedForest","bbc|cdw|cfc|dhp|hbp|ltr|vst",20150101,20191120,"GRSM"
"GRSM_056","43","tower","basePlot",35.687081,-83.504714,"WGS84","17N",273344.374,3952133.238,0.21,"Geo 7X (H-Star)",629.71,0.33,"deciduousForest","bbc|cdw|cfc|dhp|hbp|ltr|vst",20150101,20191120,"GRSM"
"GRSM_056","61","tower","basePlot",35.687274,-83.504707,"WGS84","17N",273345.595,3952154.558,0.15,"GeoXH 6000",633.42,0.19,"deciduousForest","bbc|cdw|cfc|dhp|hbp|ltr|vst",20150101,20191120,"GRSM"
"GRSM_062","21","tower","basePlot",35.693153,-83.503062,"WGS84","17N",273511.109,3952803.078,0.1,"GeoXH 6000",570.86,0.11,"deciduousForest","bbc|cdw|cfc|dhp|hbp|ltr|vst",20150101,20191119,"GRSM"
"GRSM_062","23","tower","basePlot",35.693157,-83.502834,"WGS84","17N",273531.711,3952802.962,0.11,"GeoXH 6000",573.4,0.14,"deciduousForest","bbc|cdw|cfc|dhp|hbp|ltr|vst",20150101,20191119,"GRSM"
"GRSM_062","25","tower","basePlot",35.693152,-83.502617,"WGS84","17N",273551.389,3952801.925,0.11,"GeoXH 6000",572.82,0.11,"deciduousForest","bbc|cdw|cfc|dhp|hbp|ltr|vst",20150101,20191119,"GRSM"
"GRSM_062","39","tower","basePlot",35.693328,-83.503072,"WGS84","17N",273510.726,3952822.513,0.11,"GeoXH 6000",578.58,0.13,"deciduousForest","bbc|cdw|cfc|dhp|hbp|ltr|vst",20150101,20191119,"GRSM"
"GRSM_062","43","tower","basePlot",35.693342,-83.502615,"WGS84","17N",273552.07,3952822.948,0.11,"GeoXH 6000",582.26,0.18,"deciduousForest","bbc|cdw|cfc|dhp|hbp|ltr|vst",20150101,20191119,"GRSM"
"GRSM_062","57","tower","basePlot",35.693526,-83.503077,"WGS84","17N",273510.76,3952844.402,0.11,"GeoXH 6000",583.07,0.14,"deciduousForest","bbc|cdw|cfc|dhp|hbp|ltr|vst",20150101,20191119,"GRSM"
"GRSM_062","59","tower","basePlot",35.693543,-83.502848,"WGS84","17N",273531.609,3952845.831,0.11,"GeoXH 6000",586.58,0.13,"deciduousForest","bbc|cdw|cfc|dhp|hbp|ltr|vst",20150101,20191119,"GRSM"
"GRSM_062","61","tower","basePlot",35.693523,-83.502613,"WGS84","17N",273552.801,3952843.091,0.1,"GeoXH 6000",591.33,0.11,"deciduousForest","bbc|cdw|cfc|dhp|hbp|ltr|vst",20150101,20191119,"GRSM"
"GUAN_004","21","distributed","basePlot",17.969074,-66.852861,"WGS84","19N",727384.725,1988078.818,0.1,"GeoXH 6000",123.89,0.1,"evergreenForest","bgc|cdw|cfc|dhp|hbp|sme|vst",20150101,20200720,"GUAN"
"GUAN_004","25","distributed","basePlot",17.969055,-66.852479,"WGS84","19N",727425.23,1988077.23,0.18,"GeoXH 6000",133.35,0.23,"evergreenForest","bgc|cdw|cfc|dhp|hbp|sme|vst",20150101,20200720,"GUAN"
"GUAN_004","57","distributed","basePlot",17.969445,-66.85285,"WGS84","19N",727385.402,1988119.969,0.1,"GeoXH 6000",141.71,0.1,"evergreenForest","bgc|cdw|cfc|dhp|hbp|sme|vst",20150101,20200720,"GUAN"
"GUAN_004","61","distributed","basePlot",17.969489,-66.85241,"WGS84","19N",727431.966,1988125.365,0.13,"GeoXH 6000",138.26,0.15,"evergreenForest","bgc|cdw|cfc|dhp|hbp|sme|vst",20150101,20200720,"GUAN"
"GUAN_047","21","tower","basePlot",17.973001,-66.866997,"WGS84","19N",725882.154,1988496.285,0.1,"GeoXH 6000",159.55,0.1,"evergreenForest","bbc|cdw|cfc|dhp|hbp|ltr|vst",20150101,20200721,"GUAN"
"GUAN_047","25","tower","basePlot",17.972996,-66.866615,"WGS84","19N",725922.619,1988496.207,0.11,"GeoXH 6000",152.44,0.15,"evergreenForest","bbc|cdw|cfc|dhp|hbp|ltr|vst",20150101,20200721,"GUAN"
"GUAN_047","39","tower","basePlot",17.973194,-66.866985,"WGS84","19N",725883.129,1988517.728,0.1,"GeoXH 6000",162.41,0.1,"evergreenForest","bbc|cdw|cfc|dhp|hbp|ltr|vst",20150101,20200721,"GUAN"
"GUAN_047","41","tower","basePlot",17.973183,-66.866787,"WGS84","19N",725904.188,1988516.733,0.29,"GeoXH 6000",157.65,0.34,"evergreenForest","bbc|cdw|cfc|dhp|hbp|ltr|vst",20150101,20200721,"GUAN"
"GUAN_047","57","tower","basePlot",17.973401,-66.86701,"WGS84","19N",725880.316,1988540.598,0.18,"GeoXH 6000",165.69,0.14,"evergreenForest","bbc|cdw|cfc|dhp|hbp|ltr|vst",20150101,20200721,"GUAN"
"GUAN_047","59","tower","basePlot",17.973372,-66.866789,"WGS84","19N",725903.725,1988537.619,0.18,"GeoXH 6000",161.44,0.15,"evergreenForest","bbc|cdw|cfc|dhp|hbp|ltr|vst",20150101,20200721,"GUAN"
"GUAN_047","61","tower","basePlot",17.97336,-66.8666,"WGS84","19N",725923.732,1988536.529,0.13,"GeoXH 6000",159.04,0.14,"evergreenForest","bbc|cdw|cfc|dhp|hbp|ltr|vst",20150101,20200721,"GUAN"
"GUAN_053","21","tower","basePlot",17.971334,-66.863313,"WGS84","19N",726274.552,1988316.284,0.17,"GeoXH 6000",170.83,0.24,"evergreenForest","bbc|cdw|cfc|dhp|hbp|ltr|vst",20150101,20200721,"GUAN"
"GUAN_053","23","tower","basePlot",17.971346,-66.863122,"WGS84","19N",726294.809,1988317.801,0.1,"GeoXH 6000",170.19,0.11,"evergreenForest","bbc|cdw|cfc|dhp|hbp|ltr|vst",20150101,20200721,"GUAN"
"GUAN_053","25","tower","basePlot",17.971326,-66.862904,"WGS84","19N",726317.871,1988315.892,0.1,"GeoXH 6000",172.69,0.1,"evergreenForest","bbc|cdw|cfc|dhp|hbp|ltr|vst",20150101,20200721,"GUAN"
"GUAN_053","41","tower","basePlot",17.971527,-66.863124,"WGS84","19N",726294.336,1988337.885,0.11,"GeoXH 6000",178.15,0.13,"evergreenForest","bbc|cdw|cfc|dhp|hbp|ltr|vst",20150101,20200721,"GUAN"
"GUAN_053","43","tower","basePlot",17.971533,-66.862924,"WGS84","19N",726315.519,1988338.786,0.1,"GeoXH 6000",177.36,0.1,"evergreenForest","bbc|cdw|cfc|dhp|hbp|ltr|vst",20150101,20200721,"GUAN"
"GUAN_053","57","tower","basePlot",17.971709,-66.863307,"WGS84","19N",726274.678,1988357.759,0.11,"GeoXH 6000",177.39,0.12,"evergreenForest","bbc|cdw|cfc|dhp|hbp|ltr|vst",20150101,20200721,"GUAN"
"GUAN_053","59","tower","basePlot",17.971713,-66.863081,"WGS84","19N",726298.64,1988358.467,0.1,"GeoXH 6000",179.6,0.1,"evergreenForest","bbc|cdw|cfc|dhp|hbp|ltr|vst",20150101,20200721,"GUAN"
"GUAN_053","61","tower","basePlot",17.971758,-66.862877,"WGS84","19N",726320.217,1988363.76,0.1,"GeoXH 6000",177.71,0.1,"evergreenForest","bbc|cdw|cfc|dhp|hbp|ltr|vst",20150101,20200721,"GUAN"
"GUAN_055","21","tower","basePlot",17.969506,-66.867853,"WGS84","19N",725795.96,1988108.339,0.14,"GeoXH 6000",114.2,0.12,"evergreenForest","bbc|cdw|cfc|dhp|hbp|ltr|vst",20150101,20200722,"GUAN"
"GUAN_055","39","tower","basePlot",17.969697,-66.867841,"WGS84","19N",725796.932,1988129.499,0.11,"GeoXH 6000",116.07,0.13,"evergreenForest","bbc|cdw|cfc|dhp|hbp|ltr|vst",20150101,20200722,"GUAN"
"GUAN_055","41","tower","basePlot",17.969688,-66.867651,"WGS84","19N",725817.071,1988128.792,0.1,"GeoXH 6000",114.38,0.1,"evergreenForest","bbc|cdw|cfc|dhp|hbp|ltr|vst",20150101,20200722,"GUAN"
"GUAN_055","43","tower","basePlot",17.969679,-66.867466,"WGS84","19N",725836.648,1988127.99,0.11,"GeoXH 6000",113.75,0.12,"evergreenForest","bbc|cdw|cfc|dhp|hbp|ltr|vst",20150101,20200722,"GUAN"
"GUAN_055","57","tower","basePlot",17.969874,-66.867842,"WGS84","19N",725796.618,1988149.125,0.11,"GeoXH 6000",117.19,0.12,"evergreenForest","bbc|cdw|cfc|dhp|hbp|ltr|vst",20150101,20200722,"GUAN"
"GUAN_055","59","tower","basePlot",17.969884,-66.867632,"WGS84","19N",725818.877,1988150.486,0.24,"GeoXH 6000",116.31,0.34,"evergreenForest","bbc|cdw|cfc|dhp|hbp|ltr|vst",20150101,20200722,"GUAN"
"GUAN_055","61","tower","basePlot",17.969874,-66.867442,"WGS84","19N",725838.963,1988149.641,0.17,"GeoXH 6000",115.02,0.14,"evergreenForest","bbc|cdw|cfc|dhp|hbp|ltr|vst",20150101,20200722,"GUAN"
"GUAN_061","21","tower","basePlot",17.966742,-66.863931,"WGS84","19N",726214.924,1987807.213,0.1,"GeoXH 6000",97.83,0.1,"evergreenForest","bbc|cdw|cfc|dhp|hbp|ltr|vst",20150101,20200728,"GUAN"
"GUAN_061","23","tower","basePlot",17.966748,-66.86373,"WGS84","19N",726236.175,1987808.08,0.1,"GeoXH 6000",95.81,0.1,"evergreenForest","bbc|cdw|cfc|dhp|hbp|ltr|vst",20150101,20200728,"GUAN"
"GUAN_061","25","tower","basePlot",17.966728,-66.863534,"WGS84","19N",726256.999,1987806.127,0.1,"GeoXH 6000",100.75,0.1,"evergreenForest","bbc|cdw|cfc|dhp|hbp|ltr|vst",20150101,20200728,"GUAN"
"GUAN_061","39","tower","basePlot",17.966933,-66.863933,"WGS84","19N",726214.501,1987828.28,0.1,"GeoXH 6000",103.67,0.1,"evergreenForest","bbc|cdw|cfc|dhp|hbp|ltr|vst",20150101,20200728,"GUAN"
"GUAN_061","41","tower","basePlot",17.966929,-66.863728,"WGS84","19N",726236.189,1987828.177,0.11,"GeoXH 6000",101.9,0.11,"evergreenForest","bbc|cdw|cfc|dhp|hbp|ltr|vst",20150101,20200728,"GUAN"
"GUAN_061","43","tower","basePlot",17.966926,-66.86354,"WGS84","19N",726256.095,1987827.975,0.1,"GeoXH 6000",106.99,0.1,"evergreenForest","bbc|cdw|cfc|dhp|hbp|ltr|vst",20150101,20200728,"GUAN"
"GUAN_061","57","tower","basePlot",17.967117,-66.863923,"WGS84","19N",726215.316,1987848.739,0.17,"GeoXH 6000",108.72,0.22,"evergreenForest","bbc|cdw|cfc|dhp|hbp|ltr|vst",20150101,20200728,"GUAN"
"GUAN_061","59","tower","basePlot",17.967111,-66.863726,"WGS84","19N",726236.202,1987848.261,0.14,"GeoXH 6000",112.49,0.34,"evergreenForest","bbc|cdw|cfc|dhp|hbp|ltr|vst",20150101,20200728,"GUAN"
"GUAN_061","61","tower","basePlot",17.967123,-66.863518,"WGS84","19N",726258.252,1987849.857,0.1,"GeoXH 6000",114.5,0.1,"evergreenForest","bbc|cdw|cfc|dhp|hbp|ltr|vst",20150101,20200728,"GUAN"
"HARV_033","43","tower","basePlot",42.538276,-72.175402,"WGS84","18N",731952.906,4713410.364,0.18,"GeoXH 6000",355.79,0.22,"deciduousForest","bbc|bgc|cdw|cfc|dhp|hbp|ltr|sme|vst",20130101,20201103,"HARV"
"HARV_038","21","tower","basePlot",42.537126,-72.178132,"WGS84","18N",731732.991,4713275.136,0.14,"GeoXH 6000",366.8,0.21,"mixedForest","bbc|cdw|cfc|dhp|hbp|ltr|vst",20130101,20201101,"HARV"
"HARV_038","23","tower","basePlot",42.537121,-72.177871,"WGS84","18N",731754.373,4713275.352,0.14,"GeoXH 6000",363.95,0.24,"mixedForest","bbc|cdw|cfc|dhp|hbp|ltr|vst",20130101,20201101,"HARV"
"HARV_038","25","tower","basePlot",42.537137,-72.17762,"WGS84","18N",731774.985,4713277.82,0.14,"GeoXH 6000",369,0.2,"mixedForest","bbc|cdw|cfc|dhp|hbp|ltr|vst",20130101,20201101,"HARV"
"HARV_038","43","tower","basePlot",42.537301,-72.177633,"WGS84","18N",731773.306,4713295.943,0.16,"GeoXH 6000",363.66,0.26,"mixedForest","bbc|cdw|cfc|dhp|hbp|ltr|vst",20130101,20201101,"HARV"
"HARV_038","57","tower","basePlot",42.537493,-72.178105,"WGS84","18N",731733.834,4713315.992,0.3,"GeoXH 6000",365.75,0.55,"mixedForest","bbc|cdw|cfc|dhp|hbp|ltr|vst",20130101,20201101,"HARV"
"HARV_038","59","tower","basePlot",42.537468,-72.17786,"WGS84","18N",731753.993,4713313.895,0.13,"GeoXH 6000",364.17,0.24,"mixedForest","bbc|cdw|cfc|dhp|hbp|ltr|vst",20130101,20201101,"HARV"
"HARV_038","61","tower","basePlot",42.537479,-72.177617,"WGS84","18N",731773.977,4713315.741,0.2,"GeoXH 6000",366.44,0.35,"mixedForest","bbc|cdw|cfc|dhp|hbp|ltr|vst",20130101,20201101,"HARV"
"HARV_052","43","tower","basePlot",42.542126,-72.176306,"WGS84","18N",731864.417,4713835.447,0.22,"GeoXH 6000",355.2,0.27,"mixedForest","bbc|cdw|cfc|dhp|hbp|ltr|vst",20130101,20201101,"HARV"
"HARV_052","59","tower","basePlot",42.542309,-72.176591,"WGS84","18N",731840.36,4713854.982,0.13,"GeoXH 6000",354.45,0.15,"mixedForest","bbc|cdw|cfc|dhp|hbp|ltr|vst",20130101,20201101,"HARV"
"HARV_052","61","tower","basePlot",42.542315,-72.176323,"WGS84","18N",731862.28,4713856.353,0.14,"GeoXH 6000",352.92,0.21,"mixedForest","bbc|cdw|cfc|dhp|hbp|ltr|vst",20130101,20201101,"HARV"
"HEAL_032","A1","distributed","mammalGrid",63.88337,-149.268328,"WGS84","6N",388606.748,7085998.124,NA,"GIS",669.59,NA,"shrubScrub","mam",20150101,20160628,"HEAL"
"HEAL_032","A10","distributed","mammalGrid",63.882563,-149.268263,"WGS84","6N",388606.748,7085908.124,NA,"GIS",667.1,NA,"shrubScrub","mam",20150101,20160628,"HEAL"
"HEAL_032","A2","distributed","mammalGrid",63.88328,-149.268321,"WGS84","6N",388606.748,7085988.124,NA,"GIS",669.42,NA,"shrubScrub","mam",20150101,20160628,"HEAL"
"HEAL_032","A3","distributed","mammalGrid",63.883191,-149.268314,"WGS84","6N",388606.748,7085978.124,NA,"GIS",669.25,NA,"shrubScrub","mam",20150101,20160628,"HEAL"
"HEAL_032","A4","distributed","mammalGrid",63.883101,-149.268307,"WGS84","6N",388606.748,7085968.124,NA,"GIS",669.08,NA,"shrubScrub","mam",20150101,20160628,"HEAL"
"HEAL_032","A5","distributed","mammalGrid",63.883011,-149.268299,"WGS84","6N",388606.748,7085958.124,NA,"GIS",668.9,NA,"shrubScrub","mam",20150101,20160628,"HEAL"
"HEAL_032","A6","distributed","mammalGrid",63.882922,-149.268292,"WGS84","6N",388606.748,7085948.124,NA,"GIS",668.6,NA,"shrubScrub","mam",20150101,20160628,"HEAL"
"HEAL_032","A7","distributed","mammalGrid",63.882832,-149.268285,"WGS84","6N",388606.748,7085938.124,NA,"GIS",668.22,NA,"shrubScrub","mam",20150101,20160628,"HEAL"
"HEAL_032","A8","distributed","mammalGrid",63.882742,-149.268278,"WGS84","6N",388606.748,7085928.124,NA,"GIS",667.85,NA,"shrubScrub","mam",20150101,20160628,"HEAL"
"HEAL_032","A9","distributed","mammalGrid",63.882653,-149.26827,"WGS84","6N",388606.748,7085918.124,NA,"GIS",667.47,NA,"shrubScrub","mam",20150101,20160628,"HEAL"
"HEAL_032","B1","distributed","mammalGrid",63.883373,-149.268125,"WGS84","6N",388616.748,7085998.124,NA,"GIS",669.85,NA,"shrubScrub","mam",20150101,20160628,"HEAL"
"HEAL_032","B10","distributed","mammalGrid",63.882566,-149.26806,"WGS84","6N",388616.748,7085908.124,NA,"GIS",667.66,NA,"shrubScrub","mam",20150101,20160628,"HEAL"
"HEAL_032","B2","distributed","mammalGrid",63.883284,-149.268118,"WGS84","6N",388616.748,7085988.124,NA,"GIS",669.71,NA,"shrubScrub","mam",20150101,20160628,"HEAL"
"HEAL_032","B3","distributed","mammalGrid",63.883194,-149.26811,"WGS84","6N",388616.748,7085978.124,NA,"GIS",669.57,NA,"shrubScrub","mam",20150101,20160628,"HEAL"
"HEAL_032","B4","distributed","mammalGrid",63.883104,-149.268103,"WGS84","6N",388616.748,7085968.124,NA,"GIS",669.44,NA,"shrubScrub","mam",20150101,20160628,"HEAL"
"HEAL_032","B5","distributed","mammalGrid",63.883015,-149.268096,"WGS84","6N",388616.748,7085958.124,NA,"GIS",669.3,NA,"shrubScrub","mam",20150101,20160628,"HEAL"
"HEAL_032","B6","distributed","mammalGrid",63.882925,-149.268089,"WGS84","6N",388616.748,7085948.124,NA,"GIS",669.03,NA,"shrubScrub","mam",20150101,20160628,"HEAL"
"HEAL_032","B7","distributed","mammalGrid",63.882835,-149.268081,"WGS84","6N",388616.748,7085938.124,NA,"GIS",668.69,NA,"shrubScrub","mam",20150101,20160628,"HEAL"
"HEAL_032","B8","distributed","mammalGrid",63.882746,-149.268074,"WGS84","6N",388616.748,7085928.124,NA,"GIS",668.34,NA,"shrubScrub","mam",20150101,20160628,"HEAL"
"HEAL_032","B9","distributed","mammalGrid",63.882656,-149.268067,"WGS84","6N",388616.748,7085918.124,NA,"GIS",668,NA,"shrubScrub","mam",20150101,20160628,"HEAL"
"HEAL_032","C1","distributed","mammalGrid",63.883376,-149.267921,"WGS84","6N",388626.748,7085998.124,NA,"GIS",669.94,NA,"shrubScrub","mam",20150101,20160628,"HEAL"
"HEAL_032","C10","distributed","mammalGrid",63.882569,-149.267856,"WGS84","6N",388626.748,7085908.124,NA,"GIS",668.21,NA,"shrubScrub","mam",20150101,20160628,"HEAL"
"HEAL_032","C2","distributed","mammalGrid",63.883287,-149.267914,"WGS84","6N",388626.748,7085988.124,NA,"GIS",669.85,NA,"shrubScrub","mam",20150101,20160628,"HEAL"
"HEAL_032","C3","distributed","mammalGrid",63.883197,-149.267907,"WGS84","6N",388626.748,7085978.124,NA,"GIS",669.76,NA,"shrubScrub","mam",20150101,20160628,"HEAL"
"HEAL_032","C4","distributed","mammalGrid",63.883107,-149.2679,"WGS84","6N",388626.748,7085968.124,NA,"GIS",669.67,NA,"shrubScrub","mam",20150101,20160628,"HEAL"
"HEAL_032","C5","distributed","mammalGrid",63.883018,-149.267892,"WGS84","6N",388626.748,7085958.124,NA,"GIS",669.59,NA,"shrubScrub","mam",20150101,20160628,"HEAL"
"HEAL_032","C6","distributed","mammalGrid",63.882928,-149.267885,"WGS84","6N",388626.748,7085948.124,NA,"GIS",669.37,NA,"shrubScrub","mam",20150101,20160628,"HEAL"
"HEAL_032","C7","distributed","mammalGrid",63.882838,-149.267878,"WGS84","6N",388626.748,7085938.124,NA,"GIS",669.08,NA,"shrubScrub","mam",20150101,20160628,"HEAL"
"HEAL_032","C8","distributed","mammalGrid",63.882749,-149.267871,"WGS84","6N",388626.748,7085928.124,NA,"GIS",668.79,NA,"shrubScrub","mam",20150101,20160628,"HEAL"
"HEAL_032","C9","distributed","mammalGrid",63.882659,-149.267864,"WGS84","6N",388626.748,7085918.124,NA,"GIS",668.5,NA,"shrubScrub","mam",20150101,20160628,"HEAL"
"HEAL_032","D1","distributed","mammalGrid",63.88338,-149.267718,"WGS84","6N",388636.748,7085998.124,NA,"GIS",670.03,NA,"shrubScrub","mam",20150101,20160628,"HEAL"
"HEAL_032","D10","distributed","mammalGrid",63.882573,-149.267653,"WGS84","6N",388636.748,7085908.124,NA,"GIS",668.76,NA,"shrubScrub","mam",20150101,20160628,"HEAL"
"HEAL_032","D2","distributed","mammalGrid",63.88329,-149.267711,"WGS84","6N",388636.748,7085988.124,NA,"GIS",669.99,NA,"shrubScrub","mam",20150101,20160628,"HEAL"
"HEAL_032","D3","distributed","mammalGrid",63.8832,-149.267703,"WGS84","6N",388636.748,7085978.124,NA,"GIS",669.95,NA,"shrubScrub","mam",20150101,20160628,"HEAL"
"HEAL_032","D4","distributed","mammalGrid",63.883111,-149.267696,"WGS84","6N",388636.748,7085968.124,NA,"GIS",669.91,NA,"shrubScrub","mam",20150101,20160628,"HEAL"
"HEAL_032","D5","distributed","mammalGrid",63.883021,-149.267689,"WGS84","6N",388636.748,7085958.124,NA,"GIS",669.87,NA,"shrubScrub","mam",20150101,20160628,"HEAL"
"HEAL_032","D6","distributed","mammalGrid",63.882931,-149.267682,"WGS84","6N",388636.748,7085948.124,NA,"GIS",669.7,NA,"shrubScrub","mam",20150101,20160628,"HEAL"
"HEAL_032","D7","distributed","mammalGrid",63.882842,-149.267675,"WGS84","6N",388636.748,7085938.124,NA,"GIS",669.47,NA,"shrubScrub","mam",20150101,20160628,"HEAL"
"HEAL_032","D8","distributed","mammalGrid",63.882752,-149.267667,"WGS84","6N",388636.748,7085928.124,NA,"GIS",669.23,NA,"shrubScrub","mam",20150101,20160628,"HEAL"
"HEAL_032","D9","distributed","mammalGrid",63.882662,-149.26766,"WGS84","6N",388636.748,7085918.124,NA,"GIS",669,NA,"shrubScrub","mam",20150101,20160628,"HEAL"
"HEAL_032","E1","distributed","mammalGrid",63.883383,-149.267515,"WGS84","6N",388646.748,7085998.124,NA,"GIS",670.13,NA,"shrubScrub","mam",20150101,20160628,"HEAL"
"HEAL_032","E10","distributed","mammalGrid",63.882576,-149.267449,"WGS84","6N",388646.748,7085908.124,NA,"GIS",669.32,NA,"shrubScrub","mam",20150101,20160628,"HEAL"
"HEAL_032","E2","distributed","mammalGrid",63.883293,-149.267507,"WGS84","6N",388646.748,7085988.124,NA,"GIS",670.13,NA,"shrubScrub","mam",20150101,20160628,"HEAL"
"HEAL_032","E3","distributed","mammalGrid",63.883204,-149.2675,"WGS84","6N",388646.748,7085978.124,NA,"GIS",670.14,NA,"shrubScrub","mam",20150101,20160628,"HEAL"
"HEAL_032","E4","distributed","mammalGrid",63.883114,-149.267493,"WGS84","6N",388646.748,7085968.124,NA,"GIS",670.15,NA,"shrubScrub","mam",20150101,20160628,"HEAL"
"HEAL_032","E5","distributed","mammalGrid",63.883024,-149.267486,"WGS84","6N",388646.748,7085958.124,0.1,"Geo 7X (H-Star)",662.26,0.1,"shrubScrub","mam",20150101,20160628,"HEAL"
"HEAL_032","E6","distributed","mammalGrid",63.882935,-149.267478,"WGS84","6N",388646.748,7085948.124,NA,"GIS",670.04,NA,"shrubScrub","mam",20150101,20160628,"HEAL"
"HEAL_032","E7","distributed","mammalGrid",63.882845,-149.267471,"WGS84","6N",388646.748,7085938.124,NA,"GIS",669.86,NA,"shrubScrub","mam",20150101,20160628,"HEAL"
"HEAL_032","E8","distributed","mammalGrid",63.882755,-149.267464,"WGS84","6N",388646.748,7085928.124,NA,"GIS",669.68,NA,"shrubScrub","mam",20150101,20160628,"HEAL"
"HEAL_032","E9","distributed","mammalGrid",63.882666,-149.267457,"WGS84","6N",388646.748,7085918.124,NA,"GIS",669.5,NA,"shrubScrub","mam",20150101,20160628,"HEAL"
"HEAL_032","F1","distributed","mammalGrid",63.883386,-149.267311,"WGS84","6N",388656.748,7085998.124,NA,"GIS",670.22,NA,"shrubScrub","mam",20150101,20160628,"HEAL"
"HEAL_032","F10","distributed","mammalGrid",63.882579,-149.267246,"WGS84","6N",388656.748,7085908.124,NA,"GIS",669.87,NA,"shrubScrub","mam",20150101,20160628,"HEAL"
"HEAL_032","F2","distributed","mammalGrid",63.883296,-149.267304,"WGS84","6N",388656.748,7085988.124,NA,"GIS",670.28,NA,"shrubScrub","mam",20150101,20160628,"HEAL"
"HEAL_032","F3","distributed","mammalGrid",63.883207,-149.267297,"WGS84","6N",388656.748,7085978.124,NA,"GIS",670.33,NA,"shrubScrub","mam",20150101,20160628,"HEAL"
"HEAL_032","F4","distributed","mammalGrid",63.883117,-149.267289,"WGS84","6N",388656.748,7085968.124,NA,"GIS",670.39,NA,"shrubScrub","mam",20150101,20160628,"HEAL"
"HEAL_032","F5","distributed","mammalGrid",63.883027,-149.267282,"WGS84","6N",388656.748,7085958.124,NA,"GIS",670.44,NA,"shrubScrub","mam",20150101,20160628,"HEAL"
"HEAL_032","F6","distributed","mammalGrid",63.882938,-149.267275,"WGS84","6N",388656.748,7085948.124,NA,"GIS",670.38,NA,"shrubScrub","mam",20150101,20160628,"HEAL"
"HEAL_032","F7","distributed","mammalGrid",63.882848,-149.267268,"WGS84","6N",388656.748,7085938.124,NA,"GIS",670.25,NA,"shrubScrub","mam",20150101,20160628,"HEAL"
"HEAL_032","F8","distributed","mammalGrid",63.882758,-149.26726,"WGS84","6N",388656.748,7085928.124,NA,"GIS",670.12,NA,"shrubScrub","mam",20150101,20160628,"HEAL"
"HEAL_032","F9","distributed","mammalGrid",63.882669,-149.267253,"WGS84","6N",388656.748,7085918.124,NA,"GIS",669.99,NA,"shrubScrub","mam",20150101,20160628,"HEAL"
"HEAL_032","G1","distributed","mammalGrid",63.883389,-149.267108,"WGS84","6N",388666.748,7085998.124,NA,"GIS",670.32,NA,"shrubScrub","mam",20150101,20160628,"HEAL"
"HEAL_032","G10","distributed","mammalGrid",63.882582,-149.267043,"WGS84","6N",388666.748,7085908.124,NA,"GIS",670.42,NA,"shrubScrub","mam",20150101,20160628,"HEAL"
"HEAL_032","G2","distributed","mammalGrid",63.8833,-149.2671,"WGS84","6N",388666.748,7085988.124,NA,"GIS",670.42,NA,"shrubScrub","mam",20150101,20160628,"HEAL"
"HEAL_032","G3","distributed","mammalGrid",63.88321,-149.267093,"WGS84","6N",388666.748,7085978.124,NA,"GIS",670.52,NA,"shrubScrub","mam",20150101,20160628,"HEAL"
"HEAL_032","G4","distributed","mammalGrid",63.88312,-149.267086,"WGS84","6N",388666.748,7085968.124,NA,"GIS",670.62,NA,"shrubScrub","mam",20150101,20160628,"HEAL"
"HEAL_032","G5","distributed","mammalGrid",63.883031,-149.267079,"WGS84","6N",388666.748,7085958.124,NA,"GIS",670.72,NA,"shrubScrub","mam",20150101,20160628,"HEAL"
"HEAL_032","G6","distributed","mammalGrid",63.882941,-149.267071,"WGS84","6N",388666.748,7085948.124,NA,"GIS",670.71,NA,"shrubScrub","mam",20150101,20160628,"HEAL"
"HEAL_032","G7","distributed","mammalGrid",63.882851,-149.267064,"WGS84","6N",388666.748,7085938.124,NA,"GIS",670.64,NA,"shrubScrub","mam",20150101,20160628,"HEAL"
"HEAL_032","G8","distributed","mammalGrid",63.882762,-149.267057,"WGS84","6N",388666.748,7085928.124,NA,"GIS",670.57,NA,"shrubScrub","mam",20150101,20160628,"HEAL"
"HEAL_032","G9","distributed","mammalGrid",63.882672,-149.26705,"WGS84","6N",388666.748,7085918.124,NA,"GIS",670.49,NA,"shrubScrub","mam",20150101,20160628,"HEAL"
"HEAL_032","H1","distributed","mammalGrid",63.883392,-149.266904,"WGS84","6N",388676.748,7085998.124,NA,"GIS",670.28,NA,"shrubScrub","mam",20150101,20160628,"HEAL"
"HEAL_032","H10","distributed","mammalGrid",63.882585,-149.266839,"WGS84","6N",388676.748,7085908.124,NA,"GIS",670.75,NA,"shrubScrub","mam",20150101,20160628,"HEAL"
"HEAL_032","H2","distributed","mammalGrid",63.883303,-149.266897,"WGS84","6N",388676.748,7085988.124,NA,"GIS",670.42,NA,"shrubScrub","mam",20150101,20160628,"HEAL"
"HEAL_032","H3","distributed","mammalGrid",63.883213,-149.26689,"WGS84","6N",388676.748,7085978.124,NA,"GIS",670.56,NA,"shrubScrub","mam",20150101,20160628,"HEAL"
"HEAL_032","H4","distributed","mammalGrid",63.883123,-149.266882,"WGS84","6N",388676.748,7085968.124,NA,"GIS",670.7,NA,"shrubScrub","mam",20150101,20160628,"HEAL"
"HEAL_032","H5","distributed","mammalGrid",63.883034,-149.266875,"WGS84","6N",388676.748,7085958.124,NA,"GIS",670.84,NA,"shrubScrub","mam",20150101,20160628,"HEAL"
"HEAL_032","H6","distributed","mammalGrid",63.882944,-149.266868,"WGS84","6N",388676.748,7085948.124,NA,"GIS",670.87,NA,"shrubScrub","mam",20150101,20160628,"HEAL"
"HEAL_032","H7","distributed","mammalGrid",63.882854,-149.266861,"WGS84","6N",388676.748,7085938.124,NA,"GIS",670.84,NA,"shrubScrub","mam",20150101,20160628,"HEAL"
"HEAL_032","H8","distributed","mammalGrid",63.882765,-149.266854,"WGS84","6N",388676.748,7085928.124,NA,"GIS",670.81,NA,"shrubScrub","mam",20150101,20160628,"HEAL"
"HEAL_032","H9","distributed","mammalGrid",63.882675,-149.266846,"WGS84","6N",388676.748,7085918.124,NA,"GIS",670.78,NA,"shrubScrub","mam",20150101,20160628,"HEAL"
"HEAL_032","I1","distributed","mammalGrid",63.883396,-149.266701,"WGS84","6N",388686.748,7085998.124,NA,"GIS",670.03,NA,"shrubScrub","mam",20150101,20160628,"HEAL"
"HEAL_032","I10","distributed","mammalGrid",63.882589,-149.266636,"WGS84","6N",388686.748,7085908.124,NA,"GIS",670.69,NA,"shrubScrub","mam",20150101,20160628,"HEAL"
"HEAL_032","I2","distributed","mammalGrid",63.883306,-149.266694,"WGS84","6N",388686.748,7085988.124,NA,"GIS",670.19,NA,"shrubScrub","mam",20150101,20160628,"HEAL"
"HEAL_032","I3","distributed","mammalGrid",63.883216,-149.266686,"WGS84","6N",388686.748,7085978.124,NA,"GIS",670.34,NA,"shrubScrub","mam",20150101,20160628,"HEAL"
"HEAL_032","I4","distributed","mammalGrid",63.883127,-149.266679,"WGS84","6N",388686.748,7085968.124,NA,"GIS",670.5,NA,"shrubScrub","mam",20150101,20160628,"HEAL"
"HEAL_032","I5","distributed","mammalGrid",63.883037,-149.266672,"WGS84","6N",388686.748,7085958.124,NA,"GIS",670.65,NA,"shrubScrub","mam",20150101,20160628,"HEAL"
"HEAL_032","I6","distributed","mammalGrid",63.882947,-149.266665,"WGS84","6N",388686.748,7085948.124,NA,"GIS",670.7,NA,"shrubScrub","mam",20150101,20160628,"HEAL"
"HEAL_032","I7","distributed","mammalGrid",63.882858,-149.266657,"WGS84","6N",388686.748,7085938.124,NA,"GIS",670.7,NA,"shrubScrub","mam",20150101,20160628,"HEAL"
"HEAL_032","I8","distributed","mammalGrid",63.882768,-149.26665,"WGS84","6N",388686.748,7085928.124,NA,"GIS",670.69,NA,"shrubScrub","mam",20150101,20160628,"HEAL"
"HEAL_032","I9","distributed","mammalGrid",63.882678,-149.266643,"WGS84","6N",388686.748,7085918.124,NA,"GIS",670.69,NA,"shrubScrub","mam",20150101,20160628,"HEAL"
"HEAL_032","J1","distributed","mammalGrid",63.883399,-149.266497,"WGS84","6N",388696.748,7085998.124,NA,"GIS",669.78,NA,"shrubScrub","mam",20150101,20160628,"HEAL"
"HEAL_032","J10","distributed","mammalGrid",63.882592,-149.266432,"WGS84","6N",388696.748,7085908.124,NA,"GIS",670.62,NA,"shrubScrub","mam",20150101,20160628,"HEAL"
"HEAL_032","J2","distributed","mammalGrid",63.883309,-149.26649,"WGS84","6N",388696.748,7085988.124,NA,"GIS",669.95,NA,"shrubScrub","mam",20150101,20160628,"HEAL"
"HEAL_032","J3","distributed","mammalGrid",63.883219,-149.266483,"WGS84","6N",388696.748,7085978.124,NA,"GIS",670.12,NA,"shrubScrub","mam",20150101,20160628,"HEAL"
"HEAL_032","J4","distributed","mammalGrid",63.88313,-149.266476,"WGS84","6N",388696.748,7085968.124,NA,"GIS",670.29,NA,"shrubScrub","mam",20150101,20160628,"HEAL"
"HEAL_032","J5","distributed","mammalGrid",63.88304,-149.266468,"WGS84","6N",388696.748,7085958.124,NA,"GIS",670.46,NA,"shrubScrub","mam",20150101,20160628,"HEAL"
"HEAL_032","J6","distributed","mammalGrid",63.88295,-149.266461,"WGS84","6N",388696.748,7085948.124,NA,"GIS",670.54,NA,"shrubScrub","mam",20150101,20160628,"HEAL"
"HEAL_032","J7","distributed","mammalGrid",63.882861,-149.266454,"WGS84","6N",388696.748,7085938.124,NA,"GIS",670.56,NA,"shrubScrub","mam",20150101,20160628,"HEAL"
"HEAL_032","J8","distributed","mammalGrid",63.882771,-149.266447,"WGS84","6N",388696.748,7085928.124,NA,"GIS",670.58,NA,"shrubScrub","mam",20150101,20160628,"HEAL"
"HEAL_032","J9","distributed","mammalGrid",63.882681,-149.266439,"WGS84","6N",388696.748,7085918.124,NA,"GIS",670.6,NA,"shrubScrub","mam",20150101,20160628,"HEAL"
"JERC_003","21","distributed","basePlot",31.195964,-84.47344,"WGS84","16N",740742.505,3454070.497,0.28,"GeoXH 6000",36.97,0.4,"deciduousForest","cdw|cfc|dhp|hbp|vst",20140101,20210310,"JERC"
"JERC_003","25","distributed","basePlot",31.195985,-84.473031,"WGS84","16N",740781.443,3454073.637,0.25,"GeoXH 6000",34.85,0.4,"deciduousForest","cdw|cfc|dhp|hbp|vst",20140101,20210310,"JERC"
"JERC_003","31","distributed","basePlot",31.19606,-84.473346,"WGS84","16N",740751.174,3454081.364,0.22,"GeoXH 6000",34.37,0.27,"deciduousForest","cdw|cfc|dhp|hbp|vst",20140101,20210310,"JERC"
"JERC_003","33","distributed","basePlot",31.196064,-84.473128,"WGS84","16N",740771.996,3454082.23,0.15,"GeoXH 6000",33.94,0.24,"deciduousForest","cdw|cfc|dhp|hbp|vst",20140101,20210310,"JERC"
"JERC_003","41","distributed","basePlot",31.19615,-84.473242,"WGS84","16N",740760.891,3454091.471,0.13,"GeoXH 6000",34.15,0.33,"deciduousForest","cdw|cfc|dhp|hbp|vst",20140101,20210310,"JERC"
"JERC_003","49","distributed","basePlot",31.19624,-84.47335,"WGS84","16N",740750.363,3454101.245,0.23,"GeoXH 6000",35.73,0.32,"deciduousForest","cdw|cfc|dhp|hbp|vst",20140101,20210310,"JERC"
"JERC_003","51","distributed","basePlot",31.196241,-84.47314,"WGS84","16N",740770.359,3454101.807,0.23,"GeoXH 6000",33.21,0.3,"deciduousForest","cdw|cfc|dhp|hbp|vst",20140101,20210310,"JERC"
"JERC_003","57","distributed","basePlot",31.196321,-84.473464,"WGS84","16N",740739.317,3454109.963,0.17,"GeoXH 6000",35.97,0.2,"deciduousForest","cdw|cfc|dhp|hbp|vst",20140101,20210310,"JERC"
"JERC_003","61","distributed","basePlot",31.19633,-84.473042,"WGS84","16N",740779.506,3454111.889,0.19,"GeoXH 6000",33.37,0.38,"deciduousForest","cdw|cfc|dhp|hbp|vst",20140101,20210310,"JERC"
"JERC_004","21","distributed","basePlot",31.189576,-84.46604,"WGS84","16N",741464.033,3453378.28,0.12,"GeoXH 6000",44.67,0.1,"cultivatedCrops","bgc|cdw|cfc|dhp|hbp|sme|vst",20120101,20230627,"JERC"
"JERC_004","57","distributed","basePlot",31.189937,-84.466063,"WGS84","16N",741460.977,3453418.237,0.15,"GeoXH 6000",45.32,0.17,"cultivatedCrops","bgc|cdw|cfc|dhp|hbp|sme|vst",20120101,20230627,"JERC"
"JERC_005","21","distributed","basePlot",31.195791,-84.45145,"WGS84","16N",742838.896,3454099.44,0.27,"GeoXH 6000",45.51,0.41,"evergreenForest","bgc|cdw|cfc|dhp|hbp|sme|vst",20120101,20230627,"JERC"
"JERC_005","31","distributed","basePlot",31.195863,-84.45133,"WGS84","16N",742850.169,3454107.615,0.35,"GeoXH 6000",47.88,0.66,"evergreenForest","bgc|cdw|cfc|dhp|hbp|sme|vst",20120101,20230627,"JERC"
"JERC_005","31","distributed","basePlot",31.195907,-84.451276,"WGS84","16N",742855.169,3454112.615,2.35,"GIS",47.88,0.66,"evergreenForest","div",20120101,20230627,"JERC"
"JERC_005","31.1.1","distributed","basePlot",31.195867,-84.451324,"WGS84","16N",742850.669,3454108.115,0.6,"GIS",47.88,0.66,"evergreenForest","div",20120101,20230627,"JERC"
"JERC_005","31.1.10","distributed","basePlot",31.195877,-84.451313,"WGS84","16N",742851.75,3454109.196,1.35,"GIS",47.88,0.66,"evergreenForest","div",20120101,20230627,"JERC"
"JERC_005","31.4.1","distributed","basePlot",31.195964,-84.451233,"WGS84","16N",742859.108,3454119.051,0.54,"GIS",46.75,0.6,"evergreenForest","div",20120101,20230627,"JERC"
"JERC_005","31.4.10","distributed","basePlot",31.195954,-84.451245,"WGS84","16N",742858.027,3454117.97,1.29,"GIS",46.75,0.6,"evergreenForest","div",20120101,20230627,"JERC"
"JERC_005","40","distributed","basePlot",31.196011,-84.451291,"WGS84","16N",742853.511,3454124.174,2.24,"GIS",46.26,0.47,"evergreenForest","div",20120101,20230627,"JERC"
"JERC_005","40.1.1","distributed","basePlot",31.195972,-84.451339,"WGS84","16N",742849.011,3454119.674,0.49,"GIS",46.26,0.47,"evergreenForest","div",20120101,20230627,"JERC"
"JERC_005","40.1.10","distributed","basePlot",31.195981,-84.451327,"WGS84","16N",742850.092,3454120.755,1.24,"GIS",46.26,0.47,"evergreenForest","div",20120101,20230627,"JERC"
"JERC_005","40.3.1","distributed","basePlot",31.196053,-84.451337,"WGS84","16N",742849.011,3454128.674,0.49,"GIS",46.26,0.47,"evergreenForest","div",20120101,20230627,"JERC"
"JERC_005","40.3.10","distributed","basePlot",31.196043,-84.451326,"WGS84","16N",742850.092,3454127.593,1.24,"GIS",46.26,0.47,"evergreenForest","div",20120101,20230627,"JERC"
"JERC_005","41","distributed","basePlot",31.195968,-84.451228,"WGS84","16N",742859.608,3454119.551,0.29,"GeoXH 6000",46.75,0.6,"evergreenForest","bgc|cdw|cfc|dhp|hbp|sme|vst",20120101,20230627,"JERC"
"JERC_005","41","distributed","basePlot",31.196012,-84.451174,"WGS84","16N",742864.608,3454124.551,2.29,"GIS",46.75,0.6,"evergreenForest","div",20120101,20230627,"JERC"
"JERC_005","41.1.1","distributed","basePlot",31.195973,-84.451223,"WGS84","16N",742860.108,3454120.051,0.54,"GIS",46.75,0.6,"evergreenForest","div",20120101,20230627,"JERC"
"JERC_005","41.1.10","distributed","basePlot",31.195982,-84.451211,"WGS84","16N",742861.189,3454121.132,1.29,"GIS",46.75,0.6,"evergreenForest","div",20120101,20230627,"JERC"
"JERC_005","41.4.1","distributed","basePlot",31.196057,-84.451123,"WGS84","16N",742869.37,3454129.591,0.5,"GIS",45.39,0.44,"evergreenForest","div",20120101,20230627,"JERC"
"JERC_005","41.4.10","distributed","basePlot",31.196047,-84.451135,"WGS84","16N",742868.289,3454128.51,1.25,"GIS",45.39,0.44,"evergreenForest","div",20120101,20230627,"JERC"
"JERC_005","49","distributed","basePlot",31.196057,-84.451342,"WGS84","16N",742848.511,3454129.174,0.24,"GeoXH 6000",46.26,0.47,"evergreenForest","bgc|cdw|cfc|dhp|hbp|sme|vst",20120101,20230627,"JERC"
"JERC_005","51","distributed","basePlot",31.196061,-84.451118,"WGS84","16N",742869.87,3454130.091,0.25,"GeoXH 6000",45.39,0.44,"evergreenForest","bgc|cdw|cfc|dhp|hbp|sme|vst",20120101,20230627,"JERC"
"JERC_005","57","distributed","basePlot",31.196137,-84.451458,"WGS84","16N",742837.237,3454137.72,0.25,"GeoXH 6000",46.75,0.49,"evergreenForest","bgc|cdw|cfc|dhp|hbp|sme|vst",20120101,20230627,"JERC"
"JERC_005","61","distributed","basePlot",31.196152,-84.451031,"WGS84","16N",742877.951,3454140.387,0.21,"GeoXH 6000",46.32,0.32,"evergreenForest","bgc|cdw|cfc|dhp|hbp|sme|vst",20120101,20230627,"JERC"
"JERC_005","E","distributed","basePlot",31.195964,-84.451018,"WGS84","16N",742879.608,3454119.551,2.29,"GIS",46.75,0.6,"evergreenForest","bet",20120101,20230627,"JERC"
"JERC_005","N","distributed","basePlot",31.196149,-84.451223,"WGS84","16N",742859.608,3454139.551,2.29,"GIS",46.75,0.6,"evergreenForest","bet",20120101,20230627,"JERC"
"JERC_005","S","distributed","basePlot",31.195788,-84.451233,"WGS84","16N",742859.608,3454099.551,2.29,"GIS",46.75,0.6,"evergreenForest","bet",20120101,20230627,"JERC"
"JERC_005","W","distributed","basePlot",31.195973,-84.451438,"WGS84","16N",742839.608,3454119.551,2.29,"GIS",46.75,0.6,"evergreenForest","bet",20120101,20230627,"JERC"
"JERC_006","32","distributed","basePlot",31.187626,-84.455805,"WGS84","16N",742444.66,3453184.473,2.14,"GIS",41.13,0.21,"mixedForest","div",20140101,20201216,"JERC"
"JERC_006","32.2.1","distributed","basePlot",31.187584,-84.455759,"WGS84","16N",742449.16,3453179.973,0.39,"GIS",41.13,0.21,"mixedForest","div",20140101,20201216,"JERC"
"JERC_006","32.2.10","distributed","basePlot",31.187594,-84.45577,"WGS84","16N",742448.079,3453181.054,1.14,"GIS",41.13,0.21,"mixedForest","div",20140101,20201216,"JERC"
"JERC_006","32.4.1","distributed","basePlot",31.187665,-84.455757,"WGS84","16N",742449.16,3453188.973,0.39,"GIS",41.13,0.21,"mixedForest","div",20140101,20201216,"JERC"
"JERC_006","32.4.10","distributed","basePlot",31.187656,-84.455768,"WGS84","16N",742448.079,3453187.892,1.14,"GIS",41.13,0.21,"mixedForest","div",20140101,20201216,"JERC"
"JERC_006","33","distributed","basePlot",31.18758,-84.455754,"WGS84","16N",742449.66,3453179.473,0.14,"GeoXH 6000",41.13,0.21,"mixedForest","bgc|cdw|cfc|dhp|hbp|sme|vst",20140101,20201216,"JERC"
"JERC_011","31","distributed","basePlot",31.185118,-84.468311,"WGS84","16N",741258.862,3452879.028,0.23,"GeoXH 6000",38.23,0.4,"evergreenForest","cdw|cfc|dhp|hbp|vst",20120101,20230816,"JERC"
"JERC_011","31","distributed","basePlot",31.185162,-84.468258,"WGS84","16N",741263.862,3452884.028,2.23,"GIS",38.23,0.4,"evergreenForest","div",20120101,20230816,"JERC"
"JERC_011","31.1.1","distributed","basePlot",31.185122,-84.468306,"WGS84","16N",741259.362,3452879.528,0.48,"GIS",38.23,0.4,"evergreenForest","div",20120101,20230816,"JERC"
"JERC_011","31.1.10","distributed","basePlot",31.185132,-84.468294,"WGS84","16N",741260.443,3452880.609,1.23,"GIS",38.23,0.4,"evergreenForest","div",20120101,20230816,"JERC"
"JERC_011","32","distributed","basePlot",31.185165,-84.46815,"WGS84","16N",741274.115,3452884.586,2.2,"GIS",36.93,0.3,"evergreenForest","div",20120101,20230816,"JERC"
"JERC_011","32.2.1","distributed","basePlot",31.185123,-84.468104,"WGS84","16N",741278.615,3452880.086,0.45,"GIS",36.93,0.3,"evergreenForest","div",20120101,20230816,"JERC"
"JERC_011","32.2.10","distributed","basePlot",31.185133,-84.468115,"WGS84","16N",741277.534,3452881.167,1.2,"GIS",36.93,0.3,"evergreenForest","div",20120101,20230816,"JERC"
"JERC_011","32.4.1","distributed","basePlot",31.185204,-84.468102,"WGS84","16N",741278.615,3452889.086,0.45,"GIS",36.93,0.3,"evergreenForest","div",20120101,20230816,"JERC"
"JERC_011","32.4.10","distributed","basePlot",31.185195,-84.468114,"WGS84","16N",741277.534,3452888.005,1.2,"GIS",36.93,0.3,"evergreenForest","div",20120101,20230816,"JERC"
"JERC_011","33","distributed","basePlot",31.185119,-84.468099,"WGS84","16N",741279.115,3452879.586,0.2,"GeoXH 6000",36.93,0.3,"evergreenForest","cdw|cfc|dhp|hbp|vst",20120101,20230816,"JERC"
"JERC_013","31","distributed","basePlot",31.178379,-84.47005,"WGS84","16N",741110.186,3452128.021,0.16,"GeoXH 6000",36.03,0.28,"evergreenForest","cdw|cfc|dhp|hbp|vst",20140101,20190924,"JERC"
"JERC_013","31.1.1","distributed","basePlot",31.178383,-84.470045,"WGS84","16N",741110.686,3452128.521,0.41,"GIS",36.03,0.28,"evergreenForest","div",20140101,20190924,"JERC"
"JERC_013","31.1.10","distributed","basePlot",31.178393,-84.470034,"WGS84","16N",741111.767,3452129.602,1.16,"GIS",36.03,0.28,"evergreenForest","div",20140101,20190924,"JERC"
"JERC_013","32","distributed","basePlot",31.178426,-84.469894,"WGS84","16N",741124.962,3452133.602,2.23,"GIS",36.72,0.34,"evergreenForest","div",20120101,20230816,"JERC"
"JERC_013","32.2.1","distributed","basePlot",31.178384,-84.469848,"WGS84","16N",741129.462,3452129.102,0.48,"GIS",36.72,0.34,"evergreenForest","div",20120101,20230816,"JERC"
"JERC_013","32.2.10","distributed","basePlot",31.178394,-84.469859,"WGS84","16N",741128.381,3452130.183,1.23,"GIS",36.72,0.34,"evergreenForest","div",20120101,20230816,"JERC"
"JERC_013","32.4.1","distributed","basePlot",31.178466,-84.469846,"WGS84","16N",741129.462,3452138.102,0.48,"GIS",36.72,0.34,"evergreenForest","div",20120101,20230816,"JERC"
"JERC_013","32.4.10","distributed","basePlot",31.178456,-84.469858,"WGS84","16N",741128.381,3452137.021,1.23,"GIS",36.72,0.34,"evergreenForest","div",20120101,20230816,"JERC"
"JERC_013","33","distributed","basePlot",31.17838,-84.469843,"WGS84","16N",741129.962,3452128.602,0.23,"GeoXH 6000",36.72,0.34,"evergreenForest","cdw|cfc|dhp|hbp|vst",20120101,20230816,"JERC"
"JERC_013","40","distributed","basePlot",31.178512,-84.469999,"WGS84","16N",741114.718,3452142.921,2.16,"GIS",36.48,0.26,"evergreenForest","div",20140101,20190924,"JERC"
"JERC_013","40.1.1","distributed","basePlot",31.178472,-84.470048,"WGS84","16N",741110.218,3452138.421,0.41,"GIS",36.48,0.26,"evergreenForest","div",20140101,20190924,"JERC"
"JERC_013","40.1.10","distributed","basePlot",31.178482,-84.470036,"WGS84","16N",741111.299,3452139.502,1.16,"GIS",36.48,0.26,"evergreenForest","div",20140101,20190924,"JERC"
"JERC_013","40.3.1","distributed","basePlot",31.178554,-84.470045,"WGS84","16N",741110.218,3452147.421,0.41,"GIS",36.48,0.26,"evergreenForest","div",20140101,20190924,"JERC"
"JERC_013","40.3.10","distributed","basePlot",31.178544,-84.470034,"WGS84","16N",741111.299,3452146.34,1.16,"GIS",36.48,0.26,"evergreenForest","div",20140101,20190924,"JERC"
"JERC_013","41.4.1","distributed","basePlot",31.178553,-84.469849,"WGS84","16N",741128.994,3452147.794,0.39,"GIS",37.21,0.24,"evergreenForest","div",20140101,20190924,"JERC"
"JERC_013","41.4.10","distributed","basePlot",31.178544,-84.46986,"WGS84","16N",741127.913,3452146.713,1.14,"GIS",37.21,0.24,"evergreenForest","div",20140101,20190924,"JERC"
"JERC_013","49","distributed","basePlot",31.178558,-84.470051,"WGS84","16N",741109.718,3452147.921,0.16,"GeoXH 6000",36.48,0.26,"evergreenForest","cdw|cfc|dhp|hbp|vst",20140101,20190924,"JERC"
"JERC_013","51","distributed","basePlot",31.178557,-84.469843,"WGS84","16N",741129.494,3452148.294,0.14,"GeoXH 6000",37.21,0.24,"evergreenForest","cdw|cfc|dhp|hbp|vst",20140101,20190924,"JERC"
"JERC_015","31","distributed","basePlot",31.190528,-84.454328,"WGS84","16N",742578.055,3453509.507,0.23,"GeoXH 6000",47.3,0.35,"evergreenForest","cdw|cfc|dhp|hbp|vst",20120101,20230706,"JERC"
"JERC_015","31","distributed","basePlot",31.190572,-84.454274,"WGS84","16N",742583.055,3453514.507,2.23,"GIS",47.3,0.35,"evergreenForest","div",20120101,20230706,"JERC"
"JERC_015","31.1.1","distributed","basePlot",31.190532,-84.454322,"WGS84","16N",742578.555,3453510.007,0.48,"GIS",47.3,0.35,"evergreenForest","div",20120101,20230706,"JERC"
"JERC_015","31.1.10","distributed","basePlot",31.190542,-84.454311,"WGS84","16N",742579.636,3453511.088,1.23,"GIS",47.3,0.35,"evergreenForest","div",20120101,20230706,"JERC"
"JERC_015","31.4.1","distributed","basePlot",31.190607,-84.454226,"WGS84","16N",742587.544,3453518.481,0.52,"GIS",47.45,0.37,"evergreenForest","div",20120101,20230706,"JERC"
"JERC_015","31.4.10","distributed","basePlot",31.190597,-84.454238,"WGS84","16N",742586.463,3453517.4,1.27,"GIS",47.45,0.37,"evergreenForest","div",20120101,20230706,"JERC"
"JERC_015","32","distributed","basePlot",31.190564,-84.454173,"WGS84","16N",742592.68,3453513.843,2.28,"GIS",47.81,0.35,"evergreenForest","div",20120101,20230706,"JERC"
"JERC_015","32.2.1","distributed","basePlot",31.190522,-84.454127,"WGS84","16N",742597.18,3453509.343,0.53,"GIS",47.81,0.35,"evergreenForest","div",20120101,20230706,"JERC"
"JERC_015","32.2.10","distributed","basePlot",31.190532,-84.454138,"WGS84","16N",742596.099,3453510.424,1.28,"GIS",47.81,0.35,"evergreenForest","div",20120101,20230706,"JERC"
"JERC_015","32.4.1","distributed","basePlot",31.190604,-84.454125,"WGS84","16N",742597.18,3453518.343,0.53,"GIS",47.81,0.35,"evergreenForest","div",20120101,20230706,"JERC"
"JERC_015","32.4.10","distributed","basePlot",31.190594,-84.454137,"WGS84","16N",742596.099,3453517.262,1.28,"GIS",47.81,0.35,"evergreenForest","div",20120101,20230706,"JERC"
"JERC_015","33","distributed","basePlot",31.190518,-84.454122,"WGS84","16N",742597.68,3453508.843,0.28,"GeoXH 6000",47.81,0.35,"evergreenForest","cdw|cfc|dhp|hbp|vst",20120101,20230706,"JERC"
"JERC_015","40","distributed","basePlot",31.190659,-84.454275,"WGS84","16N",742582.703,3453524.156,2.25,"GIS",48.5,0.36,"evergreenForest","div",20120101,20230706,"JERC"
"JERC_015","40.1.1","distributed","basePlot",31.190619,-84.454324,"WGS84","16N",742578.203,3453519.656,0.5,"GIS",48.5,0.36,"evergreenForest","div",20120101,20230706,"JERC"
"JERC_015","40.1.10","distributed","basePlot",31.190629,-84.454312,"WGS84","16N",742579.284,3453520.737,1.25,"GIS",48.5,0.36,"evergreenForest","div",20120101,20230706,"JERC"
"JERC_015","40.3.1","distributed","basePlot",31.1907,-84.454321,"WGS84","16N",742578.203,3453528.656,0.5,"GIS",48.5,0.36,"evergreenForest","div",20120101,20230706,"JERC"
"JERC_015","40.3.10","distributed","basePlot",31.190691,-84.45431,"WGS84","16N",742579.284,3453527.575,1.25,"GIS",48.5,0.36,"evergreenForest","div",20120101,20230706,"JERC"
"JERC_015","41","distributed","basePlot",31.190611,-84.454221,"WGS84","16N",742588.044,3453518.981,0.27,"GeoXH 6000",47.45,0.37,"evergreenForest","cdw|cfc|dhp|hbp|vst",20120101,20230706,"JERC"
"JERC_015","41","distributed","basePlot",31.190655,-84.454167,"WGS84","16N",742593.044,3453523.981,2.27,"GIS",47.45,0.37,"evergreenForest","div",20120101,20230706,"JERC"
"JERC_015","41.1.1","distributed","basePlot",31.190616,-84.454215,"WGS84","16N",742588.544,3453519.481,0.52,"GIS",47.45,0.37,"evergreenForest","div",20120101,20230706,"JERC"
"JERC_015","41.1.10","distributed","basePlot",31.190625,-84.454204,"WGS84","16N",742589.625,3453520.562,1.27,"GIS",47.45,0.37,"evergreenForest","div",20120101,20230706,"JERC"
"JERC_015","41.4.1","distributed","basePlot",31.190696,-84.454127,"WGS84","16N",742596.724,3453528.633,0.51,"GIS",49.25,0.41,"evergreenForest","div",20120101,20230706,"JERC"
"JERC_015","41.4.10","distributed","basePlot",31.190687,-84.454139,"WGS84","16N",742595.643,3453527.552,1.26,"GIS",49.25,0.41,"evergreenForest","div",20120101,20230706,"JERC"
"JERC_015","49","distributed","basePlot",31.190705,-84.454327,"WGS84","16N",742577.703,3453529.156,0.25,"GeoXH 6000",48.5,0.36,"evergreenForest","cdw|cfc|dhp|hbp|vst",20120101,20230706,"JERC"
"JERC_015","51","distributed","basePlot",31.190701,-84.454122,"WGS84","16N",742597.224,3453529.133,0.26,"GeoXH 6000",49.25,0.41,"evergreenForest","cdw|cfc|dhp|hbp|vst",20120101,20230706,"JERC"
"JERC_017","31.4.1","distributed","basePlot",31.195469,-84.453458,"WGS84","16N",742648.321,3454059.292,0.49,"GIS",45.59,0.34,"evergreenForest","div",20120101,20230815,"JERC"
"JERC_017","31.4.10","distributed","basePlot",31.19546,-84.45347,"WGS84","16N",742647.24,3454058.211,1.24,"GIS",45.59,0.34,"evergreenForest","div",20120101,20230815,"JERC"
"JERC_017","32","distributed","basePlot",31.195428,-84.453393,"WGS84","16N",742654.668,3454054.89,2.2,"GIS",44.76,0.29,"evergreenForest","div",20120101,20230815,"JERC"
"JERC_017","32.2.1","distributed","basePlot",31.195387,-84.453347,"WGS84","16N",742659.168,3454050.39,0.45,"GIS",44.76,0.29,"evergreenForest","div",20120101,20230815,"JERC"
"JERC_017","32.2.10","distributed","basePlot",31.195397,-84.453358,"WGS84","16N",742658.087,3454051.471,1.2,"GIS",44.76,0.29,"evergreenForest","div",20120101,20230815,"JERC"
"JERC_017","32.4.1","distributed","basePlot",31.195468,-84.453344,"WGS84","16N",742659.168,3454059.39,0.45,"GIS",44.76,0.29,"evergreenForest","div",20120101,20230815,"JERC"
"JERC_017","32.4.10","distributed","basePlot",31.195458,-84.453356,"WGS84","16N",742658.087,3454058.309,1.2,"GIS",44.76,0.29,"evergreenForest","div",20120101,20230815,"JERC"
"JERC_017","33","distributed","basePlot",31.195382,-84.453341,"WGS84","16N",742659.668,3454049.89,0.2,"GeoXH 6000",44.76,0.29,"evergreenForest","cdw|cfc|dhp|hbp|vst",20120101,20230815,"JERC"
"JERC_017","40","distributed","basePlot",31.195514,-84.453499,"WGS84","16N",742644.262,3454064.17,2.17,"GIS",46.38,0.24,"evergreenForest","div",20120101,20230815,"JERC"
"JERC_017","40.1.1","distributed","basePlot",31.195474,-84.453548,"WGS84","16N",742639.762,3454059.67,0.42,"GIS",46.38,0.24,"evergreenForest","div",20120101,20230815,"JERC"
"JERC_017","40.1.10","distributed","basePlot",31.195484,-84.453536,"WGS84","16N",742640.843,3454060.751,1.17,"GIS",46.38,0.24,"evergreenForest","div",20120101,20230815,"JERC"
"JERC_017","40.3.1","distributed","basePlot",31.195555,-84.453546,"WGS84","16N",742639.762,3454068.67,0.42,"GIS",46.38,0.24,"evergreenForest","div",20120101,20230815,"JERC"
"JERC_017","40.3.10","distributed","basePlot",31.195545,-84.453535,"WGS84","16N",742640.843,3454067.589,1.17,"GIS",46.38,0.24,"evergreenForest","div",20120101,20230815,"JERC"
"JERC_017","41","distributed","basePlot",31.195473,-84.453453,"WGS84","16N",742648.821,3454059.792,0.24,"GeoXH 6000",45.59,0.34,"evergreenForest","cdw|cfc|dhp|hbp|vst",20120101,20230815,"JERC"
"JERC_017","41","distributed","basePlot",31.195518,-84.453399,"WGS84","16N",742653.821,3454064.792,2.24,"GIS",45.59,0.34,"evergreenForest","div",20120101,20230815,"JERC"
"JERC_017","41.1.1","distributed","basePlot",31.195478,-84.453447,"WGS84","16N",742649.321,3454060.292,0.49,"GIS",45.59,0.34,"evergreenForest","div",20120101,20230815,"JERC"
"JERC_017","41.1.10","distributed","basePlot",31.195487,-84.453436,"WGS84","16N",742650.402,3454061.373,1.24,"GIS",45.59,0.34,"evergreenForest","div",20120101,20230815,"JERC"
"JERC_017","41.4.1","distributed","basePlot",31.195557,-84.453348,"WGS84","16N",742658.547,3454069.242,0.49,"GIS",44.29,0.3,"evergreenForest","div",20120101,20230815,"JERC"
"JERC_017","41.4.10","distributed","basePlot",31.195547,-84.45336,"WGS84","16N",742657.466,3454068.161,1.24,"GIS",44.29,0.3,"evergreenForest","div",20120101,20230815,"JERC"
"JERC_017","49","distributed","basePlot",31.19556,-84.453551,"WGS84","16N",742639.262,3454069.17,0.17,"GeoXH 6000",46.38,0.24,"evergreenForest","cdw|cfc|dhp|hbp|vst",20120101,20230815,"JERC"
"JERC_017","51","distributed","basePlot",31.195561,-84.453343,"WGS84","16N",742659.047,3454069.742,0.24,"GeoXH 6000",44.29,0.3,"evergreenForest","cdw|cfc|dhp|hbp|vst",20120101,20230815,"JERC"
"JERC_021","31.4.1","distributed","basePlot",31.175752,-84.469068,"WGS84","16N",741210.467,3451838.908,0.43,"GIS",37.3,0.35,"evergreenForest","div",20120101,20230815,"JERC"
"JERC_021","31.4.10","distributed","basePlot",31.175742,-84.46908,"WGS84","16N",741209.386,3451837.827,1.18,"GIS",37.3,0.35,"evergreenForest","div",20120101,20230815,"JERC"
"JERC_021","41","distributed","basePlot",31.175756,-84.469063,"WGS84","16N",741210.967,3451839.408,0.18,"GeoXH 6000",37.3,0.35,"evergreenForest","cdw|cfc|dhp|hbp|vst",20120101,20230815,"JERC"
"JERC_021","41","distributed","basePlot",31.1758,-84.469009,"WGS84","16N",741215.967,3451844.408,2.18,"GIS",37.3,0.35,"evergreenForest","div",20120101,20230815,"JERC"
"JERC_021","41.1.1","distributed","basePlot",31.175761,-84.469058,"WGS84","16N",741211.467,3451839.908,0.43,"GIS",37.3,0.35,"evergreenForest","div",20120101,20230815,"JERC"
"JERC_021","41.1.10","distributed","basePlot",31.17577,-84.469046,"WGS84","16N",741212.548,3451840.989,1.18,"GIS",37.3,0.35,"evergreenForest","div",20120101,20230815,"JERC"
"JERC_022","40","distributed","basePlot",31.210421,-84.468516,"WGS84","16N",741175.105,3455684.236,2.2,"GIS",47.92,0.26,"evergreenForest","div",20120101,20230815,"JERC"
"JERC_022","40.1.1","distributed","basePlot",31.210382,-84.468564,"WGS84","16N",741170.605,3455679.736,0.45,"GIS",47.92,0.26,"evergreenForest","div",20120101,20230815,"JERC"
"JERC_022","40.1.10","distributed","basePlot",31.210391,-84.468553,"WGS84","16N",741171.686,3455680.817,1.2,"GIS",47.92,0.26,"evergreenForest","div",20120101,20230815,"JERC"
"JERC_022","40.3.1","distributed","basePlot",31.210463,-84.468562,"WGS84","16N",741170.605,3455688.736,0.45,"GIS",47.92,0.26,"evergreenForest","div",20120101,20230815,"JERC"
"JERC_022","40.3.10","distributed","basePlot",31.210453,-84.468551,"WGS84","16N",741171.686,3455687.655,1.2,"GIS",47.92,0.26,"evergreenForest","div",20120101,20230815,"JERC"
"JERC_031","31","distributed","basePlot",31.202362,-84.464691,"WGS84","16N",741560.111,3454798.959,0.2,"GeoXH 6000",43.63,0.27,"mixedForest","cdw|cfc|dhp|hbp|vst",20120101,20230815,"JERC"
"JERC_031","31","distributed","basePlot",31.202406,-84.464638,"WGS84","16N",741565.111,3454803.959,2.2,"GIS",43.63,0.27,"mixedForest","div",20120101,20230815,"JERC"
"JERC_031","31.1.1","distributed","basePlot",31.202366,-84.464686,"WGS84","16N",741560.611,3454799.459,0.45,"GIS",43.63,0.27,"mixedForest","div",20120101,20230815,"JERC"
"JERC_031","31.1.10","distributed","basePlot",31.202376,-84.464674,"WGS84","16N",741561.692,3454800.54,1.2,"GIS",43.63,0.27,"mixedForest","div",20120101,20230815,"JERC"
"JERC_031","32","distributed","basePlot",31.202412,-84.464534,"WGS84","16N",741574.96,3454804.808,2.16,"GIS",44.49,0.18,"mixedForest","div",20120101,20230815,"JERC"
"JERC_031","32.2.1","distributed","basePlot",31.20237,-84.464488,"WGS84","16N",741579.46,3454800.308,0.41,"GIS",44.49,0.18,"mixedForest","div",20120101,20230815,"JERC"
"JERC_031","32.2.10","distributed","basePlot",31.20238,-84.464499,"WGS84","16N",741578.379,3454801.389,1.16,"GIS",44.49,0.18,"mixedForest","div",20120101,20230815,"JERC"
"JERC_031","32.4.1","distributed","basePlot",31.202451,-84.464486,"WGS84","16N",741579.46,3454809.308,0.41,"GIS",44.49,0.18,"mixedForest","div",20120101,20230815,"JERC"
"JERC_031","32.4.10","distributed","basePlot",31.202442,-84.464497,"WGS84","16N",741578.379,3454808.227,1.16,"GIS",44.49,0.18,"mixedForest","div",20120101,20230815,"JERC"
"JERC_031","33","distributed","basePlot",31.202365,-84.464483,"WGS84","16N",741579.96,3454799.808,0.16,"GeoXH 6000",44.49,0.18,"mixedForest","cdw|cfc|dhp|hbp|vst",20120101,20230815,"JERC"
"JERC_031","40","distributed","basePlot",31.202494,-84.464646,"WGS84","16N",741564.052,3454813.753,2.17,"GIS",43.51,0.25,"mixedForest","div",20120101,20230815,"JERC"
"JERC_031","40.1.1","distributed","basePlot",31.202455,-84.464695,"WGS84","16N",741559.552,3454809.253,0.42,"GIS",43.51,0.25,"mixedForest","div",20120101,20230815,"JERC"
"JERC_031","40.1.10","distributed","basePlot",31.202464,-84.464683,"WGS84","16N",741560.633,3454810.334,1.17,"GIS",43.51,0.25,"mixedForest","div",20120101,20230815,"JERC"
"JERC_031","40.3.1","distributed","basePlot",31.202536,-84.464692,"WGS84","16N",741559.552,3454818.253,0.42,"GIS",43.51,0.25,"mixedForest","div",20120101,20230815,"JERC"
"JERC_031","40.3.10","distributed","basePlot",31.202526,-84.464681,"WGS84","16N",741560.633,3454817.172,1.17,"GIS",43.51,0.25,"mixedForest","div",20120101,20230815,"JERC"
"JERC_031","41.4.1","distributed","basePlot",31.202546,-84.464494,"WGS84","16N",741578.446,3454819.765,0.41,"GIS",44.14,0.19,"mixedForest","div",20120101,20230815,"JERC"
"JERC_031","41.4.10","distributed","basePlot",31.202536,-84.464506,"WGS84","16N",741577.365,3454818.684,1.16,"GIS",44.14,0.19,"mixedForest","div",20120101,20230815,"JERC"
"JERC_031","49","distributed","basePlot",31.202541,-84.464698,"WGS84","16N",741559.052,3454818.753,0.17,"GeoXH 6000",43.51,0.25,"mixedForest","cdw|cfc|dhp|hbp|vst",20120101,20230815,"JERC"
"JERC_031","51","distributed","basePlot",31.20255,-84.464489,"WGS84","16N",741578.946,3454820.265,0.16,"GeoXH 6000",44.14,0.19,"mixedForest","cdw|cfc|dhp|hbp|vst",20120101,20230815,"JERC"
"JERC_047","21","tower","basePlot",31.198259,-84.467389,"WGS84","16N",741313.379,3454338.078,0.19,"GeoXH 6000",35.83,0.37,"evergreenForest","bbc|bgc|cdw|cfc|dhp|hbp|ltr|sme|vst",20120101,20230808,"JERC"
"JERC_047","23","tower","basePlot",31.198255,-84.467181,"WGS84","16N",741333.209,3454338.129,0.31,"GeoXH 6000",36.85,0.65,"evergreenForest","bbc|bgc|cdw|cfc|dhp|hbp|ltr|sme|vst",20120101,20230808,"JERC"
"JERC_047","31.4.1","tower","basePlot",31.198429,-84.467184,"WGS84","16N",741332.563,3454357.438,0.46,"GIS",36.42,0.33,"evergreenForest","div",20120101,20230808,"JERC"
"JERC_047","31.4.10","tower","basePlot",31.19842,-84.467195,"WGS84","16N",741331.482,3454356.357,1.21,"GIS",36.42,0.33,"evergreenForest","div",20120101,20230808,"JERC"
"JERC_047","39","tower","basePlot",31.198438,-84.467388,"WGS84","16N",741313.024,3454358.013,0.28,"GeoXH 6000",37.87,0.56,"evergreenForest","bbc|bgc|cdw|cfc|dhp|hbp|ltr|sme|vst",20120101,20230808,"JERC"
"JERC_047","41","tower","basePlot",31.198433,-84.467178,"WGS84","16N",741333.063,3454357.938,0.21,"GeoXH 6000",36.42,0.33,"evergreenForest","bbc|bgc|cdw|cfc|dhp|hbp|ltr|sme|vst",20120101,20230808,"JERC"
"JERC_047","41","tower","basePlot",31.198478,-84.467125,"WGS84","16N",741338.063,3454362.938,2.21,"GIS",36.42,0.33,"evergreenForest","div",20120101,20230808,"JERC"
"JERC_047","41.1.1","tower","basePlot",31.198438,-84.467173,"WGS84","16N",741333.563,3454358.438,0.46,"GIS",36.42,0.33,"evergreenForest","div",20120101,20230808,"JERC"
"JERC_047","41.1.10","tower","basePlot",31.198447,-84.467161,"WGS84","16N",741334.644,3454359.519,1.21,"GIS",36.42,0.33,"evergreenForest","div",20120101,20230808,"JERC"
"JERC_047","43","tower","basePlot",31.198432,-84.466969,"WGS84","16N",741352.999,3454358.262,0.31,"GeoXH 6000",35.43,0.58,"evergreenForest","bbc|bgc|cdw|cfc|dhp|hbp|ltr|sme|vst",20120101,20230808,"JERC"
"JERC_047","57","tower","basePlot",31.198619,-84.467391,"WGS84","16N",741312.316,3454378.068,0.27,"GeoXH 6000",37.59,0.41,"evergreenForest","bbc|bgc|cdw|cfc|dhp|hbp|ltr|sme|vst",20120101,20230808,"JERC"
"JERC_047","59","tower","basePlot",31.198613,-84.46718,"WGS84","16N",741332.445,3454377.883,0.21,"GeoXH 6000",34.84,0.43,"evergreenForest","bbc|bgc|cdw|cfc|dhp|hbp|ltr|sme|vst",20120101,20230808,"JERC"
"JERC_047","61","tower","basePlot",31.198618,-84.466978,"WGS84","16N",741351.69,3454378.874,0.3,"GeoXH 6000",35.26,0.53,"evergreenForest","bbc|bgc|cdw|cfc|dhp|hbp|ltr|sme|vst",20120101,20230808,"JERC"
"JERC_049","31","tower","basePlot",31.196447,-84.464163,"WGS84","16N",741625.545,3454144.321,NA,"GIS",45.49,NA,"evergreenForest","div",20140101,20221005,"JERC"
"JERC_049","31.1.1","tower","basePlot",31.196408,-84.464211,"WGS84","16N",741621.045,3454139.821,NA,"GIS",45.49,NA,"evergreenForest","div",20140101,20221005,"JERC"
"JERC_049","31.1.10","tower","basePlot",31.196417,-84.464199,"WGS84","16N",741622.126,3454140.902,NA,"GIS",45.49,NA,"evergreenForest","div",20140101,20221005,"JERC"
"JERC_049","32","tower","basePlot",31.196445,-84.464058,"WGS84","16N",741635.545,3454144.321,NA,"GIS",46.44,NA,"evergreenForest","div",20140101,20221005,"JERC"
"JERC_049","32.2.1","tower","basePlot",31.196404,-84.464012,"WGS84","16N",741640.045,3454139.821,NA,"GIS",46.44,NA,"evergreenForest","div",20140101,20221005,"JERC"
"JERC_049","32.2.10","tower","basePlot",31.196414,-84.464023,"WGS84","16N",741638.964,3454140.902,NA,"GIS",46.44,NA,"evergreenForest","div",20140101,20221005,"JERC"
"JERC_049","32.4.1","tower","basePlot",31.196485,-84.464009,"WGS84","16N",741640.045,3454148.821,NA,"GIS",46.44,NA,"evergreenForest","div",20140101,20221005,"JERC"
"JERC_049","32.4.10","tower","basePlot",31.196476,-84.464021,"WGS84","16N",741638.964,3454147.74,NA,"GIS",46.44,NA,"evergreenForest","div",20140101,20221005,"JERC"
"JERC_049","40","tower","basePlot",31.196538,-84.46416,"WGS84","16N",741625.545,3454154.321,NA,"GIS",45.07,NA,"evergreenForest","div",20140101,20221005,"JERC"
"JERC_049","40.1.1","tower","basePlot",31.196498,-84.464208,"WGS84","16N",741621.045,3454149.821,NA,"GIS",45.07,NA,"evergreenForest","div",20140101,20221005,"JERC"
"JERC_049","40.1.10","tower","basePlot",31.196507,-84.464197,"WGS84","16N",741622.126,3454150.902,NA,"GIS",45.07,NA,"evergreenForest","div",20140101,20221005,"JERC"
"JERC_049","40.3.1","tower","basePlot",31.196579,-84.464206,"WGS84","16N",741621.045,3454158.821,NA,"GIS",45.07,NA,"evergreenForest","div",20140101,20221005,"JERC"
"JERC_049","40.3.10","tower","basePlot",31.196569,-84.464195,"WGS84","16N",741622.126,3454157.74,NA,"GIS",45.07,NA,"evergreenForest","div",20140101,20221005,"JERC"
"JERC_049","41.4.1","tower","basePlot",31.196575,-84.464007,"WGS84","16N",741640.045,3454158.821,NA,"GIS",45.76,NA,"evergreenForest","div",20140101,20221005,"JERC"
"JERC_049","41.4.10","tower","basePlot",31.196566,-84.464019,"WGS84","16N",741638.964,3454157.74,NA,"GIS",45.76,NA,"evergreenForest","div",20140101,20221005,"JERC"
"JERC_049","59","tower","basePlot",31.196672,-84.464128,"WGS84","16N",741628.236,3454169.289,0.21,"GeoXH 6000",46.35,0.29,"evergreenForest","bbc|bgc|cdw|cfc|dhp|hbp|ltr|sme|vst",20140101,20180711,"JERC"
"JERC_049","59","tower","basePlot",31.196672,-84.464113,"WGS84","16N",741629.681,3454169.309,0.13,"GeoXH 6000",44.05,0.17,"evergreenForest","bbc|bgc|cdw|cfc|dhp|hbp|ltr|sme|vst",20140101,20221005,"JERC"
"JERC_049","61","tower","basePlot",31.196669,-84.463906,"WGS84","16N",741649.457,3454169.409,0.15,"GeoXH 6000",46.16,0.26,"evergreenForest","bbc|bgc|cdw|cfc|dhp|hbp|ltr|sme|vst",20140101,20180711,"JERC"
"JERC_049","61","tower","basePlot",31.196677,-84.4639,"WGS84","16N",741649.949,3454170.349,0.1,"GeoXH 6000",44.55,0.14,"evergreenForest","bbc|bgc|cdw|cfc|dhp|hbp|ltr|sme|vst",20140101,20221005,"JERC"
"JERC_050","25","tower","basePlot",31.196675,-84.468004,"WGS84","16N",741258.853,3454161.143,0.25,"GeoXH 6000",38.92,0.43,"evergreenForest","bbc|bgc|cdw|cfc|dhp|hbp|ltr|sme|vst",20140101,20180711,"JERC"
"JERC_050","39","tower","basePlot",31.19685,-84.468401,"WGS84","16N",741220.561,3454179.656,0.28,"GeoXH 6000",33.87,0.37,"evergreenForest","bbc|bgc|cdw|cfc|dhp|hbp|ltr|sme|vst",20140101,20180711,"JERC"
"JERC_050","43","tower","basePlot",31.196837,-84.467992,"WGS84","16N",741259.59,3454179.188,0.12,"GeoXH 6000",34.76,0.18,"evergreenForest","bbc|bgc|cdw|cfc|dhp|hbp|ltr|sme|vst",20140101,20180711,"JERC"
"JERC_050","57","tower","basePlot",31.197029,-84.468398,"WGS84","16N",741220.368,3454199.59,0.21,"GeoXH 6000",33.92,0.44,"evergreenForest","bbc|bgc|cdw|cfc|dhp|hbp|ltr|sme|vst",20140101,20180711,"JERC"
"JERC_051","21","tower","basePlot",31.199308,-84.464543,"WGS84","16N",741582.009,3454460.646,0.21,"GeoXH 6000",39.85,0.26,"evergreenForest","bbc|cdw|cfc|dhp|hbp|ltr|vst",20140101,20180815,"JERC"
"JERC_051","23","tower","basePlot",31.199312,-84.464349,"WGS84","16N",741600.446,3454461.502,0.19,"GeoXH 6000",39.8,0.21,"evergreenForest","bbc|cdw|cfc|dhp|hbp|ltr|vst",20140101,20180815,"JERC"
"JERC_051","57","tower","basePlot",31.199666,-84.464545,"WGS84","16N",741580.895,3454500.375,0.29,"GeoXH 6000",37.46,0.17,"evergreenForest","bbc|cdw|cfc|dhp|hbp|ltr|vst",20140101,20180815,"JERC"
"JERC_051","59","tower","basePlot",31.199657,-84.464327,"WGS84","16N",741601.722,3454499.781,0.2,"GeoXH 6000",39.88,0.31,"evergreenForest","bbc|cdw|cfc|dhp|hbp|ltr|vst",20140101,20180815,"JERC"
"JERC_054","57","tower","basePlot",31.198111,-84.469014,"WGS84","16N",741158.936,3454318.186,0.25,"GeoXH 6000",32.45,0.26,"evergreenForest","bbc|cdw|cfc|dhp|hbp|ltr|vst",20140101,20180814,"JERC"
"JERC_054","59","tower","basePlot",31.198115,-84.468821,"WGS84","16N",741177.322,3454319.086,0.19,"GeoXH 6000",36.02,0.26,"evergreenForest","bbc|cdw|cfc|dhp|hbp|ltr|vst",20140101,20180814,"JERC"
"JERC_054","61","tower","basePlot",31.198117,-84.468606,"WGS84","16N",741197.765,3454319.682,0.17,"GeoXH 6000",35.82,0.3,"evergreenForest","bbc|cdw|cfc|dhp|hbp|ltr|vst",20140101,20180814,"JERC"
"JERC_056","39","tower","basePlot",31.194632,-84.466568,"WGS84","16N",741400.858,3453937.758,0.11,"GeoXH 6000",44.1,0.15,"evergreenForest","bbc|cdw|cfc|dhp|hbp|ltr|vst",20140101,20180711,"JERC"
"JERC_057","57","tower","basePlot",31.201123,-84.469866,"WGS84","16N",741070.064,3454650.262,0.17,"GeoXH 6000",34.68,0.25,"mixedForest","bbc|cdw|cfc|dhp|hbp|ltr|vst",20140101,20180814,"JERC"
"JERC_057","61","tower","basePlot",31.201121,-84.46945,"WGS84","16N",741109.708,3454650.95,0.2,"GeoXH 6000",33.34,0.24,"mixedForest","bbc|cdw|cfc|dhp|hbp|ltr|vst",20140101,20180814,"JERC"
"JERC_060","25","tower","basePlot",31.198509,-84.465087,"WGS84","16N",741532.175,3454370.909,0.24,"GeoXH 6000",38.7,0.43,"evergreenForest","bbc|cdw|cfc|dhp|hbp|ltr|vst",20140101,20180814,"JERC"
"JERC_060","57","tower","basePlot",31.198859,-84.465524,"WGS84","16N",741489.638,3454408.693,0.17,"GeoXH 6000",38.04,0.33,"evergreenForest","bbc|cdw|cfc|dhp|hbp|ltr|vst",20140101,20180814,"JERC"
"JERC_060","61","tower","basePlot",31.198862,-84.465098,"WGS84","16N",741530.28,3454410.007,0.17,"GeoXH 6000",35.12,0.31,"evergreenForest","bbc|cdw|cfc|dhp|hbp|ltr|vst",20140101,20180814,"JERC"
"JERC_065","21","tower","basePlot",31.200099,-84.465482,"WGS84","16N",741490.467,3454546.308,0.26,"GeoXH 6000",40.6,0.62,"evergreenForest","bbc|cdw|cfc|dhp|hbp|ltr|vst",20120101,20230602,"JERC"
"JERC_065","23","tower","basePlot",31.200105,-84.465266,"WGS84","16N",741511.11,3454547.449,0.36,"GeoXH 6000",39.1,0.66,"evergreenForest","bbc|cdw|cfc|dhp|hbp|ltr|vst",20120101,20230602,"JERC"
"JERC_065","25","tower","basePlot",31.200114,-84.465063,"WGS84","16N",741530.363,3454548.838,0.19,"GeoXH 6000",39.81,0.38,"evergreenForest","bbc|cdw|cfc|dhp|hbp|ltr|vst",20120101,20230602,"JERC"
"JERC_065","39","tower","basePlot",31.200286,-84.465494,"WGS84","16N",741488.887,3454567.041,0.31,"GeoXH 6000",40.02,0.61,"evergreenForest","bbc|cdw|cfc|dhp|hbp|ltr|vst",20120101,20230602,"JERC"
"JERC_065","43","tower","basePlot",31.200297,-84.465071,"WGS84","16N",741529.143,3454569.213,0.21,"GeoXH 6000",40.93,0.35,"evergreenForest","bbc|cdw|cfc|dhp|hbp|ltr|vst",20120101,20230602,"JERC"
"JERC_065","57","tower","basePlot",31.200466,-84.465501,"WGS84","16N",741487.747,3454586.935,0.31,"GeoXH 6000",42.04,0.75,"evergreenForest","bbc|cdw|cfc|dhp|hbp|ltr|vst",20120101,20230602,"JERC"
"JERC_065","59","tower","basePlot",31.200478,-84.465276,"WGS84","16N",741509.148,3454588.769,0.35,"GeoXH 6000",40.37,0.52,"evergreenForest","bbc|cdw|cfc|dhp|hbp|ltr|vst",20120101,20230602,"JERC"
"JERC_065","61","tower","basePlot",31.200465,-84.465072,"WGS84","16N",741528.658,3454587.758,0.39,"GeoXH 6000",41,0.74,"evergreenForest","bbc|cdw|cfc|dhp|hbp|ltr|vst",20120101,20230602,"JERC"
"JERC_081","21","distributed","tickPlot",31.19787,-84.481529,"WGS84","16N",739966.714,3454264.237,0.1,"GeoXH 6000",43.54,0.1,"mixedForest","tck",20150101,20210406,"JERC"
"JERC_081","25","distributed","tickPlot",31.197936,-84.481126,"WGS84","16N",740004.927,3454272.376,0.1,"GeoXH 6000",43.53,0.1,"mixedForest","tck",20150101,20210406,"JERC"
"JERC_081","57","distributed","tickPlot",31.198238,-84.481612,"WGS84","16N",739957.842,3454304.805,0.1,"GeoXH 6000",44.34,0.13,"mixedForest","tck",20150101,20210406,"JERC"
"JERC_081","61","distributed","tickPlot",31.198293,-84.481198,"WGS84","16N",739997.176,3454311.792,0.1,"GeoXH 6000",43.99,0.1,"mixedForest","tck",20150101,20210406,"JERC"
"LENO_018","21","distributed","basePlot",31.810597,-88.184959,"WGS84","16N",387841.276,3520053.472,0.26,"GeoXH 6000",16.54,0.4,"woodyWetlands","cdw|cfc|dhp|hbp|vst",20150101,20210310,"LENO"
"LENO_018","25","distributed","basePlot",31.810603,-88.184517,"WGS84","16N",387883.058,3520053.668,0.16,"GeoXH 6000",13.28,0.28,"woodyWetlands","cdw|cfc|dhp|hbp|vst",20150101,20210310,"LENO"
"LENO_018","57","distributed","basePlot",31.810973,-88.184966,"WGS84","16N",387841.016,3520095.2,0.21,"GeoXH 6000",12.33,0.26,"woodyWetlands","cdw|cfc|dhp|hbp|vst",20150101,20210310,"LENO"
"LENO_018","61","distributed","basePlot",31.810976,-88.184515,"WGS84","16N",387883.715,3520095.024,0.15,"GeoXH 6000",10.13,0.19,"woodyWetlands","cdw|cfc|dhp|hbp|vst",20150101,20210310,"LENO"
"LENO_066","25","tower","basePlot",31.853569,-88.161798,"WGS84","16N",390084.58,3524793.321,0.15,"GeoXH 6000",17.15,0.24,"deciduousForest","bbc|cdw|cfc|dhp|hbp|ltr|vst",20150101,20210310,"LENO"
"LENO_066","43","tower","basePlot",31.853753,-88.161767,"WGS84","16N",390087.742,3524813.618,0.26,"GeoXH 6000",26.2,0.33,"deciduousForest","bbc|cdw|cfc|dhp|hbp|ltr|vst",20150101,20211202,"LENO"
"LENO_066","57","tower","basePlot",31.853901,-88.162177,"WGS84","16N",390049.114,3524830.517,0.14,"GeoXH 6000",15.28,0.2,"deciduousForest","bbc|cdw|cfc|dhp|hbp|ltr|vst",20150101,20211202,"LENO"
"LENO_066","59","tower","basePlot",31.853947,-88.161967,"WGS84","16N",390069.063,3524835.345,0.15,"GeoXH 6000",15.31,0.2,"deciduousForest","bbc|cdw|cfc|dhp|hbp|ltr|vst",20150101,20211202,"LENO"
"LENO_066","61","tower","basePlot",31.853917,-88.161771,"WGS84","16N",390087.496,3524831.849,0.16,"GeoXH 6000",15.9,0.25,"deciduousForest","bbc|cdw|cfc|dhp|hbp|ltr|vst",20150101,20211202,"LENO"
"MLBS_062","21","tower","basePlot",37.374044,-80.526456,"WGS84","17N",541926.918,4136472.76,0.19,"GeoXH 6000",1162.73,0.27,"deciduousForest","bbc|cdw|cfc|dhp|hbp|ltr|vst",20150101,20191114,"MLBS"
"MLBS_062","25","tower","basePlot",37.374039,-80.526024,"WGS84","17N",541965.195,4136472.378,0.23,"GeoXH 6000",1172.77,0.27,"deciduousForest","bbc|cdw|cfc|dhp|hbp|ltr|vst",20150101,20191114,"MLBS"
"MLBS_062","57","tower","basePlot",37.374421,-80.52646,"WGS84","17N",541926.379,4136514.558,0.26,"GeoXH 6000",1169.01,0.32,"deciduousForest","bbc|cdw|cfc|dhp|hbp|ltr|vst",20150101,20191114,"MLBS"
"MLBS_062","61","tower","basePlot",37.374404,-80.526001,"WGS84","17N",541967.028,4136512.925,0.3,"GeoXH 6000",1168.62,0.64,"deciduousForest","bbc|cdw|cfc|dhp|hbp|ltr|vst",20150101,20191114,"MLBS"
"MLBS_070","25","tower","basePlot",37.375397,-80.526379,"WGS84","17N",541933.025,4136622.881,0.25,"GeoXH 6000",1162.48,0.35,"deciduousForest","bbc|cdw|cfc|dhp|hbp|ltr|vst",20150101,20210302,"MLBS"
"MLBS_070","39","tower","basePlot",37.375575,-80.526819,"WGS84","17N",541893.913,4136642.49,0.1,"GeoXH 6000",1166.86,0.17,"deciduousForest","bbc|cdw|cfc|dhp|hbp|ltr|vst",20150101,20210302,"MLBS"
"MLBS_070","43","tower","basePlot",37.375574,-80.526384,"WGS84","17N",541932.471,4136642.598,0.32,"GeoXH 6000",1169.42,0.51,"deciduousForest","bbc|cdw|cfc|dhp|hbp|ltr|vst",20150101,20210302,"MLBS"
"NOGP_037","41","distributed","mosquitoPoint",46.794838,-100.909081,"WGS84","14N",354308.046,5184135.162,10.1,"GeoXH 6000",532.94,0.1,"grasslandHerbaceous","mos|mpt",20120101,20230602,"NOGP"
"NOGP_040","41","distributed","mosquitoPoint",46.791529,-100.913326,"WGS84","14N",353975.11,5183775.326,10.1,"GeoXH 6000",549.91,0.1,"grasslandHerbaceous","mos|mpt",20120101,20230602,"NOGP"
"ORNL_018","25","distributed","basePlot",35.933751,-84.276744,"WGS84","16N",745674.783,3980028.275,0.14,"Geo 7X (H-Star)",265.64,0.14,"deciduousForest","cdw|cfc|dhp|hbp|vst",20140101,20200130,"ORNL"
"ORNL_018","32","distributed","basePlot",35.933882,-84.276895,"WGS84","16N",745660.724,3980042.46,2.17,"GIS",266.84,0.19,"deciduousForest","div",20140101,20200130,"ORNL"
"ORNL_018","32.2.1","distributed","basePlot",35.93384,-84.276846,"WGS84","16N",745665.224,3980037.96,0.42,"GIS",266.84,0.19,"deciduousForest","div",20140101,20200130,"ORNL"
"ORNL_018","32.2.10","distributed","basePlot",35.93385,-84.276858,"WGS84","16N",745664.143,3980039.041,1.17,"GIS",266.84,0.19,"deciduousForest","div",20140101,20200130,"ORNL"
"ORNL_018","32.4.1","distributed","basePlot",35.933921,-84.276844,"WGS84","16N",745665.224,3980046.96,0.42,"GIS",266.84,0.19,"deciduousForest","div",20140101,20200130,"ORNL"
"ORNL_018","32.4.10","distributed","basePlot",35.933912,-84.276856,"WGS84","16N",745664.143,3980045.879,1.17,"GIS",266.84,0.19,"deciduousForest","div",20140101,20200130,"ORNL"
"ORNL_018","33","distributed","basePlot",35.933836,-84.276841,"WGS84","16N",745665.724,3980037.46,0.17,"GeoXH 6000",266.84,0.19,"deciduousForest","cdw|cfc|dhp|hbp|vst",20140101,20200130,"ORNL"
"ORNL_018","40","distributed","basePlot",35.93398,-84.277032,"WGS84","16N",745648.022,3980052.928,2.17,"GIS",261.38,0.2,"deciduousForest","div",20140101,20200130,"ORNL"
"ORNL_018","40.1.1","distributed","basePlot",35.93394,-84.277083,"WGS84","16N",745643.522,3980048.428,0.42,"GIS",261.38,0.2,"deciduousForest","div",20140101,20200130,"ORNL"
"ORNL_018","40.1.10","distributed","basePlot",35.93395,-84.277071,"WGS84","16N",745644.603,3980049.509,1.17,"GIS",261.38,0.2,"deciduousForest","div",20140101,20200130,"ORNL"
"ORNL_018","40.3.1","distributed","basePlot",35.934021,-84.277081,"WGS84","16N",745643.522,3980057.428,0.42,"GIS",261.38,0.2,"deciduousForest","div",20140101,20200130,"ORNL"
"ORNL_018","40.3.10","distributed","basePlot",35.934011,-84.277069,"WGS84","16N",745644.603,3980056.347,1.17,"GIS",261.38,0.2,"deciduousForest","div",20140101,20200130,"ORNL"
"ORNL_018","41.4.1","distributed","basePlot",35.934028,-84.276875,"WGS84","16N",745662.088,3980058.703,0.44,"GIS",262.65,0.19,"deciduousForest","div",20140101,20200130,"ORNL"
"ORNL_018","41.4.10","distributed","basePlot",35.934019,-84.276887,"WGS84","16N",745661.007,3980057.622,1.19,"GIS",262.65,0.19,"deciduousForest","div",20140101,20200130,"ORNL"
"ORNL_018","49","distributed","basePlot",35.934026,-84.277086,"WGS84","16N",745643.022,3980057.928,0.17,"GeoXH 6000",261.38,0.2,"deciduousForest","cdw|cfc|dhp|hbp|vst",20140101,20200130,"ORNL"
"ORNL_018","51","distributed","basePlot",35.934032,-84.276869,"WGS84","16N",745662.588,3980059.203,0.19,"GeoXH 6000",262.65,0.19,"deciduousForest","cdw|cfc|dhp|hbp|vst",20140101,20200130,"ORNL"
"ORNL_018","61","distributed","basePlot",35.934121,-84.27677,"WGS84","16N",745671.278,3980069.235,0.26,"GeoXH 6000",267.28,0.38,"deciduousForest","cdw|cfc|dhp|hbp|vst",20140101,20200130,"ORNL"
"ORNL_032","31","distributed","basePlot",35.944478,-84.326548,"WGS84","16N",741148.066,3981094.13,2.13,"GIS",260.77,0.21,"evergreenForest","div",20140101,20191107,"ORNL"
"ORNL_032","31.1.1","distributed","basePlot",35.944438,-84.326599,"WGS84","16N",741143.566,3981089.63,0.38,"GIS",260.77,0.21,"evergreenForest","div",20140101,20191107,"ORNL"
"ORNL_032","31.1.10","distributed","basePlot",35.944448,-84.326587,"WGS84","16N",741144.647,3981090.711,1.13,"GIS",260.77,0.21,"evergreenForest","div",20140101,20191107,"ORNL"
"ORNL_032","32","distributed","basePlot",35.944473,-84.326435,"WGS84","16N",741158.329,3981093.884,2.15,"GIS",262.85,0.23,"evergreenForest","div",20140101,20191107,"ORNL"
"ORNL_032","32.2.1","distributed","basePlot",35.944431,-84.326386,"WGS84","16N",741162.829,3981089.384,0.4,"GIS",262.85,0.23,"evergreenForest","div",20140101,20191107,"ORNL"
"ORNL_032","32.2.10","distributed","basePlot",35.944441,-84.326398,"WGS84","16N",741161.748,3981090.465,1.15,"GIS",262.85,0.23,"evergreenForest","div",20140101,20191107,"ORNL"
"ORNL_032","32.4.1","distributed","basePlot",35.944512,-84.326383,"WGS84","16N",741162.829,3981098.384,0.4,"GIS",262.85,0.23,"evergreenForest","div",20140101,20191107,"ORNL"
"ORNL_032","32.4.10","distributed","basePlot",35.944503,-84.326396,"WGS84","16N",741161.748,3981097.303,1.15,"GIS",262.85,0.23,"evergreenForest","div",20140101,20191107,"ORNL"
"ORNL_032","40","distributed","basePlot",35.944592,-84.326537,"WGS84","16N",741148.736,3981106.905,2.25,"GIS",272.12,0.27,"evergreenForest","div",20140101,20191107,"ORNL"
"ORNL_032","40.1.1","distributed","basePlot",35.944553,-84.326588,"WGS84","16N",741144.236,3981102.405,0.5,"GIS",272.12,0.27,"evergreenForest","div",20140101,20191107,"ORNL"
"ORNL_032","40.1.10","distributed","basePlot",35.944563,-84.326576,"WGS84","16N",741145.317,3981103.486,1.25,"GIS",272.12,0.27,"evergreenForest","div",20140101,20191107,"ORNL"
"ORNL_032","40.3.1","distributed","basePlot",35.944634,-84.326585,"WGS84","16N",741144.236,3981111.405,0.5,"GIS",272.12,0.27,"evergreenForest","div",20140101,20191107,"ORNL"
"ORNL_032","40.3.10","distributed","basePlot",35.944624,-84.326574,"WGS84","16N",741145.317,3981110.324,1.25,"GIS",272.12,0.27,"evergreenForest","div",20140101,20191107,"ORNL"
"ORNL_032","41.4.1","distributed","basePlot",35.944623,-84.326392,"WGS84","16N",741161.723,3981110.66,0.55,"GIS",266.69,0.49,"evergreenForest","div",20140101,20191107,"ORNL"
"ORNL_032","41.4.10","distributed","basePlot",35.944614,-84.326404,"WGS84","16N",741160.642,3981109.579,1.3,"GIS",266.69,0.49,"evergreenForest","div",20140101,20191107,"ORNL"
"ORNL_040","31","distributed","basePlot",35.975856,-84.303533,"WGS84","16N",743128.245,3984632.805,2.24,"GIS",286.82,0.22,"evergreenForest","div",20140101,20200221,"ORNL"
"ORNL_040","31.1.1","distributed","basePlot",35.975817,-84.303584,"WGS84","16N",743123.745,3984628.305,0.49,"GIS",286.82,0.22,"evergreenForest","div",20140101,20200221,"ORNL"
"ORNL_040","31.1.10","distributed","basePlot",35.975826,-84.303572,"WGS84","16N",743124.826,3984629.386,1.24,"GIS",286.82,0.22,"evergreenForest","div",20140101,20200221,"ORNL"
"ORNL_040","32","distributed","basePlot",35.975848,-84.303415,"WGS84","16N",743138.954,3984632.182,2.2,"GIS",291.35,0.3,"evergreenForest","div",20140101,20200221,"ORNL"
"ORNL_040","32.2.1","distributed","basePlot",35.975806,-84.303366,"WGS84","16N",743143.454,3984627.682,0.45,"GIS",291.35,0.3,"evergreenForest","div",20140101,20200221,"ORNL"
"ORNL_040","32.2.10","distributed","basePlot",35.975816,-84.303378,"WGS84","16N",743142.373,3984628.763,1.2,"GIS",291.35,0.3,"evergreenForest","div",20140101,20200221,"ORNL"
"ORNL_040","32.4.1","distributed","basePlot",35.975887,-84.303363,"WGS84","16N",743143.454,3984636.682,0.45,"GIS",291.35,0.3,"evergreenForest","div",20140101,20200221,"ORNL"
"ORNL_040","32.4.10","distributed","basePlot",35.975878,-84.303376,"WGS84","16N",743142.373,3984635.601,1.2,"GIS",291.35,0.3,"evergreenForest","div",20140101,20200221,"ORNL"
"ORNL_040","40","distributed","basePlot",35.975936,-84.303543,"WGS84","16N",743127.126,3984641.649,2.21,"GIS",283.86,0.3,"evergreenForest","div",20140101,20200221,"ORNL"
"ORNL_040","40.1.1","distributed","basePlot",35.975897,-84.303594,"WGS84","16N",743122.626,3984637.149,0.46,"GIS",283.86,0.3,"evergreenForest","div",20140101,20200221,"ORNL"
"ORNL_040","40.1.10","distributed","basePlot",35.975906,-84.303582,"WGS84","16N",743123.707,3984638.23,1.21,"GIS",283.86,0.3,"evergreenForest","div",20140101,20200221,"ORNL"
"ORNL_040","40.3.1","distributed","basePlot",35.975978,-84.303591,"WGS84","16N",743122.626,3984646.149,0.46,"GIS",283.86,0.3,"evergreenForest","div",20140101,20200221,"ORNL"
"ORNL_040","40.3.10","distributed","basePlot",35.975968,-84.30358,"WGS84","16N",743123.707,3984645.068,1.21,"GIS",283.86,0.3,"evergreenForest","div",20140101,20200221,"ORNL"
"ORNL_040","41.4.1","distributed","basePlot",35.976003,-84.303371,"WGS84","16N",743142.424,3984649.536,0.42,"GIS",289.62,0.26,"evergreenForest","div",20140101,20200221,"ORNL"
"ORNL_040","41.4.10","distributed","basePlot",35.975994,-84.303383,"WGS84","16N",743141.343,3984648.455,1.17,"GIS",289.62,0.26,"evergreenForest","div",20140101,20200221,"ORNL"
"ORNL_040","21","distributed","tickPlot",35.975349,-84.305332,"WGS84","16N",742967.566,3984572.032,0.17,"GeoXH 6000",275.16,0.19,"evergreenForest","tck",20140101,20200221,"ORNL"
"ORNL_040","25","distributed","tickPlot",35.975308,-84.304861,"WGS84","16N",743010.164,3984568.633,0.2,"GeoXH 6000",277.17,0.25,"evergreenForest","tck",20140101,20200221,"ORNL"
"ORNL_040","57","distributed","tickPlot",35.975714,-84.305324,"WGS84","16N",742967.187,3984612.569,0.16,"GeoXH 6000",270.27,0.18,"evergreenForest","tck",20140101,20200221,"ORNL"
"ORNL_040","61","distributed","tickPlot",35.975717,-84.30487,"WGS84","16N",743008.142,3984614.074,0.24,"GeoXH 6000",273.6,0.32,"evergreenForest","tck",20140101,20200221,"ORNL"
"ORNL_056","21","tower","basePlot",35.961991,-84.281815,"WGS84","16N",745129.785,3983148.807,0.17,"GeoXH 6000",298.04,0.27,"deciduousForest","bbc|cdw|cfc|dhp|hbp|ltr|vst",20140101,20191216,"ORNL"
"ORNL_056","39","tower","basePlot",35.962149,-84.281846,"WGS84","16N",745126.546,3983166.314,0.17,"GeoXH 6000",304.06,0.23,"deciduousForest","bbc|cdw|cfc|dhp|hbp|ltr|vst",20140101,20191216,"ORNL"
"ORNL_056","43","tower","basePlot",35.962178,-84.281365,"WGS84","16N",745169.862,3983170.705,0.16,"GeoXH 6000",300.03,0.27,"deciduousForest","bbc|cdw|cfc|dhp|hbp|ltr|vst",20140101,20191216,"ORNL"
"ORNL_056","57","tower","basePlot",35.962338,-84.281826,"WGS84","16N",745127.754,3983187.275,0.23,"GeoXH 6000",311.3,0.47,"deciduousForest","bbc|cdw|cfc|dhp|hbp|ltr|vst",20140101,20191216,"ORNL"
"ORNL_056","61","tower","basePlot",35.962348,-84.281391,"WGS84","16N",745166.942,3983189.466,0.24,"GeoXH 6000",302.52,0.29,"deciduousForest","bbc|cdw|cfc|dhp|hbp|ltr|vst",20140101,20191216,"ORNL"
"ORNL_063","21","tower","basePlot",35.965134,-84.278112,"WGS84","16N",745454.078,3983506.876,0.17,"GeoXH 6000",305.35,0.33,"deciduousForest","bbc|cdw|cfc|dhp|hbp|ltr|vst",20140101,20200221,"ORNL"
"ORNL_063","23","tower","basePlot",35.965144,-84.27788,"WGS84","16N",745475.048,3983508.565,0.2,"GeoXH 6000",305.89,0.37,"deciduousForest","bbc|cdw|cfc|dhp|hbp|ltr|vst",20140101,20200220,"ORNL"
"ORNL_063","25","tower","basePlot",35.965146,-84.277643,"WGS84","16N",745496.363,3983509.378,0.25,"GeoXH 6000",301.52,0.46,"deciduousForest","bbc|cdw|cfc|dhp|hbp|ltr|vst",20140101,20200220,"ORNL"
"ORNL_063","39","tower","basePlot",35.965329,-84.278115,"WGS84","16N",745453.245,3983528.532,0.21,"GeoXH 6000",304.94,0.32,"deciduousForest","bbc|cdw|cfc|dhp|hbp|ltr|vst",20140101,20200221,"ORNL"
"ORNL_063","43","tower","basePlot",35.96533,-84.277669,"WGS84","16N",745493.507,3983529.724,0.18,"GeoXH 6000",304.73,0.25,"deciduousForest","bbc|cdw|cfc|dhp|hbp|ltr|vst",20140101,20200221,"ORNL"
"ORNL_063","57","tower","basePlot",35.965495,-84.278081,"WGS84","16N",745455.797,3983547.006,0.23,"GeoXH 6000",314.78,0.45,"deciduousForest","bbc|cdw|cfc|dhp|hbp|ltr|vst",20140101,20200221,"ORNL"
"ORNL_063","59","tower","basePlot",35.965514,-84.277891,"WGS84","16N",745472.854,3983549.569,0.21,"GeoXH 6000",303.61,0.35,"deciduousForest","bbc|cdw|cfc|dhp|hbp|ltr|vst",20140101,20200221,"ORNL"
"ORNL_063","61","tower","basePlot",35.96551,-84.27765,"WGS84","16N",745494.657,3983549.718,0.22,"GeoXH 6000",303.33,0.26,"deciduousForest","bbc|cdw|cfc|dhp|hbp|ltr|vst",20140101,20200221,"ORNL"
"OSBS_001","33","distributed","basePlot",29.702808,-82.008801,"WGS84","17N",402412.295,3286280.54,0.13,"GeoXH 6000",29.34,0.22,"woodyWetlands","bgc|cdw|cfc|dhp|hbp|sme|vst",20130101,20190115,"OSBS"
"OSBS_001","40","distributed","basePlot",29.702974,-82.008928,"WGS84","17N",402400.161,3286298.986,2.17,"GIS",28.69,0.27,"woodyWetlands","div",20130101,20190115,"OSBS"
"OSBS_001","40.1.1","distributed","basePlot",29.702933,-82.008974,"WGS84","17N",402395.661,3286294.486,0.42,"GIS",28.69,0.27,"woodyWetlands","div",20130101,20190115,"OSBS"
"OSBS_001","40.1.10","distributed","basePlot",29.702942,-82.008963,"WGS84","17N",402396.742,3286295.567,1.17,"GIS",28.69,0.27,"woodyWetlands","div",20130101,20190115,"OSBS"
"OSBS_001","40.3.1","distributed","basePlot",29.703014,-82.008975,"WGS84","17N",402395.661,3286303.486,0.42,"GIS",28.69,0.27,"woodyWetlands","div",20130101,20190115,"OSBS"
"OSBS_001","40.3.10","distributed","basePlot",29.703004,-82.008964,"WGS84","17N",402396.742,3286302.405,1.17,"GIS",28.69,0.27,"woodyWetlands","div",20130101,20190115,"OSBS"
"OSBS_001","41.4.1","distributed","basePlot",29.702994,-82.008782,"WGS84","17N",402414.286,3286301.122,0.39,"GIS",27.49,0.23,"woodyWetlands","div",20130101,20190115,"OSBS"
"OSBS_001","41.4.10","distributed","basePlot",29.702984,-82.008793,"WGS84","17N",402413.205,3286300.041,1.14,"GIS",27.49,0.23,"woodyWetlands","div",20130101,20190115,"OSBS"
"OSBS_001","49","distributed","basePlot",29.703018,-82.00898,"WGS84","17N",402395.161,3286303.986,0.17,"GeoXH 6000",28.69,0.27,"woodyWetlands","bgc|cdw|cfc|dhp|hbp|sme|vst",20130101,20190115,"OSBS"
"OSBS_001","51","distributed","basePlot",29.702999,-82.008777,"WGS84","17N",402414.786,3286301.622,0.14,"GeoXH 6000",27.49,0.23,"woodyWetlands","bgc|cdw|cfc|dhp|hbp|sme|vst",20130101,20190115,"OSBS"
"OSBS_001","57","distributed","basePlot",29.703086,-82.009096,"WGS84","17N",402384.063,3286311.53,0.23,"GeoXH 6000",29.68,0.48,"woodyWetlands","bgc|cdw|cfc|dhp|hbp|sme|vst",20130101,20190115,"OSBS"
"OSBS_001","61","distributed","basePlot",29.703103,-82.008662,"WGS84","17N",402426.043,3286313.094,0.23,"GeoXH 6000",34.04,0.36,"woodyWetlands","bgc|cdw|cfc|dhp|hbp|sme|vst",20130101,20190115,"OSBS"
"OSBS_002","32","distributed","basePlot",29.703822,-81.95677,"WGS84","17N",407446.792,3286350.061,2.11,"GIS",32.67,0.15,"evergreenForest","div",20140101,20230802,"OSBS"
"OSBS_002","32.2.1","distributed","basePlot",29.703781,-81.956723,"WGS84","17N",407451.292,3286345.561,0.36,"GIS",32.67,0.15,"evergreenForest","div",20140101,20230802,"OSBS"
"OSBS_002","32.2.10","distributed","basePlot",29.703791,-81.956734,"WGS84","17N",407450.211,3286346.642,1.11,"GIS",32.67,0.15,"evergreenForest","div",20140101,20230802,"OSBS"
"OSBS_002","32.4.1","distributed","basePlot",29.703863,-81.956724,"WGS84","17N",407451.292,3286354.561,0.36,"GIS",32.67,0.15,"evergreenForest","div",20140101,20230802,"OSBS"
"OSBS_002","32.4.10","distributed","basePlot",29.703853,-81.956735,"WGS84","17N",407450.211,3286353.48,1.11,"GIS",32.67,0.15,"evergreenForest","div",20140101,20230802,"OSBS"
"OSBS_002","33","distributed","basePlot",29.703777,-81.956718,"WGS84","17N",407451.792,3286345.061,0.11,"GeoXH 6000",32.67,0.15,"evergreenForest","bgc|cdw|cfc|dhp|hbp|sme|vst",20140101,20230802,"OSBS"
"OSBS_002","41.4.1","distributed","basePlot",29.70395,-81.956727,"WGS84","17N",407451.012,3286364.229,0.4,"GIS",31.6,0.19,"evergreenForest","div",20140101,20230802,"OSBS"
"OSBS_002","41.4.10","distributed","basePlot",29.70394,-81.956738,"WGS84","17N",407449.931,3286363.148,1.15,"GIS",31.6,0.19,"evergreenForest","div",20140101,20230802,"OSBS"
"OSBS_002","51","distributed","basePlot",29.703954,-81.956722,"WGS84","17N",407451.512,3286364.729,0.15,"GeoXH 6000",31.6,0.19,"evergreenForest","bgc|cdw|cfc|dhp|hbp|sme|vst",20140101,20230802,"OSBS"
"OSBS_002","57","distributed","basePlot",29.70405,-81.957021,"WGS84","17N",407422.676,3286375.518,0.12,"GeoXH 6000",33.67,0.12,"evergreenForest","bgc|cdw|cfc|dhp|hbp|sme|vst",20140101,20230802,"OSBS"
"OSBS_004","31","distributed","basePlot",29.683969,-81.959205,"WGS84","17N",407192.92,3284152.081,NA,"GIS",39.04,0.1,"evergreenForest","bgc|cdw|cfc|dhp|hbp|sme|vst",20130101,20210224,"OSBS"
"OSBS_004","33","distributed","basePlot",29.683993,-81.958998,"WGS84","17N",407213.031,3284154.622,0.28,"GeoXH 6000",38.56,0.1,"evergreenForest","bgc|cdw|cfc|dhp|hbp|sme|vst",20130101,20210224,"OSBS"
"OSBS_004","49","distributed","basePlot",29.684174,-81.959202,"WGS84","17N",407193.424,3284174.851,0.21,"GeoXH 6000",36.97,0.38,"evergreenForest","bgc|cdw|cfc|dhp|hbp|sme|vst",20130101,20210224,"OSBS"
"OSBS_004","51","distributed","basePlot",29.684177,-81.959013,"WGS84","17N",407211.689,3284175.027,0.27,"GeoXH 6000",38.63,0.67,"evergreenForest","bgc|cdw|cfc|dhp|hbp|sme|vst",20130101,20210224,"OSBS"
"OSBS_004","57","distributed","basePlot",29.684264,-81.959298,"WGS84","17N",407184.196,3284184.904,0.15,"GeoXH 6000",38.74,0.19,"evergreenForest","bgc|cdw|cfc|dhp|hbp|sme|vst",20130101,20210224,"OSBS"
"OSBS_004","61","distributed","basePlot",29.684261,-81.958911,"WGS84","17N",407221.624,3284184.29,0.19,"GeoXH 6000",37.24,0.33,"evergreenForest","bgc|cdw|cfc|dhp|hbp|sme|vst",20130101,20210224,"OSBS"
"OSBS_008","25","distributed","basePlot",29.684879,-82.006953,"WGS84","17N",402573.788,3284292.2,0.12,"GeoXH 6000",46.37,0.15,"evergreenForest","cdw|cfc|dhp|hbp|vst",20130101,20210525,"OSBS"
"OSBS_008","51","distributed","basePlot",29.68515,-82.007068,"WGS84","17N",402562.94,3284322.302,0.1,"GeoXH 6000",45.24,0.1,"evergreenForest","cdw|cfc|dhp|hbp|vst",20130101,20210527,"OSBS"
"OSBS_008","61","distributed","basePlot",29.68524,-82.006964,"WGS84","17N",402573.04,3284332.229,0.11,"GeoXH 6000",44.9,0.13,"evergreenForest","cdw|cfc|dhp|hbp|vst",20130101,20210527,"OSBS"
"OSBS_009","31","distributed","basePlot",29.698715,-82.017656,"WGS84","17N",401551.621,3285834.461,0.2,"GeoXH 6000",28.09,0.45,"woodyWetlands","cdw|cfc|dhp|hbp|vst",20120101,20231025,"OSBS"
"OSBS_009","31","distributed","basePlot",29.69876,-82.017605,"WGS84","17N",401556.621,3285839.461,2.2,"GIS",28.09,0.45,"woodyWetlands","div",20120101,20231025,"OSBS"
"OSBS_009","31.1.1","distributed","basePlot",29.698719,-82.017651,"WGS84","17N",401552.121,3285834.961,0.45,"GIS",28.09,0.45,"woodyWetlands","div",20120101,20231025,"OSBS"
"OSBS_009","31.1.10","distributed","basePlot",29.698729,-82.01764,"WGS84","17N",401553.202,3285836.042,1.2,"GIS",28.09,0.45,"woodyWetlands","div",20120101,20231025,"OSBS"
"OSBS_009","31.4.1","distributed","basePlot",29.698793,-82.017548,"WGS84","17N",401562.18,3285843.078,0.45,"GIS",31.45,0.37,"woodyWetlands","div",20120101,20231025,"OSBS"
"OSBS_009","31.4.10","distributed","basePlot",29.698784,-82.017559,"WGS84","17N",401561.099,3285841.997,1.2,"GIS",31.45,0.37,"woodyWetlands","div",20120101,20231025,"OSBS"
"OSBS_009","32","distributed","basePlot",29.698756,-82.017507,"WGS84","17N",401566.093,3285838.916,2.14,"GIS",27.28,0.2,"woodyWetlands","div",20120101,20231025,"OSBS"
"OSBS_009","32.2.1","distributed","basePlot",29.698716,-82.01746,"WGS84","17N",401570.593,3285834.416,0.39,"GIS",27.28,0.2,"woodyWetlands","div",20120101,20231025,"OSBS"
"OSBS_009","32.2.10","distributed","basePlot",29.698726,-82.017472,"WGS84","17N",401569.512,3285835.497,1.14,"GIS",27.28,0.2,"woodyWetlands","div",20120101,20231025,"OSBS"
"OSBS_009","32.4.1","distributed","basePlot",29.698797,-82.017461,"WGS84","17N",401570.593,3285843.416,0.39,"GIS",27.28,0.2,"woodyWetlands","div",20120101,20231025,"OSBS"
"OSBS_009","32.4.10","distributed","basePlot",29.698787,-82.017472,"WGS84","17N",401569.512,3285842.335,1.14,"GIS",27.28,0.2,"woodyWetlands","div",20120101,20231025,"OSBS"
"OSBS_009","33","distributed","basePlot",29.698711,-82.017455,"WGS84","17N",401571.093,3285833.916,0.14,"GeoXH 6000",27.28,0.2,"woodyWetlands","cdw|cfc|dhp|hbp|vst",20120101,20231025,"OSBS"
"OSBS_009","41","distributed","basePlot",29.698798,-82.017543,"WGS84","17N",401562.68,3285843.578,0.2,"GeoXH 6000",31.45,0.37,"woodyWetlands","cdw|cfc|dhp|hbp|vst",20120101,20231025,"OSBS"
"OSBS_009","41","distributed","basePlot",29.698843,-82.017492,"WGS84","17N",401567.68,3285848.578,2.2,"GIS",31.45,0.37,"woodyWetlands","div",20120101,20231025,"OSBS"
"OSBS_009","41.1.1","distributed","basePlot",29.698802,-82.017538,"WGS84","17N",401563.18,3285844.078,0.45,"GIS",31.45,0.37,"woodyWetlands","div",20120101,20231025,"OSBS"
"OSBS_009","41.1.10","distributed","basePlot",29.698812,-82.017527,"WGS84","17N",401564.261,3285845.159,1.2,"GIS",31.45,0.37,"woodyWetlands","div",20120101,20231025,"OSBS"
"OSBS_009","41.4.1","distributed","basePlot",29.698879,-82.017452,"WGS84","17N",401571.584,3285852.538,0.36,"GIS",29.34,0.39,"woodyWetlands","div",20120101,20231025,"OSBS"
"OSBS_009","41.4.10","distributed","basePlot",29.69887,-82.017463,"WGS84","17N",401570.503,3285851.457,1.11,"GIS",29.34,0.39,"woodyWetlands","div",20120101,20231025,"OSBS"
"OSBS_009","51","distributed","basePlot",29.698884,-82.017447,"WGS84","17N",401572.084,3285853.038,0.11,"GeoXH 6000",29.34,0.39,"woodyWetlands","cdw|cfc|dhp|hbp|vst",20120101,20231025,"OSBS"
"OSBS_010","31","distributed","basePlot",29.691682,-81.941937,"WGS84","17N",408870.745,3284993.123,0.16,"GeoXH 6000",39.31,0.4,"mixedForest","cdw|cfc|dhp|hbp|vst",20120101,20231025,"OSBS"
"OSBS_010","31","distributed","basePlot",29.691728,-81.941886,"WGS84","17N",408875.745,3284998.123,2.16,"GIS",39.31,0.4,"mixedForest","div",20120101,20231025,"OSBS"
"OSBS_010","31.1.1","distributed","basePlot",29.691687,-81.941932,"WGS84","17N",408871.245,3284993.623,0.41,"GIS",39.31,0.4,"mixedForest","div",20120101,20231025,"OSBS"
"OSBS_010","31.1.10","distributed","basePlot",29.691697,-81.941921,"WGS84","17N",408872.326,3284994.704,1.16,"GIS",39.31,0.4,"mixedForest","div",20120101,20231025,"OSBS"
"OSBS_010","31.4.1","distributed","basePlot",29.69176,-81.941833,"WGS84","17N",408880.846,3285001.618,0.34,"GIS",38.98,0.1,"mixedForest","div",20120101,20231025,"OSBS"
"OSBS_010","31.4.10","distributed","basePlot",29.69175,-81.941844,"WGS84","17N",408879.765,3285000.537,1.09,"GIS",38.98,0.1,"mixedForest","div",20120101,20231025,"OSBS"
"OSBS_010","32","distributed","basePlot",29.691713,-81.941795,"WGS84","17N",408884.468,3284996.427,2.28,"GIS",39.87,0.4,"mixedForest","div",20120101,20231025,"OSBS"
"OSBS_010","32.2.1","distributed","basePlot",29.691673,-81.941749,"WGS84","17N",408888.968,3284991.927,0.53,"GIS",39.87,0.4,"mixedForest","div",20120101,20231025,"OSBS"
"OSBS_010","32.2.10","distributed","basePlot",29.691683,-81.94176,"WGS84","17N",408887.887,3284993.008,1.28,"GIS",39.87,0.4,"mixedForest","div",20120101,20231025,"OSBS"
"OSBS_010","32.4.1","distributed","basePlot",29.691754,-81.941749,"WGS84","17N",408888.968,3285000.927,0.53,"GIS",39.87,0.4,"mixedForest","div",20120101,20231025,"OSBS"
"OSBS_010","32.4.10","distributed","basePlot",29.691744,-81.94176,"WGS84","17N",408887.887,3284999.846,1.28,"GIS",39.87,0.4,"mixedForest","div",20120101,20231025,"OSBS"
"OSBS_010","33","distributed","basePlot",29.691668,-81.941743,"WGS84","17N",408889.468,3284991.427,0.28,"GeoXH 6000",39.87,0.4,"mixedForest","cdw|cfc|dhp|hbp|vst",20120101,20231025,"OSBS"
"OSBS_010","40","distributed","basePlot",29.691816,-81.941871,"WGS84","17N",408877.263,3285007.919,2.19,"GIS",39.79,0.47,"mixedForest","div",20120101,20231025,"OSBS"
"OSBS_010","40.1.1","distributed","basePlot",29.691775,-81.941917,"WGS84","17N",408872.763,3285003.419,0.44,"GIS",39.79,0.47,"mixedForest","div",20120101,20231025,"OSBS"
"OSBS_010","40.1.10","distributed","basePlot",29.691785,-81.941906,"WGS84","17N",408873.844,3285004.5,1.19,"GIS",39.79,0.47,"mixedForest","div",20120101,20231025,"OSBS"
"OSBS_010","40.3.1","distributed","basePlot",29.691857,-81.941918,"WGS84","17N",408872.763,3285012.419,0.44,"GIS",39.79,0.47,"mixedForest","div",20120101,20231025,"OSBS"
"OSBS_010","40.3.10","distributed","basePlot",29.691847,-81.941906,"WGS84","17N",408873.844,3285011.338,1.19,"GIS",39.79,0.47,"mixedForest","div",20120101,20231025,"OSBS"
"OSBS_010","41","distributed","basePlot",29.691764,-81.941828,"WGS84","17N",408881.346,3285002.118,0.09,"GeoXH 6000",38.98,0.1,"mixedForest","cdw|cfc|dhp|hbp|vst",20120101,20231025,"OSBS"
"OSBS_010","41","distributed","basePlot",29.69181,-81.941777,"WGS84","17N",408886.346,3285007.118,2.09,"GIS",38.98,0.1,"mixedForest","div",20120101,20231025,"OSBS"
"OSBS_010","41.1.1","distributed","basePlot",29.691769,-81.941823,"WGS84","17N",408881.846,3285002.618,0.34,"GIS",38.98,0.1,"mixedForest","div",20120101,20231025,"OSBS"
"OSBS_010","41.1.10","distributed","basePlot",29.691779,-81.941812,"WGS84","17N",408882.927,3285003.699,1.09,"GIS",38.98,0.1,"mixedForest","div",20120101,20231025,"OSBS"
"OSBS_010","41.4.1","distributed","basePlot",29.691855,-81.941727,"WGS84","17N",408891.177,3285012.082,0.43,"GIS",39.92,0.25,"mixedForest","div",20120101,20231025,"OSBS"
"OSBS_010","41.4.10","distributed","basePlot",29.691845,-81.941738,"WGS84","17N",408890.096,3285011.001,1.18,"GIS",39.92,0.25,"mixedForest","div",20120101,20231025,"OSBS"
"OSBS_010","49","distributed","basePlot",29.691861,-81.941923,"WGS84","17N",408872.263,3285012.919,0.19,"GeoXH 6000",39.79,0.47,"mixedForest","cdw|cfc|dhp|hbp|vst",20120101,20231025,"OSBS"
"OSBS_010","51","distributed","basePlot",29.691859,-81.941722,"WGS84","17N",408891.677,3285012.582,0.18,"GeoXH 6000",39.92,0.25,"mixedForest","cdw|cfc|dhp|hbp|vst",20120101,20231025,"OSBS"
"OSBS_013","31","distributed","basePlot",29.682069,-81.961662,"WGS84","17N",406953.456,3283943.514,0.16,"GeoXH 6000",45.55,0.41,"evergreenForest","cdw|cfc|dhp|hbp|vst",20120101,20231025,"OSBS"
"OSBS_013","31","distributed","basePlot",29.682114,-81.961611,"WGS84","17N",406958.456,3283948.514,2.16,"GIS",45.55,0.41,"evergreenForest","div",20120101,20231025,"OSBS"
"OSBS_013","31.1.1","distributed","basePlot",29.682073,-81.961657,"WGS84","17N",406953.956,3283944.014,0.41,"GIS",45.55,0.41,"evergreenForest","div",20120101,20231025,"OSBS"
"OSBS_013","31.1.10","distributed","basePlot",29.682083,-81.961646,"WGS84","17N",406955.037,3283945.095,1.16,"GIS",45.55,0.41,"evergreenForest","div",20120101,20231025,"OSBS"
"OSBS_013","32","distributed","basePlot",29.682125,-81.961505,"WGS84","17N",406968.67,3283949.59,2.12,"GIS",43.13,0.28,"evergreenForest","div",20120101,20231025,"OSBS"
"OSBS_013","32.2.1","distributed","basePlot",29.682084,-81.961458,"WGS84","17N",406973.17,3283945.09,0.37,"GIS",43.13,0.28,"evergreenForest","div",20120101,20231025,"OSBS"
"OSBS_013","32.2.10","distributed","basePlot",29.682094,-81.96147,"WGS84","17N",406972.089,3283946.171,1.12,"GIS",43.13,0.28,"evergreenForest","div",20120101,20231025,"OSBS"
"OSBS_013","32.4.1","distributed","basePlot",29.682165,-81.961459,"WGS84","17N",406973.17,3283954.09,0.37,"GIS",43.13,0.28,"evergreenForest","div",20120101,20231025,"OSBS"
"OSBS_013","32.4.10","distributed","basePlot",29.682156,-81.96147,"WGS84","17N",406972.089,3283953.009,1.12,"GIS",43.13,0.28,"evergreenForest","div",20120101,20231025,"OSBS"
"OSBS_013","33","distributed","basePlot",29.68208,-81.961453,"WGS84","17N",406973.67,3283944.59,0.12,"GeoXH 6000",43.13,0.28,"evergreenForest","cdw|cfc|dhp|hbp|vst",20120101,20231025,"OSBS"
"OSBS_013","40","distributed","basePlot",29.6822,-81.961619,"WGS84","17N",406957.725,3283958.013,2.26,"GIS",42.33,0.54,"evergreenForest","div",20120101,20231025,"OSBS"
"OSBS_013","40.1.1","distributed","basePlot",29.682159,-81.961665,"WGS84","17N",406953.225,3283953.513,0.51,"GIS",42.33,0.54,"evergreenForest","div",20120101,20231025,"OSBS"
"OSBS_013","40.1.10","distributed","basePlot",29.682169,-81.961654,"WGS84","17N",406954.306,3283954.594,1.26,"GIS",42.33,0.54,"evergreenForest","div",20120101,20231025,"OSBS"
"OSBS_013","40.3.1","distributed","basePlot",29.68224,-81.961666,"WGS84","17N",406953.225,3283962.513,0.51,"GIS",42.33,0.54,"evergreenForest","div",20120101,20231025,"OSBS"
"OSBS_013","40.3.10","distributed","basePlot",29.68223,-81.961655,"WGS84","17N",406954.306,3283961.432,1.26,"GIS",42.33,0.54,"evergreenForest","div",20120101,20231025,"OSBS"
"OSBS_013","41.4.1","distributed","basePlot",29.682251,-81.961475,"WGS84","17N",406971.724,3283963.586,0.36,"GIS",43.32,0.42,"evergreenForest","div",20120101,20231025,"OSBS"
"OSBS_013","41.4.10","distributed","basePlot",29.682241,-81.961486,"WGS84","17N",406970.643,3283962.505,1.11,"GIS",43.32,0.42,"evergreenForest","div",20120101,20231025,"OSBS"
"OSBS_013","49","distributed","basePlot",29.682244,-81.961671,"WGS84","17N",406952.725,3283963.013,0.26,"GeoXH 6000",42.33,0.54,"evergreenForest","cdw|cfc|dhp|hbp|vst",20120101,20231025,"OSBS"
"OSBS_013","51","distributed","basePlot",29.682256,-81.96147,"WGS84","17N",406972.224,3283964.086,0.11,"GeoXH 6000",43.32,0.42,"evergreenForest","cdw|cfc|dhp|hbp|vst",20120101,20231025,"OSBS"
"OSBS_016","31","distributed","basePlot",29.682301,-81.967551,"WGS84","17N",406383.872,3283974.073,0.12,"GeoXH 6000",25.55,0.25,"woodyWetlands","cdw|cfc|dhp|hbp|vst",20120101,20231025,"OSBS"
"OSBS_016","31","distributed","basePlot",29.682347,-81.9675,"WGS84","17N",406388.872,3283979.073,2.12,"GIS",25.55,0.25,"woodyWetlands","div",20120101,20231025,"OSBS"
"OSBS_016","31.1.1","distributed","basePlot",29.682306,-81.967546,"WGS84","17N",406384.372,3283974.573,0.37,"GIS",25.55,0.25,"woodyWetlands","div",20120101,20231025,"OSBS"
"OSBS_016","31.1.10","distributed","basePlot",29.682316,-81.967535,"WGS84","17N",406385.453,3283975.654,1.12,"GIS",25.55,0.25,"woodyWetlands","div",20120101,20231025,"OSBS"
"OSBS_016","32","distributed","basePlot",29.682342,-81.967399,"WGS84","17N",406398.597,3283978.404,2.19,"GIS",29.52,0.28,"woodyWetlands","div",20120101,20231025,"OSBS"
"OSBS_016","32.2.1","distributed","basePlot",29.682301,-81.967352,"WGS84","17N",406403.097,3283973.904,0.44,"GIS",29.52,0.28,"woodyWetlands","div",20120101,20231025,"OSBS"
"OSBS_016","32.2.10","distributed","basePlot",29.682311,-81.967363,"WGS84","17N",406402.016,3283974.985,1.19,"GIS",29.52,0.28,"woodyWetlands","div",20120101,20231025,"OSBS"
"OSBS_016","32.4.1","distributed","basePlot",29.682383,-81.967353,"WGS84","17N",406403.097,3283982.904,0.44,"GIS",29.52,0.28,"woodyWetlands","div",20120101,20231025,"OSBS"
"OSBS_016","32.4.10","distributed","basePlot",29.682373,-81.967364,"WGS84","17N",406402.016,3283981.823,1.19,"GIS",29.52,0.28,"woodyWetlands","div",20120101,20231025,"OSBS"
"OSBS_016","33","distributed","basePlot",29.682297,-81.967347,"WGS84","17N",406403.597,3283973.404,0.19,"GeoXH 6000",29.52,0.28,"woodyWetlands","cdw|cfc|dhp|hbp|vst",20120101,20231025,"OSBS"
"OSBS_016","40","distributed","basePlot",29.682434,-81.9675,"WGS84","17N",406388.943,3283988.685,2.14,"GIS",26.81,0.39,"woodyWetlands","div",20120101,20231025,"OSBS"
"OSBS_016","40.1.1","distributed","basePlot",29.682393,-81.967546,"WGS84","17N",406384.443,3283984.185,0.39,"GIS",26.81,0.39,"woodyWetlands","div",20120101,20231025,"OSBS"
"OSBS_016","40.1.10","distributed","basePlot",29.682403,-81.967535,"WGS84","17N",406385.524,3283985.266,1.14,"GIS",26.81,0.39,"woodyWetlands","div",20120101,20231025,"OSBS"
"OSBS_016","40.3.1","distributed","basePlot",29.682474,-81.967547,"WGS84","17N",406384.443,3283993.185,0.39,"GIS",26.81,0.39,"woodyWetlands","div",20120101,20231025,"OSBS"
"OSBS_016","40.3.10","distributed","basePlot",29.682464,-81.967535,"WGS84","17N",406385.524,3283992.104,1.14,"GIS",26.81,0.39,"woodyWetlands","div",20120101,20231025,"OSBS"
"OSBS_016","41.4.1","distributed","basePlot",29.682483,-81.967353,"WGS84","17N",406403.176,3283993.992,0.44,"GIS",26.61,0.26,"woodyWetlands","div",20120101,20231025,"OSBS"
"OSBS_016","41.4.10","distributed","basePlot",29.682473,-81.967364,"WGS84","17N",406402.095,3283992.911,1.19,"GIS",26.61,0.26,"woodyWetlands","div",20120101,20231025,"OSBS"
"OSBS_016","49","distributed","basePlot",29.682478,-81.967552,"WGS84","17N",406383.943,3283993.685,0.14,"GeoXH 6000",26.81,0.39,"woodyWetlands","cdw|cfc|dhp|hbp|vst",20120101,20231025,"OSBS"
"OSBS_016","51","distributed","basePlot",29.682487,-81.967348,"WGS84","17N",406403.676,3283994.492,0.19,"GeoXH 6000",26.61,0.26,"woodyWetlands","cdw|cfc|dhp|hbp|vst",20120101,20231025,"OSBS"
"OSBS_025","57","tower","basePlot",29.692047,-81.996588,"WGS84","17N",403583.488,3285077.826,0.1,"GeoXH 6000",43.84,0.1,"evergreenForest","bbc|cdw|cfc|dhp|hbp|ltr|vst",20130101,20180509,"OSBS"
"OSBS_025","59","tower","basePlot",29.692045,-81.996375,"WGS84","17N",403604.172,3285077.431,0.1,"GeoXH 6000",44.83,0.1,"evergreenForest","bbc|cdw|cfc|dhp|hbp|ltr|vst",20130101,20180509,"OSBS"
"OSBS_025","61","tower","basePlot",29.692046,-81.996183,"WGS84","17N",403622.7,3285077.407,0.1,"GeoXH 6000",44.94,0.1,"evergreenForest","bbc|cdw|cfc|dhp|hbp|ltr|vst",20130101,20180509,"OSBS"
"OSBS_028","23","tower","basePlot",29.685755,-81.995697,"WGS84","17N",403663.73,3284379.853,0.1,"GeoXH 6000",44.22,0.1,"evergreenForest","bbc|cdw|cfc|dhp|hbp|ltr|vst",20130101,20180614,"OSBS"
"OSBS_028","25","tower","basePlot",29.685755,-81.995508,"WGS84","17N",403681.998,3284379.672,0.1,"GeoXH 6000",44.4,0.1,"evergreenForest","bbc|cdw|cfc|dhp|hbp|ltr|vst",20130101,20180614,"OSBS"
"OSBS_028","43","tower","basePlot",29.685922,-81.995513,"WGS84","17N",403681.712,3284398.198,0.1,"GeoXH 6000",44.9,0.1,"evergreenForest","bbc|cdw|cfc|dhp|hbp|ltr|vst",20130101,20180614,"OSBS"
"OSBS_028","59","tower","basePlot",29.686109,-81.995704,"WGS84","17N",403663.39,3284419.159,0.1,"GeoXH 6000",45.78,0.11,"evergreenForest","bbc|cdw|cfc|dhp|hbp|ltr|vst",20130101,20180614,"OSBS"
"OSBS_028","61","tower","basePlot",29.686094,-81.995496,"WGS84","17N",403683.521,3284417.224,0.1,"GeoXH 6000",45.6,0.1,"evergreenForest","bbc|cdw|cfc|dhp|hbp|ltr|vst",20130101,20180614,"OSBS"
"OSBS_029","59","tower","basePlot",29.69268,-81.989906,"WGS84","17N",404230.592,3285142.474,0.1,"GeoXH 6000",43.88,0.1,"evergreenForest","bbc|bgc|cdw|cfc|dhp|hbp|ltr|sme|vst",20130101,20180604,"OSBS"
"OSBS_029","61","tower","basePlot",29.69269,-81.989701,"WGS84","17N",404250.481,3285143.414,0.12,"GeoXH 6000",44.02,0.12,"evergreenForest","bbc|bgc|cdw|cfc|dhp|hbp|ltr|sme|vst",20130101,20180604,"OSBS"
"OSBS_030","61","tower","basePlot",29.689587,-81.997386,"WGS84","17N",403503.935,3284805.946,0.1,"GeoXH 6000",44.84,0.1,"evergreenForest","bbc|cdw|cfc|dhp|hbp|ltr|vst",20130101,20180621,"OSBS"
"OSBS_031","25","tower","basePlot",29.688785,-81.990912,"WGS84","17N",404129.592,3284711.633,0.22,"GeoXH 6000",45.16,0.39,"evergreenForest","bbc|bgc|cdw|cfc|dhp|hbp|ltr|sme|vst",20130101,20180626,"OSBS"
"OSBS_031","59","tower","basePlot",29.689145,-81.991106,"WGS84","17N",404111.139,3284751.739,0.3,"GeoXH 6000",44.94,0.34,"evergreenForest","bbc|bgc|cdw|cfc|dhp|hbp|ltr|sme|vst",20130101,20180626,"OSBS"
"OSBS_032","25","tower","basePlot",29.689847,-81.990915,"WGS84","17N",404130.348,3284829.385,0.1,"GeoXH 6000",45.71,0.12,"evergreenForest","bbc|cdw|cfc|dhp|hbp|ltr|vst",20130101,20180626,"OSBS"
"OSBS_032","39","tower","basePlot",29.690039,-81.991316,"WGS84","17N",404091.71,3284850.95,0.1,"GeoXH 6000",46.27,0.13,"evergreenForest","bbc|cdw|cfc|dhp|hbp|ltr|vst",20130101,20180626,"OSBS"
"OSBS_032","59","tower","basePlot",29.690213,-81.991118,"WGS84","17N",404111.055,3284870.048,0.1,"GeoXH 6000",45.9,0.1,"evergreenForest","bbc|cdw|cfc|dhp|hbp|ltr|vst",20130101,20180626,"OSBS"
"OSBS_033","25","tower","basePlot",29.689883,-81.989363,"WGS84","17N",404280.474,3284831.994,0.12,"GeoXH 6000",46.52,0.14,"evergreenForest","bbc|cdw|cfc|dhp|hbp|ltr|vst",20130101,20180626,"OSBS"
"OSBS_033","39","tower","basePlot",29.690065,-81.989765,"WGS84","17N",404241.808,3284852.518,0.1,"GeoXH 6000",44.08,0.13,"evergreenForest","bbc|cdw|cfc|dhp|hbp|ltr|vst",20130101,20180626,"OSBS"
"OSBS_033","43","tower","basePlot",29.690063,-81.989357,"WGS84","17N",404281.228,3284852.024,0.26,"GeoXH 6000",44.87,0.49,"evergreenForest","bbc|cdw|cfc|dhp|hbp|ltr|vst",20130101,20180626,"OSBS"
"OSBS_033","57","tower","basePlot",29.690238,-81.989764,"WGS84","17N",404241.998,3284871.664,0.27,"GeoXH 6000",44.06,0.4,"evergreenForest","bbc|cdw|cfc|dhp|hbp|ltr|vst",20130101,20180626,"OSBS"
"OSBS_033","61","tower","basePlot",29.690242,-81.989365,"WGS84","17N",404280.663,3284871.813,0.21,"GeoXH 6000",42.47,0.29,"evergreenForest","bbc|cdw|cfc|dhp|hbp|ltr|vst",20130101,20180626,"OSBS"
"OSBS_034","21","tower","basePlot",29.688542,-81.9885,"WGS84","17N",404362.705,3284682.764,0.1,"GeoXH 6000",41.36,0.12,"evergreenForest","bbc|cdw|cfc|dhp|hbp|ltr|vst",20130101,20180625,"OSBS"
"OSBS_034","23","tower","basePlot",29.688541,-81.988298,"WGS84","17N",404382.267,3284682.471,0.15,"GeoXH 6000",41.63,0.25,"evergreenForest","bbc|cdw|cfc|dhp|hbp|ltr|vst",20130101,20180625,"OSBS"
"OSBS_034","25","tower","basePlot",29.688541,-81.9881,"WGS84","17N",404401.411,3284682.248,0.1,"GeoXH 6000",41.94,0.11,"evergreenForest","bbc|cdw|cfc|dhp|hbp|ltr|vst",20130101,20180625,"OSBS"
"OSBS_034","39","tower","basePlot",29.688719,-81.988504,"WGS84","17N",404362.544,3284702.3,0.17,"GeoXH 6000",42.25,0.41,"evergreenForest","bbc|cdw|cfc|dhp|hbp|ltr|vst",20130101,20180625,"OSBS"
"OSBS_034","43","tower","basePlot",29.688722,-81.988096,"WGS84","17N",404402.028,3284702.331,0.13,"GeoXH 6000",42.15,0.24,"evergreenForest","bbc|cdw|cfc|dhp|hbp|ltr|vst",20130101,20180625,"OSBS"
"OSBS_034","57","tower","basePlot",29.688895,-81.988507,"WGS84","17N",404362.429,3284721.812,0.14,"GeoXH 6000",40.87,0.25,"evergreenForest","bbc|cdw|cfc|dhp|hbp|ltr|vst",20130101,20180625,"OSBS"
"OSBS_034","61","tower","basePlot",29.688897,-81.988099,"WGS84","17N",404401.893,3284721.777,0.29,"GeoXH 6000",42.62,0.5,"evergreenForest","bbc|cdw|cfc|dhp|hbp|ltr|vst",20130101,20180625,"OSBS"
"OSBS_035","21","tower","basePlot",29.687343,-81.997772,"WGS84","17N",403464.504,3284557.59,0.1,"GeoXH 6000",42.87,0.12,"evergreenForest","bbc|cdw|cfc|dhp|hbp|ltr|vst",20130101,20180625,"OSBS"
"OSBS_035","39","tower","basePlot",29.687531,-81.997781,"WGS84","17N",403463.758,3284578.367,0.11,"GeoXH 6000",43.36,0.15,"evergreenForest","bbc|cdw|cfc|dhp|hbp|ltr|vst",20130101,20180625,"OSBS"
"OSBS_035","59","tower","basePlot",29.687705,-81.997579,"WGS84","17N",403483.471,3284597.577,0.1,"GeoXH 6000",43.9,0.13,"evergreenForest","bbc|cdw|cfc|dhp|hbp|ltr|vst",20130101,20180625,"OSBS"
"OSBS_036","21","tower","basePlot",29.691253,-81.990714,"WGS84","17N",404151.078,3284984.979,0.11,"GeoXH 6000",43.35,0.2,"evergreenForest","bbc|cdw|cfc|dhp|hbp|ltr|vst",20130101,20180628,"OSBS"
"OSBS_036","57","tower","basePlot",29.69161,-81.990706,"WGS84","17N",404152.185,3285024.561,0.1,"GeoXH 6000",43.95,0.14,"evergreenForest","bbc|cdw|cfc|dhp|hbp|ltr|vst",20130101,20180628,"OSBS"
"OSBS_039","39","tower","basePlot",29.6933,-81.991025,"WGS84","17N",404122.958,3285212.038,0.1,"GeoXH 6000",47.33,0.1,"evergreenForest","bbc|cdw|cfc|dhp|hbp|ltr|vst",20130101,20180604,"OSBS"
"OSBS_039","43","tower","basePlot",29.693316,-81.990615,"WGS84","17N",404162.58,3285213.457,0.1,"GeoXH 6000",46.94,0.1,"evergreenForest","bbc|cdw|cfc|dhp|hbp|ltr|vst",20130101,20180604,"OSBS"
"OSBS_039","57","tower","basePlot",29.693468,-81.991028,"WGS84","17N",404122.813,3285230.706,0.1,"GeoXH 6000",47.65,0.1,"evergreenForest","bbc|cdw|cfc|dhp|hbp|ltr|vst",20130101,20180604,"OSBS"
"OSBS_040","21","tower","basePlot",29.688798,-81.989759,"WGS84","17N",404241.128,3284712.1,0.2,"GeoXH 6000",46.99,0.22,"evergreenForest","bbc|cdw|cfc|dhp|hbp|ltr|vst",20130101,20180628,"OSBS"
"OSBS_040","57","tower","basePlot",29.689159,-81.989759,"WGS84","17N",404241.481,3284752.17,0.23,"GeoXH 6000",44.67,0.38,"evergreenForest","bbc|cdw|cfc|dhp|hbp|ltr|vst",20130101,20180628,"OSBS"
"OSBS_041","39","tower","basePlot",29.687526,-81.996535,"WGS84","17N",403584.308,3284576.794,0.1,"GeoXH 6000",45.14,0.1,"evergreenForest","bbc|cdw|cfc|dhp|hbp|ltr|vst",20130101,20180625,"OSBS"
"OSBS_041","61","tower","basePlot",29.687707,-81.996125,"WGS84","17N",403624.222,3284596.511,0.1,"GeoXH 6000",44.76,0.12,"evergreenForest","bbc|cdw|cfc|dhp|hbp|ltr|vst",20130101,20180625,"OSBS"
"OSBS_042","57","tower","basePlot",29.693134,-81.996613,"WGS84","17N",403582.184,3285198.259,0.18,"GeoXH 6000",33.02,0.35,"evergreenForest","bbc|cdw|cfc|dhp|hbp|ltr|vst",20130101,20180510,"OSBS"
"OSBS_042","61","tower","basePlot",29.69314,-81.996193,"WGS84","17N",403622.785,3285198.635,0.16,"GeoXH 6000",37.32,0.16,"evergreenForest","bbc|cdw|cfc|dhp|hbp|ltr|vst",20130101,20180510,"OSBS"
"OSBS_043","39","tower","basePlot",29.691442,-81.989156,"WGS84","17N",404301.99,3285004.617,0.2,"GeoXH 6000",47.2,0.52,"evergreenForest","bbc|cdw|cfc|dhp|hbp|ltr|vst",20130101,20180621,"OSBS"
"OSBS_044","21","tower","basePlot",29.690676,-81.992243,"WGS84","17N",404002.624,3284922.349,0.1,"GeoXH 6000",45.54,0.1,"evergreenForest","bbc|cdw|cfc|dhp|hbp|ltr|vst",20130101,20180628,"OSBS"
"OSBS_044","39","tower","basePlot",29.69086,-81.992241,"WGS84","17N",404002.992,3284942.65,0.11,"GeoXH 6000",44.87,0.18,"evergreenForest","bbc|cdw|cfc|dhp|hbp|ltr|vst",20130101,20180628,"OSBS"
"OSBS_044","61","tower","basePlot",29.691026,-81.99183,"WGS84","17N",404042.863,3284960.755,0.12,"GeoXH 6000",43.11,0.12,"evergreenForest","bbc|cdw|cfc|dhp|hbp|ltr|vst",20130101,20180628,"OSBS"
"OSBS_048","32","distributed","basePlot",29.67926,-81.946298,"WGS84","17N",408437.595,3283620.036,2.12,"GIS",35.32,0.21,"deciduousForest","div",20120101,20230707,"OSBS"
"OSBS_048","32.2.1","distributed","basePlot",29.67922,-81.946251,"WGS84","17N",408442.095,3283615.536,0.37,"GIS",35.32,0.21,"deciduousForest","div",20120101,20230707,"OSBS"
"OSBS_048","32.2.10","distributed","basePlot",29.679229,-81.946262,"WGS84","17N",408441.014,3283616.617,1.12,"GIS",35.32,0.21,"deciduousForest","div",20120101,20230707,"OSBS"
"OSBS_048","32.4.1","distributed","basePlot",29.679301,-81.946251,"WGS84","17N",408442.095,3283624.536,0.37,"GIS",35.32,0.21,"deciduousForest","div",20120101,20230707,"OSBS"
"OSBS_048","32.4.10","distributed","basePlot",29.679291,-81.946262,"WGS84","17N",408441.014,3283623.455,1.12,"GIS",35.32,0.21,"deciduousForest","div",20120101,20230707,"OSBS"
"OSBS_048","33","distributed","basePlot",29.679215,-81.946245,"WGS84","17N",408442.595,3283615.036,0.12,"GeoXH 6000",35.32,0.21,"deciduousForest","cdw|cfc|dhp|hbp|vst",20120101,20230707,"OSBS"
"PUUM_014","31","distributed","basePlot",19.587414,-155.339767,"WGS84","5N",254563.517,2167506.301,0.2,"Geo 7X (H-Star)",1764.43,0.33,"evergreenForest","bgc|cdw|cfc|dhp|hbp|sme|vst",20180101,20200713,"PUUM"
"PUUM_014","31","distributed","basePlot",19.58746,-155.33972,"WGS84","5N",254568.517,2167511.301,2.2,"GIS",1764.43,0.33,"evergreenForest","div",20180101,20200713,"PUUM"
"PUUM_034","31","tower","basePlot",19.549032,-155.312376,"WGS84","5N",257380.563,2163217.248,0.22,"GeoXH 6000",1644.41,0.29,"evergreenForest","bbc|bgc|cdw|cfc|dhp|hbp|ltr|sme|vst",20180101,20200804,"PUUM"
"PUUM_034","31","tower","basePlot",19.549077,-155.312329,"WGS84","5N",257385.563,2163222.248,2.22,"GIS",1644.41,0.29,"evergreenForest","div",20180101,20200804,"PUUM"
"SCBI_022","21","distributed","basePlot",38.882397,-78.123405,"WGS84","17N",749523.682,4307659.908,0.19,"GeoXH 6000",502.5,0.27,"deciduousForest","brd|cdw|cfc|dhp|hbp|vst",20140101,20200219,"SCBI"
"SCBI_022","25","distributed","basePlot",38.882394,-78.122943,"WGS84","17N",749563.782,4307660.948,0.13,"GeoXH 6000",513.8,0.33,"deciduousForest","cdw|cfc|dhp|hbp|vst",20140101,20200219,"SCBI"
"SCBI_022","31","distributed","basePlot",38.882464,-78.123266,"WGS84","17N",749535.519,4307667.729,0.18,"GeoXH 6000",502.18,0.21,"deciduousForest","cdw|cfc|dhp|hbp|vst",20140101,20200219,"SCBI"
"SCBI_022","49","distributed","basePlot",38.88265,-78.123281,"WGS84","17N",749533.55,4307688.421,0.23,"GeoXH 6000",499.71,0.28,"deciduousForest","cdw|cfc|dhp|hbp|vst",20140101,20200219,"SCBI"
"SCBI_022","51","distributed","basePlot",38.882647,-78.123054,"WGS84","17N",749553.227,4307688.631,0.21,"GeoXH 6000",506.19,0.32,"deciduousForest","cdw|cfc|dhp|hbp|vst",20140101,20200219,"SCBI"
"SCBI_022","61","distributed","basePlot",38.882734,-78.122935,"WGS84","17N",749563.267,4307698.625,0.16,"GeoXH 6000",513.69,0.26,"deciduousForest","cdw|cfc|dhp|hbp|vst",20140101,20200219,"SCBI"
"SCBI_045","21","tower","basePlot",38.890388,-78.139665,"WGS84","17N",748085.124,4308502.627,0.2,"GeoXH 6000",359.09,0.3,"deciduousForest","bbc|bgc|cdw|cfc|dhp|hbp|ltr|sme|vst",20140101,20200304,"SCBI"
"SCBI_045","23","tower","basePlot",38.890387,-78.139428,"WGS84","17N",748105.717,4308503.107,0.17,"GeoXH 6000",363.61,0.31,"deciduousForest","bbc|bgc|cdw|cfc|dhp|hbp|ltr|sme|vst",20140101,20200304,"SCBI"
"SCBI_045","31","tower","basePlot",38.890473,-78.139548,"WGS84","17N",748094.969,4308512.386,0.19,"GeoXH 6000",359.24,0.21,"deciduousForest","bbc|bgc|cdw|cfc|dhp|hbp|ltr|sme|vst",20140101,20200304,"SCBI"
"SCBI_045","31","tower","basePlot",38.890517,-78.139489,"WGS84","17N",748099.969,4308517.386,2.19,"GIS",359.24,0.21,"deciduousForest","div",20140101,20200304,"SCBI"
"SCBI_045","31.1.1","tower","basePlot",38.890478,-78.139542,"WGS84","17N",748095.469,4308512.886,0.44,"GIS",359.24,0.21,"deciduousForest","div",20140101,20200304,"SCBI"
"SCBI_045","31.1.10","tower","basePlot",38.890487,-78.13953,"WGS84","17N",748096.55,4308513.967,1.19,"GIS",359.24,0.21,"deciduousForest","div",20140101,20200304,"SCBI"
"SCBI_045","39","tower","basePlot",38.890587,-78.139656,"WGS84","17N",748085.269,4308524.704,0.1,"GeoXH 6000",356.69,0.11,"deciduousForest","bbc|bgc|cdw|cfc|dhp|hbp|ltr|sme|vst",20140101,20200226,"SCBI"
"SCBI_045","40","tower","basePlot",38.890596,-78.139498,"WGS84","17N",748098.908,4308526.177,2.41,"GIS",358.96,0.52,"deciduousForest","div",20140101,20200226,"SCBI"
"SCBI_045","40.1.1","tower","basePlot",38.890557,-78.139551,"WGS84","17N",748094.408,4308521.677,0.66,"GIS",358.96,0.52,"deciduousForest","div",20140101,20200226,"SCBI"
"SCBI_045","40.1.10","tower","basePlot",38.890567,-78.139539,"WGS84","17N",748095.489,4308522.758,1.41,"GIS",358.96,0.52,"deciduousForest","div",20140101,20200226,"SCBI"
"SCBI_045","40.3.1","tower","basePlot",38.890638,-78.139548,"WGS84","17N",748094.408,4308530.677,0.66,"GIS",358.96,0.52,"deciduousForest","div",20140101,20200226,"SCBI"
"SCBI_045","40.3.10","tower","basePlot",38.890628,-78.139536,"WGS84","17N",748095.489,4308529.596,1.41,"GIS",358.96,0.52,"deciduousForest","div",20140101,20200226,"SCBI"
"SCBI_045","49","tower","basePlot",38.890643,-78.139554,"WGS84","17N",748093.908,4308531.177,0.41,"GeoXH 6000",358.96,0.52,"deciduousForest","bbc|bgc|cdw|cfc|dhp|hbp|ltr|sme|vst",20140101,20200226,"SCBI"
"SCBI_045","59","tower","basePlot",38.890741,-78.139426,"WGS84","17N",748104.659,4308542.452,0.15,"GeoXH 6000",356.41,0.18,"deciduousForest","bbc|bgc|cdw|cfc|dhp|hbp|ltr|sme|vst",20140101,20200226,"SCBI"
"SCBI_048","23","tower","basePlot",38.892429,-78.135932,"WGS84","17N",748401.897,4308739.274,0.17,"GeoXH 6000",416.75,0.21,"deciduousForest","bbc|cdw|cfc|dhp|hbp|ltr|vst",20140101,20200304,"SCBI"
"SCBI_048","43","tower","basePlot",38.892606,-78.135722,"WGS84","17N",748419.447,4308759.566,0.17,"GeoXH 6000",419.55,0.21,"deciduousForest","bbc|cdw|cfc|dhp|hbp|ltr|vst",20140101,20200304,"SCBI"
"SCBI_064","23","tower","basePlot",38.891437,-78.139043,"WGS84","17N",748135.444,4308620.691,0.2,"GeoXH 6000",354.37,0.29,"deciduousForest","bbc|cdw|cfc|dhp|hbp|ltr|vst",20140101,20200304,"SCBI"
"SCBI_064","25","tower","basePlot",38.891434,-78.138859,"WGS84","17N",748151.456,4308620.877,0.27,"GeoXH 6000",365.05,0.41,"deciduousForest","bbc|cdw|cfc|dhp|hbp|ltr|vst",20140101,20200304,"SCBI"
"SCBI_064","43","tower","basePlot",38.891613,-78.138845,"WGS84","17N",748151.983,4308640.769,0.28,"GeoXH 6000",360.8,0.52,"deciduousForest","bbc|cdw|cfc|dhp|hbp|ltr|vst",20140101,20200304,"SCBI"
"SERC_053","39","tower","basePlot",38.890366,-76.55631,"WGS84","18N",365025.112,4305761.576,0.14,"GeoXH 6000",7.71,0.15,"deciduousForest","bbc|cdw|cfc|dhp|hbp|ltr|vst",20150101,20200311,"SERC"
"SERC_053","59","tower","basePlot",38.890547,-76.556088,"WGS84","18N",365044.682,4305781.32,0.18,"GeoXH 6000",6.82,0.26,"deciduousForest","bbc|cdw|cfc|dhp|hbp|ltr|vst",20150101,20200311,"SERC"
"STEI_019","A1","distributed","mammalGrid",45.831193,-90.074289,"WGS84","15N",727229.7817,5079455.385,NA,"GIS",489.48,NA,"mixedForest","mam",20150101,20210101,"STEI"
"STEI_019","A10","distributed","mammalGrid",45.830384,-90.074244,"WGS84","15N",727236.5382,5079365.645,NA,"GIS",491.46,NA,"mixedForest","mam",20150101,20210101,"STEI"
"STEI_019","A2","distributed","mammalGrid",45.831104,-90.074284,"WGS84","15N",727230.5324,5079445.414,NA,"GIS",489.48,NA,"mixedForest","mam",20150101,20210101,"STEI"
"STEI_019","A3","distributed","mammalGrid",45.831014,-90.074279,"WGS84","15N",727231.2832,5079435.442,NA,"GIS",489.48,NA,"mixedForest","mam",20150101,20210101,"STEI"
"STEI_019","A4","distributed","mammalGrid",45.830924,-90.074274,"WGS84","15N",727232.0339,5079425.471,NA,"GIS",489.48,NA,"mixedForest","mam",20150101,20210101,"STEI"
"STEI_019","A5","distributed","mammalGrid",45.830834,-90.074269,"WGS84","15N",727232.7846,5079415.5,NA,"GIS",490.22,NA,"mixedForest","mam",20150101,20210101,"STEI"
"STEI_019","A6","distributed","mammalGrid",45.830744,-90.074264,"WGS84","15N",727233.5353,5079405.529,NA,"GIS",490.22,NA,"mixedForest","mam",20150101,20210101,"STEI"
"STEI_019","A7","distributed","mammalGrid",45.830654,-90.074259,"WGS84","15N",727234.286,5079395.558,NA,"GIS",490.22,NA,"mixedForest","mam",20150101,20210101,"STEI"
"STEI_019","A8","distributed","mammalGrid",45.830564,-90.074254,"WGS84","15N",727235.0368,5079385.587,NA,"GIS",491.46,NA,"mixedForest","mam",20150101,20210101,"STEI"
"STEI_019","A9","distributed","mammalGrid",45.830474,-90.074249,"WGS84","15N",727235.7875,5079375.616,NA,"GIS",491.46,NA,"mixedForest","mam",20150101,20210101,"STEI"
"STEI_019","B1","distributed","mammalGrid",45.831197,-90.07416,"WGS84","15N",727239.7528,5079456.135,NA,"GIS",490.21,NA,"mixedForest","mam",20150101,20210101,"STEI"
"STEI_019","B10","distributed","mammalGrid",45.830388,-90.074116,"WGS84","15N",727246.5093,5079366.395,NA,"GIS",492.06,NA,"mixedForest","mam",20150101,20210101,"STEI"
"STEI_019","B2","distributed","mammalGrid",45.831107,-90.074155,"WGS84","15N",727240.5036,5079446.164,NA,"GIS",490.03,NA,"mixedForest","mam",20150101,20210101,"STEI"
"STEI_019","B3","distributed","mammalGrid",45.831017,-90.07415,"WGS84","15N",727241.2543,5079436.193,NA,"GIS",490.03,NA,"mixedForest","mam",20150101,20210101,"STEI"
"STEI_019","B4","distributed","mammalGrid",45.830927,-90.074145,"WGS84","15N",727242.005,5079426.222,NA,"GIS",490.03,NA,"mixedForest","mam",20150101,20210101,"STEI"
"STEI_019","B5","distributed","mammalGrid",45.830837,-90.07414,"WGS84","15N",727242.7557,5079416.251,NA,"GIS",490.31,NA,"mixedForest","mam",20150101,20210101,"STEI"
"STEI_019","B6","distributed","mammalGrid",45.830747,-90.074135,"WGS84","15N",727243.5064,5079406.28,NA,"GIS",490.31,NA,"mixedForest","mam",20150101,20210101,"STEI"
"STEI_019","B7","distributed","mammalGrid",45.830658,-90.07413,"WGS84","15N",727244.2572,5079396.309,NA,"GIS",490.31,NA,"mixedForest","mam",20150101,20210101,"STEI"
"STEI_019","B8","distributed","mammalGrid",45.830568,-90.074125,"WGS84","15N",727245.0079,5079386.338,NA,"GIS",492.06,NA,"mixedForest","mam",20150101,20210101,"STEI"
"STEI_019","B9","distributed","mammalGrid",45.830478,-90.074121,"WGS84","15N",727245.7586,5079376.366,NA,"GIS",492.06,NA,"mixedForest","mam",20150101,20210101,"STEI"
"STEI_019","C1","distributed","mammalGrid",45.8312,-90.074032,"WGS84","15N",727249.7239,5079456.886,NA,"GIS",490.21,NA,"mixedForest","mam",20150101,20210101,"STEI"
"STEI_019","C10","distributed","mammalGrid",45.830391,-90.073987,"WGS84","15N",727256.4804,5079367.146,NA,"GIS",492.06,NA,"mixedForest","mam",20150101,20210101,"STEI"
"STEI_019","C2","distributed","mammalGrid",45.83111,-90.074027,"WGS84","15N",727250.4747,5079446.915,NA,"GIS",490.03,NA,"mixedForest","mam",20150101,20210101,"STEI"
"STEI_019","C3","distributed","mammalGrid",45.831021,-90.074022,"WGS84","15N",727251.2254,5079436.944,NA,"GIS",490.03,NA,"mixedForest","mam",20150101,20210101,"STEI"
"STEI_019","C4","distributed","mammalGrid",45.830931,-90.074017,"WGS84","15N",727251.9761,5079426.973,NA,"GIS",490.03,NA,"mixedForest","mam",20150101,20210101,"STEI"
"STEI_019","C5","distributed","mammalGrid",45.830841,-90.074012,"WGS84","15N",727252.7268,5079417.002,NA,"GIS",490.31,NA,"mixedForest","mam",20150101,20210101,"STEI"
"STEI_019","C6","distributed","mammalGrid",45.830751,-90.074007,"WGS84","15N",727253.4776,5079407.03,NA,"GIS",490.31,NA,"mixedForest","mam",20150101,20210101,"STEI"
"STEI_019","C7","distributed","mammalGrid",45.830661,-90.074002,"WGS84","15N",727254.2283,5079397.059,NA,"GIS",490.31,NA,"mixedForest","mam",20150101,20210101,"STEI"
"STEI_019","C8","distributed","mammalGrid",45.830571,-90.073997,"WGS84","15N",727254.979,5079387.088,NA,"GIS",492.06,NA,"mixedForest","mam",20150101,20210101,"STEI"
"STEI_019","C9","distributed","mammalGrid",45.830481,-90.073992,"WGS84","15N",727255.7297,5079377.117,NA,"GIS",492.06,NA,"mixedForest","mam",20150101,20210101,"STEI"
"STEI_019","D1","distributed","mammalGrid",45.831204,-90.073903,"WGS84","15N",727259.6951,5079457.637,NA,"GIS",490.21,NA,"mixedForest","mam",20150101,20210101,"STEI"
"STEI_019","D10","distributed","mammalGrid",45.830395,-90.073858,"WGS84","15N",727266.4515,5079367.897,NA,"GIS",492.06,NA,"mixedForest","mam",20150101,20210101,"STEI"
"STEI_019","D2","distributed","mammalGrid",45.831114,-90.073898,"WGS84","15N",727260.4458,5079447.666,NA,"GIS",490.03,NA,"mixedForest","mam",20150101,20210101,"STEI"
"STEI_019","D3","distributed","mammalGrid",45.831024,-90.073893,"WGS84","15N",727261.1965,5079437.695,NA,"GIS",490.03,NA,"mixedForest","mam",20150101,20210101,"STEI"
"STEI_019","D4","distributed","mammalGrid",45.830934,-90.073888,"WGS84","15N",727261.9472,5079427.723,NA,"GIS",490.03,NA,"mixedForest","mam",20150101,20210101,"STEI"
"STEI_019","D5","distributed","mammalGrid",45.830844,-90.073883,"WGS84","15N",727262.698,5079417.752,NA,"GIS",490.31,NA,"mixedForest","mam",20150101,20210101,"STEI"
"STEI_019","D6","distributed","mammalGrid",45.830754,-90.073878,"WGS84","15N",727263.4487,5079407.781,NA,"GIS",490.31,NA,"mixedForest","mam",20150101,20210101,"STEI"
"STEI_019","D7","distributed","mammalGrid",45.830665,-90.073873,"WGS84","15N",727264.1994,5079397.81,NA,"GIS",490.31,NA,"mixedForest","mam",20150101,20210101,"STEI"
"STEI_019","D8","distributed","mammalGrid",45.830575,-90.073868,"WGS84","15N",727264.9501,5079387.839,NA,"GIS",492.06,NA,"mixedForest","mam",20150101,20210101,"STEI"
"STEI_019","D9","distributed","mammalGrid",45.830485,-90.073863,"WGS84","15N",727265.7008,5079377.868,NA,"GIS",492.06,NA,"mixedForest","mam",20150101,20210101,"STEI"
"STEI_019","E1","distributed","mammalGrid",45.831207,-90.073774,"WGS84","15N",727269.6662,5079458.388,NA,"GIS",490.73,NA,"mixedForest","mam",20150101,20210101,"STEI"
"STEI_019","E10","distributed","mammalGrid",45.830398,-90.07373,"WGS84","15N",727276.4227,5079368.647,NA,"GIS",490.5,NA,"mixedForest","mam",20150101,20210101,"STEI"
"STEI_019","E2","distributed","mammalGrid",45.831117,-90.073769,"WGS84","15N",727270.4169,5079448.416,NA,"GIS",490.5,NA,"mixedForest","mam",20150101,20210101,"STEI"
"STEI_019","E3","distributed","mammalGrid",45.831027,-90.073765,"WGS84","15N",727271.1676,5079438.445,NA,"GIS",490.5,NA,"mixedForest","mam",20150101,20210101,"STEI"
"STEI_019","E4","distributed","mammalGrid",45.830938,-90.07376,"WGS84","15N",727271.9184,5079428.474,NA,"GIS",490.5,NA,"mixedForest","mam",20150101,20210101,"STEI"
"STEI_019","E5","distributed","mammalGrid",45.830848,-90.073755,"WGS84","15N",727272.6691,5079418.503,0.12,"Geo 7X (H-Star)",488.54,0.21,"mixedForest","mam",20150101,20210101,"STEI"
"STEI_019","E6","distributed","mammalGrid",45.830758,-90.07375,"WGS84","15N",727273.4198,5079408.532,NA,"GIS",491.15,NA,"mixedForest","mam",20150101,20210101,"STEI"
"STEI_019","E7","distributed","mammalGrid",45.830668,-90.073745,"WGS84","15N",727274.1705,5079398.561,NA,"GIS",491.15,NA,"mixedForest","mam",20150101,20210101,"STEI"
"STEI_019","E8","distributed","mammalGrid",45.830578,-90.07374,"WGS84","15N",727274.9212,5079388.59,NA,"GIS",490.5,NA,"mixedForest","mam",20150101,20210101,"STEI"
"STEI_019","E9","distributed","mammalGrid",45.830488,-90.073735,"WGS84","15N",727275.672,5079378.619,NA,"GIS",490.5,NA,"mixedForest","mam",20150101,20210101,"STEI"
"STEI_019","F1","distributed","mammalGrid",45.831211,-90.073646,"WGS84","15N",727279.6373,5079459.138,NA,"GIS",490.73,NA,"mixedForest","mam",20150101,20210101,"STEI"
"STEI_019","F10","distributed","mammalGrid",45.830402,-90.073601,"WGS84","15N",727286.3938,5079369.398,NA,"GIS",490.5,NA,"mixedForest","mam",20150101,20210101,"STEI"
"STEI_019","F2","distributed","mammalGrid",45.831121,-90.073641,"WGS84","15N",727280.388,5079449.167,NA,"GIS",490.5,NA,"mixedForest","mam",20150101,20210101,"STEI"
"STEI_019","F3","distributed","mammalGrid",45.831031,-90.073636,"WGS84","15N",727281.1388,5079439.196,NA,"GIS",490.5,NA,"mixedForest","mam",20150101,20210101,"STEI"
"STEI_019","F4","distributed","mammalGrid",45.830941,-90.073631,"WGS84","15N",727281.8895,5079429.225,NA,"GIS",490.5,NA,"mixedForest","mam",20150101,20210101,"STEI"
"STEI_019","F5","distributed","mammalGrid",45.830851,-90.073626,"WGS84","15N",727282.6402,5079419.254,NA,"GIS",491.15,NA,"mixedForest","mam",20150101,20210101,"STEI"
"STEI_019","F6","distributed","mammalGrid",45.830761,-90.073621,"WGS84","15N",727283.3909,5079409.283,NA,"GIS",491.15,NA,"mixedForest","mam",20150101,20210101,"STEI"
"STEI_019","F7","distributed","mammalGrid",45.830671,-90.073616,"WGS84","15N",727284.1416,5079399.312,NA,"GIS",491.15,NA,"mixedForest","mam",20150101,20210101,"STEI"
"STEI_019","F8","distributed","mammalGrid",45.830582,-90.073611,"WGS84","15N",727284.8924,5079389.34,NA,"GIS",490.5,NA,"mixedForest","mam",20150101,20210101,"STEI"
"STEI_019","F9","distributed","mammalGrid",45.830492,-90.073606,"WGS84","15N",727285.6431,5079379.369,NA,"GIS",490.5,NA,"mixedForest","mam",20150101,20210101,"STEI"
"STEI_019","G1","distributed","mammalGrid",45.831214,-90.073517,"WGS84","15N",727289.6084,5079459.889,NA,"GIS",490.73,NA,"mixedForest","mam",20150101,20210101,"STEI"
"STEI_019","G10","distributed","mammalGrid",45.830405,-90.073473,"WGS84","15N",727296.3649,5079370.149,NA,"GIS",490.5,NA,"mixedForest","mam",20150101,20210101,"STEI"
"STEI_019","G2","distributed","mammalGrid",45.831124,-90.073512,"WGS84","15N",727290.3592,5079449.918,NA,"GIS",490.5,NA,"mixedForest","mam",20150101,20210101,"STEI"
"STEI_019","G3","distributed","mammalGrid",45.831034,-90.073507,"WGS84","15N",727291.1099,5079439.947,NA,"GIS",490.5,NA,"mixedForest","mam",20150101,20210101,"STEI"
"STEI_019","G4","distributed","mammalGrid",45.830945,-90.073502,"WGS84","15N",727291.8606,5079429.976,NA,"GIS",490.5,NA,"mixedForest","mam",20150101,20210101,"STEI"
"STEI_019","G5","distributed","mammalGrid",45.830855,-90.073498,"WGS84","15N",727292.6113,5079420.004,NA,"GIS",491.15,NA,"mixedForest","mam",20150101,20210101,"STEI"
"STEI_019","G6","distributed","mammalGrid",45.830765,-90.073493,"WGS84","15N",727293.362,5079410.033,NA,"GIS",491.15,NA,"mixedForest","mam",20150101,20210101,"STEI"
"STEI_019","G7","distributed","mammalGrid",45.830675,-90.073488,"WGS84","15N",727294.1128,5079400.062,NA,"GIS",491.15,NA,"mixedForest","mam",20150101,20210101,"STEI"
"STEI_019","G8","distributed","mammalGrid",45.830585,-90.073483,"WGS84","15N",727294.8635,5079390.091,NA,"GIS",490.5,NA,"mixedForest","mam",20150101,20210101,"STEI"
"STEI_019","G9","distributed","mammalGrid",45.830495,-90.073478,"WGS84","15N",727295.6142,5079380.12,NA,"GIS",490.5,NA,"mixedForest","mam",20150101,20210101,"STEI"
"STEI_019","H1","distributed","mammalGrid",45.831218,-90.073389,"WGS84","15N",727299.5796,5079460.64,NA,"GIS",490.76,NA,"mixedForest","mam",20150101,20210101,"STEI"
"STEI_019","H10","distributed","mammalGrid",45.830409,-90.073344,"WGS84","15N",727306.336,5079370.9,NA,"GIS",494.22,NA,"mixedForest","mam",20150101,20210101,"STEI"
"STEI_019","H2","distributed","mammalGrid",45.831128,-90.073384,"WGS84","15N",727300.3303,5079450.669,NA,"GIS",490.94,NA,"mixedForest","mam",20150101,20210101,"STEI"
"STEI_019","H3","distributed","mammalGrid",45.831038,-90.073379,"WGS84","15N",727301.081,5079440.697,NA,"GIS",490.94,NA,"mixedForest","mam",20150101,20210101,"STEI"
"STEI_019","H4","distributed","mammalGrid",45.830948,-90.073374,"WGS84","15N",727301.8317,5079430.726,NA,"GIS",490.94,NA,"mixedForest","mam",20150101,20210101,"STEI"
"STEI_019","H5","distributed","mammalGrid",45.830858,-90.073369,"WGS84","15N",727302.5825,5079420.755,NA,"GIS",492.95,NA,"mixedForest","mam",20150101,20210101,"STEI"
"STEI_019","H6","distributed","mammalGrid",45.830768,-90.073364,"WGS84","15N",727303.3332,5079410.784,NA,"GIS",492.95,NA,"mixedForest","mam",20150101,20210101,"STEI"
"STEI_019","H7","distributed","mammalGrid",45.830678,-90.073359,"WGS84","15N",727304.0839,5079400.813,NA,"GIS",492.95,NA,"mixedForest","mam",20150101,20210101,"STEI"
"STEI_019","H8","distributed","mammalGrid",45.830588,-90.073354,"WGS84","15N",727304.8346,5079390.842,NA,"GIS",494.22,NA,"mixedForest","mam",20150101,20210101,"STEI"
"STEI_019","H9","distributed","mammalGrid",45.830499,-90.073349,"WGS84","15N",727305.5853,5079380.871,NA,"GIS",494.22,NA,"mixedForest","mam",20150101,20210101,"STEI"
"STEI_019","I1","distributed","mammalGrid",45.831221,-90.07326,"WGS84","15N",727309.5507,5079461.39,NA,"GIS",490.76,NA,"mixedForest","mam",20150101,20210101,"STEI"
"STEI_019","I10","distributed","mammalGrid",45.830412,-90.073216,"WGS84","15N",727316.3072,5079371.65,NA,"GIS",494.22,NA,"mixedForest","mam",20150101,20210101,"STEI"
"STEI_019","I2","distributed","mammalGrid",45.831131,-90.073255,"WGS84","15N",727310.3014,5079451.419,NA,"GIS",490.94,NA,"mixedForest","mam",20150101,20210101,"STEI"
"STEI_019","I3","distributed","mammalGrid",45.831041,-90.07325,"WGS84","15N",727311.0521,5079441.448,NA,"GIS",490.94,NA,"mixedForest","mam",20150101,20210101,"STEI"
"STEI_019","I4","distributed","mammalGrid",45.830951,-90.073245,"WGS84","15N",727311.8029,5079431.477,NA,"GIS",490.94,NA,"mixedForest","mam",20150101,20210101,"STEI"
"STEI_019","I5","distributed","mammalGrid",45.830862,-90.07324,"WGS84","15N",727312.5536,5079421.506,NA,"GIS",492.95,NA,"mixedForest","mam",20150101,20210101,"STEI"
"STEI_019","I6","distributed","mammalGrid",45.830772,-90.073235,"WGS84","15N",727313.3043,5079411.535,NA,"GIS",492.95,NA,"mixedForest","mam",20150101,20210101,"STEI"
"STEI_019","I7","distributed","mammalGrid",45.830682,-90.07323,"WGS84","15N",727314.055,5079401.564,NA,"GIS",492.95,NA,"mixedForest","mam",20150101,20210101,"STEI"
"STEI_019","I8","distributed","mammalGrid",45.830592,-90.073226,"WGS84","15N",727314.8057,5079391.593,NA,"GIS",494.22,NA,"mixedForest","mam",20150101,20210101,"STEI"
"STEI_019","I9","distributed","mammalGrid",45.830502,-90.073221,"WGS84","15N",727315.5565,5079381.621,NA,"GIS",494.22,NA,"mixedForest","mam",20150101,20210101,"STEI"
"STEI_019","J1","distributed","mammalGrid",45.831225,-90.073132,"WGS84","15N",727319.5218,5079462.141,NA,"GIS",490.76,NA,"mixedForest","mam",20150101,20210101,"STEI"
"STEI_019","J10","distributed","mammalGrid",45.830416,-90.073087,"WGS84","15N",727326.2783,5079372.401,NA,"GIS",494.22,NA,"mixedForest","mam",20150101,20210101,"STEI"
"STEI_019","J2","distributed","mammalGrid",45.831135,-90.073127,"WGS84","15N",727320.2725,5079452.17,NA,"GIS",490.94,NA,"mixedForest","mam",20150101,20210101,"STEI"
"STEI_019","J3","distributed","mammalGrid",45.831045,-90.073122,"WGS84","15N",727321.0233,5079442.199,NA,"GIS",490.94,NA,"mixedForest","mam",20150101,20210101,"STEI"
"STEI_019","J4","distributed","mammalGrid",45.830955,-90.073117,"WGS84","15N",727321.774,5079432.228,NA,"GIS",490.94,NA,"mixedForest","mam",20150101,20210101,"STEI"
"STEI_019","J5","distributed","mammalGrid",45.830865,-90.073112,"WGS84","15N",727322.5247,5079422.257,NA,"GIS",492.95,NA,"mixedForest","mam",20150101,20210101,"STEI"
"STEI_019","J6","distributed","mammalGrid",45.830775,-90.073107,"WGS84","15N",727323.2754,5079412.286,NA,"GIS",492.95,NA,"mixedForest","mam",20150101,20210101,"STEI"
"STEI_019","J7","distributed","mammalGrid",45.830685,-90.073102,"WGS84","15N",727324.0262,5079402.314,NA,"GIS",492.95,NA,"mixedForest","mam",20150101,20210101,"STEI"
"STEI_019","J8","distributed","mammalGrid",45.830595,-90.073097,"WGS84","15N",727324.7769,5079392.343,NA,"GIS",494.22,NA,"mixedForest","mam",20150101,20210101,"STEI"
"STEI_019","J9","distributed","mammalGrid",45.830506,-90.073092,"WGS84","15N",727325.5276,5079382.372,NA,"GIS",494.22,NA,"mixedForest","mam",20150101,20210101,"STEI"
"TALL_015","33","distributed","basePlot",32.916617,-87.437739,"WGS84","16N",459069.629,3642128.076,0.24,"GeoXH 6000",113.85,0.37,"deciduousForest","cdw|cfc|dhp|hbp|vst",20140101,20200311,"TALL"
"TALL_015","51","distributed","basePlot",32.916832,-87.437786,"WGS84","16N",459065.411,3642151.979,0.28,"GeoXH 6000",114.4,0.54,"deciduousForest","cdw|cfc|dhp|hbp|vst",20140101,20200311,"TALL"
"TALL_050","61","tower","basePlot",32.950612,-87.398984,"WGS84","16N",462707.728,3645882.389,0.11,"GeoXH 6000",138.57,0.12,"evergreenForest","bbc|cdw|cfc|dhp|hbp|ltr|vst",20140101,20200120,"TALL"
"TALL_057","25","tower","basePlot",32.946996,-87.39772,"WGS84","16N",462824.351,3645481.102,0.19,"GeoXH 6000",97.28,0.23,"evergreenForest","bbc|cdw|cfc|dhp|hbp|ltr|vst",20140101,20200309,"TALL"
"TALL_057","39","tower","basePlot",32.947192,-87.398159,"WGS84","16N",462783.344,3645502.989,0.22,"GeoXH 6000",98.58,0.22,"evergreenForest","bbc|cdw|cfc|dhp|hbp|ltr|vst",20140101,20200309,"TALL"
"TALL_057","43","tower","basePlot",32.947149,-87.397671,"WGS84","16N",462829.007,3645498.101,0.21,"GeoXH 6000",106.57,0.39,"evergreenForest","bbc|cdw|cfc|dhp|hbp|ltr|vst",20140101,20200309,"TALL"
"TALL_057","57","tower","basePlot",32.947365,-87.39814,"WGS84","16N",462785.273,3645522.134,0.17,"GeoXH 6000",107.34,0.19,"evergreenForest","bbc|cdw|cfc|dhp|hbp|ltr|vst",20140101,20200309,"TALL"
"TALL_057","61","tower","basePlot",32.947332,-87.397674,"WGS84","16N",462828.81,3645518.295,0.1,"GeoXH 6000",113.21,0.1,"evergreenForest","bbc|cdw|cfc|dhp|hbp|ltr|vst",20140101,20200309,"TALL"
"TALL_060","21","tower","basePlot",32.95245,-87.399068,"WGS84","16N",462700.669,3646086.192,0.18,"GeoXH 6000",137.13,0.25,"evergreenForest","bbc|cdw|cfc|dhp|hbp|ltr|vst",20140101,20200311,"TALL"
"TALL_060","23","tower","basePlot",32.952426,-87.398871,"WGS84","16N",462718.982,3646083.513,0.11,"GeoXH 6000",127.9,0.11,"evergreenForest","bbc|cdw|cfc|dhp|hbp|ltr|vst",20140101,20200311,"TALL"
"TALL_060","25","tower","basePlot",32.952436,-87.398654,"WGS84","16N",462739.344,3646084.579,0.14,"GeoXH 6000",122.08,0.17,"evergreenForest","bbc|cdw|cfc|dhp|hbp|ltr|vst",20140101,20200311,"TALL"
"TALL_060","39","tower","basePlot",32.952616,-87.399101,"WGS84","16N",462697.604,3646104.637,0.26,"GeoXH 6000",135.16,0.32,"evergreenForest","bbc|cdw|cfc|dhp|hbp|ltr|vst",20140101,20200311,"TALL"
"TALL_060","43","tower","basePlot",32.952609,-87.398648,"WGS84","16N",462739.982,3646103.649,0.3,"GeoXH 6000",125.21,0.48,"evergreenForest","bbc|cdw|cfc|dhp|hbp|ltr|vst",20140101,20200311,"TALL"
"TALL_060","57","tower","basePlot",32.952792,-87.399097,"WGS84","16N",462698.066,3646124.111,0.17,"GeoXH 6000",133.35,0.22,"evergreenForest","bbc|cdw|cfc|dhp|hbp|ltr|vst",20140101,20200311,"TALL"
"TALL_060","59","tower","basePlot",32.952804,-87.398878,"WGS84","16N",462718.533,3646125.4,0.22,"GeoXH 6000",131.37,0.33,"evergreenForest","bbc|cdw|cfc|dhp|hbp|ltr|vst",20140101,20200311,"TALL"
"TALL_060","61","tower","basePlot",32.952803,-87.398654,"WGS84","16N",462739.501,3646125.198,0.18,"GeoXH 6000",125.33,0.23,"evergreenForest","bbc|cdw|cfc|dhp|hbp|ltr|vst",20140101,20200311,"TALL"
"TEAK_015","31","distributed","basePlot",36.98827,-119.0444,"WGS84","11N",318054.9,4095524,0.87,"GeoXH 6000",2275.86,1.42,"evergreenForest","cdw|cfc|dhp|hbp|vst",20150101,20210831,"TEAK"
"TEAK_015","31","distributed","basePlot",36.98831,-119.0444,"WGS84","11N",318059.9,4095529,2.87,"GIS",2275.86,1.42,"evergreenForest","div",20150101,20210831,"TEAK"
"TEAK_015","31.1.1","distributed","basePlot",36.98827,-119.0444,"WGS84","11N",318055.4,4095525,1.12,"GIS",2275.86,1.42,"evergreenForest","div",20150101,20210831,"TEAK"
"TEAK_015","31.1.10","distributed","basePlot",36.98828,-119.0444,"WGS84","11N",318056.5,4095526,1.87,"GIS",2275.86,1.42,"evergreenForest","div",20150101,20210831,"TEAK"
"TEAK_015","32","distributed","basePlot",36.98827,-119.0443,"WGS84","11N",318068.8,4095524,2.42,"GIS",2284.34,0.69,"evergreenForest","div",20150101,20210831,"TEAK"
"TEAK_015","32.2.1","distributed","basePlot",36.98823,-119.0442,"WGS84","11N",318073.3,4095519,0.67,"GIS",2284.34,0.69,"evergreenForest","div",20150101,20210831,"TEAK"
"TEAK_015","32.2.10","distributed","basePlot",36.98824,-119.0442,"WGS84","11N",318072.2,4095520,1.42,"GIS",2284.34,0.69,"evergreenForest","div",20150101,20210831,"TEAK"
"TEAK_015","32.4.1","distributed","basePlot",36.98831,-119.0442,"WGS84","11N",318073.3,4095528,0.67,"GIS",2284.34,0.69,"evergreenForest","div",20150101,20210831,"TEAK"
"TEAK_015","32.4.10","distributed","basePlot",36.9883,-119.0442,"WGS84","11N",318072.2,4095527,1.42,"GIS",2284.34,0.69,"evergreenForest","div",20150101,20210831,"TEAK"
"TEAK_015","33","distributed","basePlot",36.98822,-119.0442,"WGS84","11N",318073.8,4095519,0.42,"Geo 7X (H-Star)",2284.34,0.69,"evergreenForest","cdw|cfc|dhp|hbp|vst",20150101,20210831,"TEAK"
"TEAK_015","40","distributed","basePlot",36.98835,-119.0444,"WGS84","11N",318060.1,4095534,2.43,"GIS",2281.3,0.54,"evergreenForest","div",20150101,20210831,"TEAK"
"TEAK_015","40.1.1","distributed","basePlot",36.98831,-119.0444,"WGS84","11N",318055.6,4095529,0.68,"GIS",2281.3,0.54,"evergreenForest","div",20150101,20210831,"TEAK"
"TEAK_015","40.1.10","distributed","basePlot",36.98832,-119.0444,"WGS84","11N",318056.7,4095530,1.43,"GIS",2281.3,0.54,"evergreenForest","div",20150101,20210831,"TEAK"
"TEAK_015","49","distributed","basePlot",36.9884,-119.0444,"WGS84","11N",318055.1,4095539,0.43,"Geo 7X (H-Star)",2281.3,0.54,"evergreenForest","cdw|cfc|dhp|hbp|vst",20150101,20210831,"TEAK"
"TEAK_019","33","distributed","basePlot",36.9737,-119.0091,"WGS84","11N",321168.6,4093841,0.4,"GeoXH 6000",2127.16,0.86,"evergreenForest","cdw|cfc|dhp|hbp|vst",20150101,20210831,"TEAK"
"TEAK_019","40","distributed","basePlot",36.97384,-119.0093,"WGS84","11N",321151.5,4093857,2.49,"GIS",2135.11,0.78,"evergreenForest","div",20150101,20210831,"TEAK"
"TEAK_019","40.1.1","distributed","basePlot",36.9738,-119.0093,"WGS84","11N",321147,4093853,0.74,"GIS",2135.11,0.78,"evergreenForest","div",20150101,20210831,"TEAK"
"TEAK_019","40.1.10","distributed","basePlot",36.97381,-119.0093,"WGS84","11N",321148.1,4093854,1.49,"GIS",2135.11,0.78,"evergreenForest","div",20150101,20210831,"TEAK"
"TEAK_019","40.3.1","distributed","basePlot",36.97388,-119.0093,"WGS84","11N",321147,4093862,0.74,"GIS",2135.11,0.78,"evergreenForest","div",20150101,20210831,"TEAK"
"TEAK_019","40.3.10","distributed","basePlot",36.97387,-119.0093,"WGS84","11N",321148.1,4093860,1.49,"GIS",2135.11,0.78,"evergreenForest","div",20150101,20210831,"TEAK"
"TEAK_019","49","distributed","basePlot",36.97389,-119.0093,"WGS84","11N",321146.5,4093862,0.49,"GeoXH 6000",2135.11,0.78,"evergreenForest","cdw|cfc|dhp|hbp|vst",20150101,20210831,"TEAK"
"TEAK_019","61","distributed","basePlot",36.97395,-119.009,"WGS84","11N",321179.1,4093869,0.42,"GeoXH 6000",2142.06,0.49,"evergreenForest","cdw|cfc|dhp|hbp|vst",20150101,20210831,"TEAK"
"UNDE_036","31.4.1","distributed","basePlot",46.2537,-89.51687,"WGS84","16N",306007.8,5125315,0.41,"GIS",524.99,0.22,"mixedForest","div",20140101,20201019,"UNDE"
"UNDE_036","31.4.10","distributed","basePlot",46.25369,-89.51689,"WGS84","16N",306006.8,5125314,1.16,"GIS",524.99,0.22,"mixedForest","div",20140101,20201019,"UNDE"
"UNDE_036","32","distributed","basePlot",46.25367,-89.51691,"WGS84","16N",306004.6,5125312,2.11,"GIS",524.18,0.2,"mixedForest","div",20140101,20201019,"UNDE"
"UNDE_036","32.2.1","distributed","basePlot",46.25364,-89.51686,"WGS84","16N",306009.1,5125308,0.36,"GIS",524.18,0.2,"mixedForest","div",20140101,20201019,"UNDE"
"UNDE_036","32.2.10","distributed","basePlot",46.25364,-89.51687,"WGS84","16N",306008.1,5125309,1.11,"GIS",524.18,0.2,"mixedForest","div",20140101,20201019,"UNDE"
"UNDE_036","32.4.1","distributed","basePlot",46.25371,-89.51686,"WGS84","16N",306009.1,5125317,0.36,"GIS",524.18,0.2,"mixedForest","div",20140101,20201019,"UNDE"
"UNDE_036","32.4.10","distributed","basePlot",46.2537,-89.51687,"WGS84","16N",306008.1,5125316,1.11,"GIS",524.18,0.2,"mixedForest","div",20140101,20201019,"UNDE"
"UNDE_036","41","distributed","basePlot",46.25375,-89.51681,"WGS84","16N",306013.3,5125321,2.16,"GIS",524.99,0.22,"mixedForest","div",20140101,20201019,"UNDE"
"UNDE_036","41.1.1","distributed","basePlot",46.25371,-89.51686,"WGS84","16N",306008.8,5125316,0.41,"GIS",524.99,0.22,"mixedForest","div",20140101,20201019,"UNDE"
"UNDE_036","41.1.10","distributed","basePlot",46.25372,-89.51685,"WGS84","16N",306009.9,5125317,1.16,"GIS",524.99,0.22,"mixedForest","div",20140101,20201019,"UNDE"
"UNDE_037","25","tower","basePlot",46.23111,-89.54169,"WGS84","16N",304014.4,5122866,0.22,"GeoXH 6000",519.96,0.31,"mixedForest","bbc|bgc|cdw|cfc|dhp|hbp|ltr|sme|vst",20140101,20201019,"UNDE"
"UNDE_037","57","tower","basePlot",46.23146,-89.54223,"WGS84","16N",303974.1,5122907,0.24,"GeoXH 6000",521.49,0.3,"mixedForest","bbc|bgc|cdw|cfc|dhp|hbp|ltr|sme|vst",20140101,20201019,"UNDE"
"UNDE_037","59","tower","basePlot",46.23147,-89.54195,"WGS84","16N",303996,5122906,0.15,"GeoXH 6000",522.79,0.21,"mixedForest","bbc|bgc|cdw|cfc|dhp|hbp|ltr|sme|vst",20140101,20201027,"UNDE"
"UNDE_037","61","tower","basePlot",46.23148,-89.54171,"WGS84","16N",304014.1,5122907,0.2,"GeoXH 6000",524.93,0.24,"mixedForest","bbc|bgc|cdw|cfc|dhp|hbp|ltr|sme|vst",20140101,20201027,"UNDE"
"UNDE_048","21","tower","basePlot",46.23195,-89.54066,"WGS84","16N",304097,5122957,0.22,"GeoXH 6000",526.56,2.28,"mixedForest","bbc|cdw|cfc|dhp|hbp|ltr|vst",20140101,20201021,"UNDE"
"UNDE_048","57","tower","basePlot",46.23233,-89.54069,"WGS84","16N",304096.5,5122999,0.18,"GeoXH 6000",521.99,0.25,"mixedForest","bbc|cdw|cfc|dhp|hbp|ltr|vst",20140101,20201021,"UNDE"
"UNDE_048","61","tower","basePlot",46.23233,-89.54013,"WGS84","16N",304139.7,5122997,0.28,"GeoXH 6000",527.12,0.25,"mixedForest","bbc|cdw|cfc|dhp|hbp|ltr|vst",20140101,20201021,"UNDE"
"UNDE_058","21","tower","basePlot",46.23092,-89.5391,"WGS84","16N",304213.6,5122838,0.2,"GeoXH 6000",518.87,0.22,"deciduousForest","bbc|cdw|cfc|dhp|hbp|ltr|vst",20140101,20201027,"UNDE"
"UNDE_058","23","tower","basePlot",46.23092,-89.53884,"WGS84","16N",304233.9,5122838,0.26,"GeoXH 6000",519.34,0.38,"deciduousForest","bbc|cdw|cfc|dhp|hbp|ltr|vst",20140101,20201027,"UNDE"
"UNDE_058","25","tower","basePlot",46.23091,-89.53859,"WGS84","16N",304253.4,5122836,0.26,"GeoXH 6000",526.52,1.08,"deciduousForest","bbc|cdw|cfc|dhp|hbp|ltr|vst",20140101,20201027,"UNDE"
"UNDE_058","39","tower","basePlot",46.23109,-89.53912,"WGS84","16N",304212.5,5122857,0.25,"GeoXH 6000",517.14,0.43,"deciduousForest","bbc|cdw|cfc|dhp|hbp|ltr|vst",20140101,20210929,"UNDE"
"UNDE_058","41","tower","basePlot",46.23109,-89.53885,"WGS84","16N",304233.9,5122857,0.14,"GeoXH 6000",520.62,0.18,"deciduousForest","bbc|cdw|cfc|dhp|hbp|ltr|vst",20140101,20210929,"UNDE"
"UNDE_058","43","tower","basePlot",46.23109,-89.53861,"WGS84","16N",304251.9,5122856,0.21,"GeoXH 6000",525.71,0.42,"deciduousForest","bbc|cdw|cfc|dhp|hbp|ltr|vst",20140101,20201021,"UNDE"
"UNDE_058","57","tower","basePlot",46.23127,-89.5391,"WGS84","16N",304215.3,5122877,0.14,"GeoXH 6000",519.11,0.19,"deciduousForest","bbc|cdw|cfc|dhp|hbp|ltr|vst",20140101,20201021,"UNDE"
"UNDE_058","59","tower","basePlot",46.23126,-89.53885,"WGS84","16N",304234.3,5122876,0.22,"GeoXH 6000",522.13,0.25,"deciduousForest","bbc|cdw|cfc|dhp|hbp|ltr|vst",20140101,20201021,"UNDE"
"UNDE_058","61","tower","basePlot",46.23126,-89.53861,"WGS84","16N",304252.6,5122876,0.24,"GeoXH 6000",522.26,0.4,"deciduousForest","bbc|cdw|cfc|dhp|hbp|ltr|vst",20140101,20201021,"UNDE"
"UNDE_059","21","tower","basePlot",46.2305,-89.5328,"WGS84","16N",304698.3,5122777,0.2,"GeoXH 6000",511.41,0.26,"woodyWetlands","bbc|cdw|cfc|dhp|hbp|ltr|vst",20140101,20201021,"UNDE"
"UNDE_059","23","tower","basePlot",46.23049,-89.53257,"WGS84","16N",304716.1,5122774,0.24,"GeoXH 6000",507.94,0.37,"woodyWetlands","bbc|cdw|cfc|dhp|hbp|ltr|vst",20140101,20201019,"UNDE"
"UNDE_059","25","tower","basePlot",46.23048,-89.53228,"WGS84","16N",304738,5122773,0.23,"GeoXH 6000",508.54,0.28,"woodyWetlands","bbc|cdw|cfc|dhp|hbp|ltr|vst",20140101,20201019,"UNDE"
"UNDE_059","39","tower","basePlot",46.23067,-89.53283,"WGS84","16N",304696.8,5122796,0.4,"GeoXH 6000",508.31,0.41,"woodyWetlands","bbc|cdw|cfc|dhp|hbp|ltr|vst",20140101,20201019,"UNDE"
"UNDE_059","41","tower","basePlot",46.23069,-89.53253,"WGS84","16N",304719.3,5122797,0.12,"GeoXH 6000",508.48,0.17,"woodyWetlands","bbc|cdw|cfc|dhp|hbp|ltr|vst",20140101,20201019,"UNDE"
"UNDE_059","43","tower","basePlot",46.23067,-89.53231,"WGS84","16N",304736.7,5122794,0.38,"GeoXH 6000",504.78,0.48,"woodyWetlands","bbc|cdw|cfc|dhp|hbp|ltr|vst",20140101,20201019,"UNDE"
"UNDE_059","57","tower","basePlot",46.23085,-89.53284,"WGS84","16N",304695.9,5122815,0.2,"GeoXH 6000",509.58,0.28,"woodyWetlands","bbc|cdw|cfc|dhp|hbp|ltr|vst",20140101,20201019,"UNDE"
"UNDE_059","59","tower","basePlot",46.23085,-89.53256,"WGS84","16N",304718.2,5122815,0.27,"GeoXH 6000",508.85,0.44,"woodyWetlands","bbc|cdw|cfc|dhp|hbp|ltr|vst",20140101,20201019,"UNDE"
"UNDE_059","61","tower","basePlot",46.23085,-89.53231,"WGS84","16N",304737.1,5122814,0.52,"GeoXH 6000",508.25,0.56,"woodyWetlands","bbc|cdw|cfc|dhp|hbp|ltr|vst",20140101,20201019,"UNDE"
"WREF_073","25","tower","basePlot",45.825674,-121.95986,"WGS84","10N",580792.915,5075204.928,0.14,"Geo 7X (H-Star)",369.81,0.26,"evergreenForest","bbc|bgc|cdw|cfc|dhp|hbp|ltr|sme|vst",20170101,20201217,"WREF"
"WREF_088","25","tower","basePlot",45.828567,-121.956857,"WGS84","10N",581021.971,5075529.473,0.16,"Geo 7X (H-Star)",363.5,0.22,"evergreenForest","bbc|cdw|cfc|dhp|hbp|ltr|vst",20170101,20201217,"WREF"
"DSNY_042","31","tower","basePlot",28.122039,-81.434046,"WGS84","17N",457371.427,3110797.508,0.1,"GeoXH 6000",19.55,0.1,"pastureHay","bbc|bgc|cdw|cfc|dhp|hbp|ltr|sme|vst",20150101,20190116,"DSNY"
"DSNY_042","51","tower","basePlot",28.12222,-81.433838,"WGS84","17N",457391.915,3110817.488,0.1,"GeoXH 6000",19.92,0.1,"pastureHay","bbc|bgc|cdw|cfc|dhp|hbp|ltr|sme|vst",20150101,20190116,"DSNY"
"DSNY_042","61","tower","basePlot",28.122313,-81.433733,"WGS84","17N",457402.344,3110827.696,0.1,"GeoXH 6000",19.93,0.11,"pastureHay","bbc|bgc|cdw|cfc|dhp|hbp|ltr|sme|vst",20150101,20190116,"DSNY"
"DSNY_044","21","tower","basePlot",28.126009,-81.433868,"WGS84","17N",457390.477,3111237.246,0.1,"GeoXH 6000",20.03,0.1,"pastureHay","bbc|bgc|cdw|cfc|dhp|hbp|ltr|sme|vst",20130101,20230215,"DSNY"
"DSNY_044","25","tower","basePlot",28.126008,-81.433453,"WGS84","17N",457431.292,3111236.964,0.1,"GeoXH 6000",20.19,0.1,"pastureHay","bbc|bgc|cdw|cfc|dhp|hbp|ltr|sme|vst",20130101,20230215,"DSNY"
"DSNY_044","31","tower","basePlot",28.126093,-81.433758,"WGS84","17N",457401.317,3111246.504,0.1,"GeoXH 6000",20.3,0.1,"pastureHay","bbc|bgc|cdw|cfc|dhp|hbp|ltr|sme|vst",20130101,20230215,"DSNY"
"DSNY_044","49","tower","basePlot",28.126276,-81.43377,"WGS84","17N",457400.273,3111266.732,0.1,"GeoXH 6000",20.2,0.1,"pastureHay","bbc|bgc|cdw|cfc|dhp|hbp|ltr|sme|vst",20130101,20230215,"DSNY"
"DSNY_044","57","tower","basePlot",28.126377,-81.433861,"WGS84","17N",457391.36,3111277.986,0.1,"GeoXH 6000",19.93,0.1,"pastureHay","bbc|bgc|cdw|cfc|dhp|hbp|ltr|sme|vst",20130101,20230215,"DSNY"
"DSNY_044","61","tower","basePlot",28.126375,-81.43346,"WGS84","17N",457430.724,3111277.574,0.1,"GeoXH 6000",20.06,0.11,"pastureHay","bbc|bgc|cdw|cfc|dhp|hbp|ltr|sme|vst",20130101,20230215,"DSNY"
"JERC_049","43","tower","basePlot",31.19649,-84.463899,"WGS84","16N",741650.558,3454149.595,0.24,"GeoXH 6000",47.04,0.39,"evergreenForest","bbc|bgc|cdw|cfc|dhp|hbp|ltr|sme|vst",0,20221005,"JERC"
"JERC_049","23","tower","basePlot",31.196315,-84.464107,"WGS84","16N",741631.212,3454129.808,0.21,"GeoXH 6000",44.89,0.28,"evergreenForest","bbc|bgc|cdw|cfc|dhp|hbp|ltr|sme|vst",0,20221005,"JERC"
"JERC_049","39","tower","basePlot",31.196496,-84.464325,"WGS84","16N",741609.938,3454149.382,0.17,"GeoXH 6000",49.06,0.3,"evergreenForest","bbc|bgc|cdw|cfc|dhp|hbp|ltr|sme|vst",0,20221005,"JERC"
"JERC_049","25","tower","basePlot",31.196311,-84.463913,"WGS84","16N",741649.638,3454129.711,0.18,"GeoXH 6000",48.24,0.25,"evergreenForest","bbc|bgc|cdw|cfc|dhp|hbp|ltr|sme|vst",0,20221005,"JERC"
"JERC_049","21","tower","basePlot",31.196314,-84.464315,"WGS84","16N",741611.315,3454129.219,0.17,"GeoXH 6000",44.77,0.3,"evergreenForest","bbc|bgc|cdw|cfc|dhp|hbp|ltr|sme|vst",0,20221005,"JERC"
"JERC_049","57","tower","basePlot",31.196675,-84.464314,"WGS84","16N",741610.535,3454169.269,0.12,"GeoXH 6000",47.35,0.17,"evergreenForest","bbc|bgc|cdw|cfc|dhp|hbp|ltr|sme|vst",0,20221005,"JERC"
"MLBS_064","21","tower","basePlot",37.375366,-80.520397,"WGS84","17N",542462.598,4136622.103,0.16,"GeoXH 6000",1181.95,0.19,"deciduousForest","bbc|bgc|cdw|cfc|dhp|hbp|ltr|sme|vst",20150101,20191113,"MLBS"
"MLBS_064","23","tower","basePlot",37.375379,-80.520145,"WGS84","17N",542484.951,4136623.705,0.25,"GeoXH 6000",1181.16,0.26,"deciduousForest","bbc|bgc|cdw|cfc|dhp|hbp|ltr|sme|vst",20150101,20191113,"MLBS"
"MLBS_064","25","tower","basePlot",37.375372,-80.519936,"WGS84","17N",542503.444,4136623.028,0.18,"GeoXH 6000",1179.35,0.24,"deciduousForest","bbc|bgc|cdw|cfc|dhp|hbp|ltr|sme|vst",20150101,20191113,"MLBS"
"MLBS_064","31","tower","basePlot",37.37545,-80.520264,"WGS84","17N",542474.39,4136631.562,0.24,"GeoXH 6000",1181.44,0.38,"deciduousForest","bbc|bgc|cdw|cfc|dhp|hbp|ltr|sme|vst",20150101,20191113,"MLBS"
"MLBS_064","33","tower","basePlot",37.37547,-80.520059,"WGS84","17N",542492.492,4136633.814,0.22,"GeoXH 6000",1175.18,0.24,"deciduousForest","bbc|bgc|cdw|cfc|dhp|hbp|ltr|sme|vst",20150101,20191113,"MLBS"
"MLBS_064","39","tower","basePlot",37.37554,-80.520374,"WGS84","17N",542464.603,4136641.437,0.22,"GeoXH 6000",1178.69,0.32,"deciduousForest","bbc|bgc|cdw|cfc|dhp|hbp|ltr|sme|vst",20150101,20191113,"MLBS"
"MLBS_064","41","tower","basePlot",37.37556,-80.520162,"WGS84","17N",542483.368,4136643.758,0.21,"GeoXH 6000",1179.44,0.24,"deciduousForest","bbc|bgc|cdw|cfc|dhp|hbp|ltr|sme|vst",20150101,20191113,"MLBS"
"MLBS_064","43","tower","basePlot",37.375534,-80.519911,"WGS84","17N",542505.553,4136640.966,0.23,"GeoXH 6000",1181.59,0.35,"deciduousForest","bbc|bgc|cdw|cfc|dhp|hbp|ltr|sme|vst",20150101,20191113,"MLBS"
"MLBS_064","49","tower","basePlot",37.375638,-80.520282,"WGS84","17N",542472.683,4136652.38,0.18,"GeoXH 6000",1176.09,0.3,"deciduousForest","bbc|bgc|cdw|cfc|dhp|hbp|ltr|sme|vst",20150101,20191113,"MLBS"
"MLBS_064","51","tower","basePlot",37.375635,-80.520049,"WGS84","17N",542493.308,4136652.142,0.25,"GeoXH 6000",1181.33,0.43,"deciduousForest","bbc|bgc|cdw|cfc|dhp|hbp|ltr|sme|vst",20150101,20191113,"MLBS"
"MLBS_064","57","tower","basePlot",37.375722,-80.520379,"WGS84","17N",542463.989,4136661.666,0.18,"GeoXH 6000",1177.76,0.29,"deciduousForest","bbc|bgc|cdw|cfc|dhp|hbp|ltr|sme|vst",20150101,20191113,"MLBS"
"MLBS_064","59","tower","basePlot",37.375731,-80.520177,"WGS84","17N",542481.943,4136662.75,0.2,"GeoXH 6000",1178.43,0.28,"deciduousForest","bbc|bgc|cdw|cfc|dhp|hbp|ltr|sme|vst",20150101,20191113,"MLBS"
"MLBS_064","61","tower","basePlot",37.375728,-80.51992,"WGS84","17N",542504.646,4136662.521,0.21,"GeoXH 6000",1180.77,0.29,"deciduousForest","bbc|bgc|cdw|cfc|dhp|hbp|ltr|sme|vst",20150101,20191113,"MLBS"
"SOAP_043","21","tower","basePlot",37.034266,-119.268964,"WGS84","11N",298192.56,4101081.028,0.34,"Geo 7X (H-Star)",1260.06,0.49,"evergreenForest","bbc|bgc|cdw|cfc|dhp|hbp|ltr|sme|vst",20150101,20230215,"SOAP"
"SOAP_043","41","tower","basePlot",37.034451,-119.268722,"WGS84","11N",298214.496,4101101.016,0.11,"Geo 7X (H-Star)",1247.97,0.13,"evergreenForest","bbc|bgc|cdw|cfc|dhp|hbp|ltr|sme|vst",20150101,20230215,"SOAP"
"TALL_047","23","tower","basePlot",32.951302,-87.398917,"WGS84","16N",462714.27,3645958.877,0.21,"GeoXH 6000",136.29,0.25,"evergreenForest","bbc|bgc|cdw|cfc|dhp|hbp|ltr|sme|vst",20140101,20200206,"TALL"
"TALL_047","25","tower","basePlot",32.951312,-87.398706,"WGS84","16N",462733.939,3645959.898,0.3,"GeoXH 6000",136.59,0.47,"evergreenForest","bbc|bgc|cdw|cfc|dhp|hbp|ltr|sme|vst",20140101,20200206,"TALL"
"TALL_047","57","tower","basePlot",32.951686,-87.399166,"WGS84","16N",462691.117,3646001.552,0.22,"GeoXH 6000",136.26,0.2,"evergreenForest","bbc|bgc|cdw|cfc|dhp|hbp|ltr|sme|vst",20140101,20200206,"TALL"
"TALL_047","61","tower","basePlot",32.951675,-87.398725,"WGS84","16N",462732.358,3646000.145,0.21,"GeoXH 6000",130.68,0.22,"evergreenForest","bbc|bgc|cdw|cfc|dhp|hbp|ltr|sme|vst",20140101,20200206,"TALL"
"DSNY_061","41","tower","basePlot",28.128063,-81.433054,"WGS84","17N",457471.287,3111464.44,0.1,"GeoXH 6000",20.39,0.1,"pastureHay","bbc|cdw|cfc|dhp|ltr|vst",20130101,20230207,"DSNY"
"DSNY_061","49","tower","basePlot",28.12815,-81.433154,"WGS84","17N",457461.497,3111474.169,0.1,"GeoXH 6000",20.29,0.1,"pastureHay","bbc|cdw|cfc|dhp|ltr|vst",20130101,20230207,"DSNY"
"DSNY_061","51","tower","basePlot",28.128151,-81.432952,"WGS84","17N",457481.281,3111474.213,0.1,"GeoXH 6000",20.07,0.1,"pastureHay","bbc|cdw|cfc|dhp|ltr|vst",20130101,20230207,"DSNY"
"BART_051","39","tower","basePlot",44.062852,-71.287998,"WGS84","19N",316753.89,4881398.897,0.16,"GeoXH 6000",279.36,0.23,"deciduousForest","bbc|cdw|dhp|hbp|ltr|vst",20130101,20141231,"BART"
"BART_051","21","tower","basePlot",44.062662,-71.287982,"WGS84","19N",316754.598,4881377.719,0.2,"GeoXH 6000",281.98,0.34,"deciduousForest","bbc|cdw|dhp|hbp|ltr|vst",20130101,20141231,"BART"
"BART_051","25","tower","basePlot",44.062711,-71.287528,"WGS84","19N",316791.128,4881382.141,0.2,"GeoXH 6000",289.04,0.22,"deciduousForest","bbc|cdw|dhp|hbp|ltr|vst",20130101,20141231,"BART"
"BART_051","59","tower","basePlot",44.063031,-71.287731,"WGS84","19N",316775.793,4881418.203,0.21,"GeoXH 6000",280.88,0.3,"deciduousForest","bbc|cdw|dhp|hbp|ltr|vst",20130101,20141231,"BART"
"BART_051","57","tower","basePlot",44.063021,-71.287971,"WGS84","19N",316756.592,4881417.583,0.23,"GeoXH 6000",282.81,0.36,"deciduousForest","bbc|cdw|dhp|hbp|ltr|vst",20130101,20141231,"BART"
"BART_051","61","tower","basePlot",44.063022,-71.287501,"WGS84","19N",316794.236,4881416.686,0.25,"GeoXH 6000",283.84,0.32,"deciduousForest","bbc|cdw|dhp|hbp|ltr|vst",20130101,20141231,"BART"
"BART_051","23","tower","basePlot",44.062661,-71.287719,"WGS84","19N",316775.637,4881377.069,0.25,"GeoXH 6000",283.68,0.34,"deciduousForest","bbc|cdw|dhp|hbp|ltr|vst",20130101,20141231,"BART"
"BART_051","43","tower","basePlot",44.062832,-71.287479,"WGS84","19N",316795.365,4881395.508,0.25,"GeoXH 6000",285.11,0.43,"deciduousForest","bbc|cdw|dhp|hbp|ltr|vst",20130101,20141231,"BART"
"BART_051","41","tower","basePlot",44.062849,-71.287737,"WGS84","19N",316774.753,4881398.034,0.28,"GeoXH 6000",280.02,0.44,"deciduousForest","bbc|cdw|dhp|hbp|ltr|vst",20130101,20141231,"BART"
"JERC_003","N","distributed","basePlot",31.19633,-84.473237,"WGS84","16N",740760.891,3454111.471,2.13,"GIS",34.15,0.33,"deciduousForest","bet",20140101,20210310,"JERC"
"JERC_003","S","distributed","basePlot",31.195969,-84.473247,"WGS84","16N",740760.891,3454071.471,2.13,"GIS",34.15,0.33,"deciduousForest","bet",20140101,20210310,"JERC"
"JERC_003","E","distributed","basePlot",31.196145,-84.473032,"WGS84","16N",740780.891,3454091.471,2.13,"GIS",34.15,0.33,"deciduousForest","bet",20140101,20210310,"JERC"
"JERC_003","W","distributed","basePlot",31.196154,-84.473452,"WGS84","16N",740740.891,3454091.471,2.13,"GIS",34.15,0.33,"deciduousForest","bet",20140101,20210310,"JERC"
"JERC_006","N","distributed","basePlot",31.187852,-84.455847,"WGS84","16N",742440.101,3453209.464,2.14,"GIS",41.92,0.28,"mixedForest","bet",20130101,20221220,"JERC"
"JERC_006","S","distributed","basePlot",31.187491,-84.455856,"WGS84","16N",742440.101,3453169.464,2.14,"GIS",41.92,0.28,"mixedForest","bet",20130101,20221220,"JERC"
"JERC_006","E","distributed","basePlot",31.187667,-84.455642,"WGS84","16N",742460.101,3453189.464,2.14,"GIS",41.92,0.28,"mixedForest","bet",20130101,20221220,"JERC"
"JERC_006","W","distributed","basePlot",31.187676,-84.456061,"WGS84","16N",742420.101,3453189.464,2.14,"GIS",41.92,0.28,"mixedForest","bet",20130101,20221220,"JERC"
"DELA_014","33","distributed","basePlot",32.529686,-87.818049,"WGS84","16N",423177.293,3599444.754,0.19,"GeoXH 6000",28.57,0.29,"evergreenForest","bgc|cdw|cfc|dhp|hbp|sme|vst",20140101,20200128,"DELA"
"DELA_014","49","distributed","basePlot",32.52989,-87.818288,"WGS84","16N",423155.005,3599467.507,0.21,"GeoXH 6000",29.3,0.23,"evergreenForest","bgc|cdw|cfc|dhp|hbp|sme|vst",20140101,20200128,"DELA"
"JERC_001","21","distributed","basePlot",31.194141,-84.477284,"WGS84","16N",740380.712,3453859.991,0.12,"GeoXH 6000",38.63,0.16,"deciduousForest","bgc|cdw|cfc|dhp|hbp|sme|vst",20140101,20210519,"JERC"
"JERC_001","25","distributed","basePlot",31.194143,-84.476864,"WGS84","16N",740420.722,3453861.121,0.11,"GeoXH 6000",38.24,0.17,"deciduousForest","bgc|cdw|cfc|dhp|hbp|sme|vst",20140101,20210519,"JERC"
"JERC_001","49","distributed","basePlot",31.194409,-84.477188,"WGS84","16N",740389.23,3453889.919,0.22,"GeoXH 6000",39.49,0.33,"deciduousForest","bgc|cdw|cfc|dhp|hbp|sme|vst",20140101,20210519,"JERC"
"JERC_001","51","distributed","basePlot",31.194389,-84.47696,"WGS84","16N",740411.023,3453888.124,0.15,"GeoXH 6000",39.38,0.18,"deciduousForest","bgc|cdw|cfc|dhp|hbp|sme|vst",20140101,20210519,"JERC"
"JERC_001","57","distributed","basePlot",31.194494,-84.477294,"WGS84","16N",740378.846,3453899.088,0.16,"GeoXH 6000",38.6,0.24,"deciduousForest","bgc|cdw|cfc|dhp|hbp|sme|vst",20140101,20210519,"JERC"
"JERC_002","21","distributed","basePlot",31.194318,-84.460264,"WGS84","16N",742002.539,3453916.737,0.21,"GeoXH 6000",51.24,0.31,"evergreenForest","bgc|cdw|cfc|dhp|hbp|sme|vst",20140101,20210308,"JERC"
"JERC_002","49","distributed","basePlot",31.194596,-84.460165,"WGS84","16N",742011.24,3453947.727,0.2,"GeoXH 6000",48.47,0.27,"evergreenForest","bgc|cdw|cfc|dhp|hbp|sme|vst",20140101,20210308,"JERC"
"JERC_002","51","distributed","basePlot",31.194594,-84.459956,"WGS84","16N",742031.248,3453948.054,0.11,"GeoXH 6000",48.3,0.2,"evergreenForest","bgc|cdw|cfc|dhp|hbp|sme|vst",20140101,20210308,"JERC"
"JERC_002","57","distributed","basePlot",31.194666,-84.460288,"WGS84","16N",741999.418,3453955.284,0.11,"GeoXH 6000",48.35,0.13,"evergreenForest","bgc|cdw|cfc|dhp|hbp|sme|vst",20140101,20210308,"JERC"
"JERC_002","61","distributed","basePlot",31.194701,-84.459868,"WGS84","16N",742039.288,3453960.093,0.12,"GeoXH 6000",48.15,0.18,"evergreenForest","bgc|cdw|cfc|dhp|hbp|sme|vst",20140101,20210308,"JERC"
"JERC_006","21","distributed","basePlot",31.187474,-84.456028,"WGS84","16N",742423.746,3453167.206,0.23,"GeoXH 6000",40.56,0.27,"mixedForest","bgc|cdw|cfc|dhp|hbp|sme|vst",20130101,20221220,"JERC"
"JERC_006","25","distributed","basePlot",31.187512,-84.45562,"WGS84","16N",742462.582,3453172.27,0.11,"GeoXH 6000",41.26,0.15,"mixedForest","bgc|cdw|cfc|dhp|hbp|sme|vst",20130101,20221220,"JERC"
"JERC_006","31","distributed","basePlot",31.187587,-84.45596,"WGS84","16N",742429.986,3453179.845,0.24,"GeoXH 6000",41.48,0.35,"mixedForest","bgc|cdw|cfc|dhp|hbp|sme|vst",20130101,20221220,"JERC"
"JERC_006","41","distributed","basePlot",31.187672,-84.455851,"WGS84","16N",742440.101,3453189.464,0.14,"GeoXH 6000",41.92,0.28,"mixedForest","bgc|cdw|cfc|dhp|hbp|sme|vst",20130101,20221220,"JERC"
"JERC_006","49","distributed","basePlot",31.187763,-84.455957,"WGS84","16N",742429.786,3453199.394,0.14,"GeoXH 6000",42.65,0.19,"mixedForest","bgc|cdw|cfc|dhp|hbp|sme|vst",20130101,20221220,"JERC"
"JERC_006","51","distributed","basePlot",31.187766,-84.455755,"WGS84","16N",742449.047,3453200.191,0.2,"GeoXH 6000",42.68,0.28,"mixedForest","bgc|cdw|cfc|dhp|hbp|sme|vst",20130101,20221220,"JERC"
"JERC_006","57","distributed","basePlot",31.187838,-84.45606,"WGS84","16N",742419.777,3453207.404,0.17,"GeoXH 6000",42.78,0.17,"mixedForest","bgc|cdw|cfc|dhp|hbp|sme|vst",20130101,20221220,"JERC"
"JERC_006","61","distributed","basePlot",31.187866,-84.455651,"WGS84","16N",742458.749,3453211.467,0.15,"GeoXH 6000",42.44,0.2,"mixedForest","bgc|cdw|cfc|dhp|hbp|sme|vst",20130101,20221220,"JERC"
"OSBS_003","61","distributed","basePlot",29.695162,-81.947225,"WGS84","17N",408362.246,3285382.89,0.13,"GeoXH 6000",32.46,0.15,"evergreenForest","bgc|cdw|cfc|dhp|hbp|sme|vst",20130101,20210302,"OSBS"
"OSBS_003","25","distributed","basePlot",29.694784,-81.947205,"WGS84","17N",408363.898,3285340.998,0.13,"GeoXH 6000",34.22,0.17,"evergreenForest","bgc|cdw|cfc|dhp|hbp|sme|vst",20130101,20210302,"OSBS"
"OSBS_003","21","distributed","basePlot",29.694788,-81.947614,"WGS84","17N",408324.28,3285341.744,0.13,"GeoXH 6000",31.33,0.19,"evergreenForest","bgc|cdw|cfc|dhp|hbp|sme|vst",20130101,20210302,"OSBS"
"OSBS_003","51","distributed","basePlot",29.695085,-81.947321,"WGS84","17N",408352.926,3285374.45,0.13,"GeoXH 6000",31.99,0.17,"evergreenForest","bgc|cdw|cfc|dhp|hbp|sme|vst",20130101,20210302,"OSBS"
"OSBS_003","49","distributed","basePlot",29.695068,-81.947531,"WGS84","17N",408332.584,3285372.761,0.12,"GeoXH 6000",33.52,0.16,"evergreenForest","bgc|cdw|cfc|dhp|hbp|sme|vst",20130101,20210302,"OSBS"
"OSBS_005","33","distributed","basePlot",29.696487,-82.025475,"WGS84","17N",400793.033,3285594.317,0.22,"GeoXH 6000",30.16,0.24,"woodyWetlands","bgc|cdw|cfc|dhp|hbp|sme|vst",20130101,20210303,"OSBS"
"OSBS_005","51","distributed","basePlot",29.696656,-82.025486,"WGS84","17N",400792.096,3285613.06,0.15,"GeoXH 6000",26.6,0.28,"woodyWetlands","bgc|cdw|cfc|dhp|hbp|sme|vst",20130101,20210303,"OSBS"
"TALL_002","49","distributed","basePlot",32.92228,-87.429023,"WGS84","16N",459887.231,3642752.522,0.18,"GeoXH 6000",120.06,0.34,"mixedForest","bgc|cdw|cfc|dhp|hbp|sme|vst",20140101,20200316,"TALL"
"DSNY_008","21","distributed","basePlot",28.046484,-81.402094,"WGS84","17N",460481.942,3102416.808,0.1,"GeoXH 6000",18.61,0.1,"woodyWetlands","cdw|cfc|dhp|hbp|vst",20130101,20210518,"DSNY"
"DSNY_008","25","distributed","basePlot",28.046477,-81.401686,"WGS84","17N",460521.968,3102415.917,0.1,"GeoXH 6000",18.67,0.1,"woodyWetlands","cdw|cfc|dhp|hbp|vst",20130101,20210518,"DSNY"
"DSNY_008","33","distributed","basePlot",28.046565,-81.40179,"WGS84","17N",460511.807,3102425.699,0.1,"GeoXH 6000",18.86,0.1,"woodyWetlands","cdw|cfc|dhp|hbp|vst",20130101,20210518,"DSNY"
"DSNY_008","51","distributed","basePlot",28.046743,-81.401784,"WGS84","17N",460512.5,3102445.404,0.1,"GeoXH 6000",18.89,0.1,"woodyWetlands","cdw|cfc|dhp|hbp|vst",20130101,20210518,"DSNY"
"DSNY_008","57","distributed","basePlot",28.046844,-81.402083,"WGS84","17N",460483.146,3102456.764,0.1,"GeoXH 6000",18.82,0.1,"woodyWetlands","cdw|cfc|dhp|hbp|vst",20130101,20210518,"DSNY"
"DSNY_008","61","distributed","basePlot",28.046834,-81.401678,"WGS84","17N",460522.9,3102455.477,0.1,"GeoXH 6000",18.9,0.12,"woodyWetlands","cdw|cfc|dhp|hbp|vst",20130101,20210519,"DSNY"
"DSNY_010","25","distributed","basePlot",28.118439,-81.434926,"WGS84","17N",457283.577,3110398.946,0.1,"GeoXH 6000",19.91,0.1,"woodyWetlands","cdw|cfc|dhp|hbp|vst",20130101,20210519,"DSNY"
"DSNY_010","33","distributed","basePlot",28.118514,-81.435046,"WGS84","17N",457271.812,3110407.389,0.11,"GeoXH 6000",20.06,0.14,"woodyWetlands","cdw|cfc|dhp|hbp|vst",20130101,20210519,"DSNY"
"DSNY_010","49","distributed","basePlot",28.118676,-81.435264,"WGS84","17N",457250.517,3110425.395,0.1,"GeoXH 6000",19.85,0.1,"woodyWetlands","cdw|cfc|dhp|hbp|vst",20130101,20210519,"DSNY"
"OSBS_006","51","distributed","basePlot",29.686696,-81.982897,"WGS84","17N",404903.077,3284473.545,0.15,"GeoXH 6000",32.76,0.35,"evergreenForest","cdw|cfc|dhp|hbp|vst",20130101,20210301,"OSBS"
"OSBS_006","49","distributed","basePlot",29.686691,-81.983109,"WGS84","17N",404882.592,3284473.126,0.1,"GeoXH 6000",33.13,0.1,"evergreenForest","cdw|cfc|dhp|hbp|vst",20130101,20210301,"OSBS"
"OSBS_007","57","distributed","basePlot",29.690448,-81.962775,"WGS84","17N",406853.495,3284873.002,0.11,"GeoXH 6000",35.83,0.13,"evergreenForest","cdw|cfc|dhp|hbp|vst",20130101,20210525,"OSBS"
"OSBS_007","61","distributed","basePlot",29.69046,-81.962368,"WGS84","17N",406892.891,3284873.982,0.1,"GeoXH 6000",32.91,0.12,"evergreenForest","cdw|cfc|dhp|hbp|vst",20130101,20210525,"OSBS"
"OSBS_007","25","distributed","basePlot",29.690099,-81.962363,"WGS84","17N",406893,3284833.998,0.25,"GeoXH 6000",31.36,0.35,"evergreenForest","cdw|cfc|dhp|hbp|vst",20130101,20210525,"OSBS"
"OSBS_007","21","distributed","basePlot",29.690096,-81.962769,"WGS84","17N",406853.706,3284834.002,0.1,"GeoXH 6000",33.97,0.11,"evergreenForest","cdw|cfc|dhp|hbp|vst",20130101,20210525,"OSBS"
"OSBS_007","49","distributed","basePlot",29.690359,-81.96268,"WGS84","17N",406862.651,3284862.991,0.11,"GeoXH 6000",34.81,0.2,"evergreenForest","cdw|cfc|dhp|hbp|vst",20130101,20210224,"OSBS"
"DELA_014","32.2.1","distributed","basePlot",32.52969,-87.818054,"WGS84","16N",423176.793,3599445.254,0.44,"GIS",28.57,0.29,"evergreenForest","div",20140101,20200128,"DELA"
"DELA_014","32.2.10","distributed","basePlot",32.5297,-87.818066,"WGS84","16N",423175.712,3599446.335,1.19,"GIS",28.57,0.29,"evergreenForest","div",20140101,20200128,"DELA"
"DELA_014","32","distributed","basePlot",32.529731,-87.818103,"WGS84","16N",423172.293,3599449.754,2.19,"GIS",28.57,0.29,"evergreenForest","div",20140101,20200128,"DELA"
"DELA_014","32.4.1","distributed","basePlot",32.529772,-87.818055,"WGS84","16N",423176.793,3599454.254,0.44,"GIS",28.57,0.29,"evergreenForest","div",20140101,20200128,"DELA"
"DELA_014","32.4.10","distributed","basePlot",32.529762,-87.818067,"WGS84","16N",423175.712,3599453.173,1.19,"GIS",28.57,0.29,"evergreenForest","div",20140101,20200128,"DELA"
"DELA_014","40.3.1","distributed","basePlot",32.529885,-87.818283,"WGS84","16N",423155.505,3599467.007,0.46,"GIS",29.3,0.23,"evergreenForest","div",20140101,20200128,"DELA"
"DELA_014","40.3.10","distributed","basePlot",32.529875,-87.818271,"WGS84","16N",423156.586,3599465.926,1.21,"GIS",29.3,0.23,"evergreenForest","div",20140101,20200128,"DELA"
"DELA_014","40.1.1","distributed","basePlot",32.529804,-87.818282,"WGS84","16N",423155.505,3599458.007,0.46,"GIS",29.3,0.23,"evergreenForest","div",20140101,20200128,"DELA"
"DELA_014","40.1.10","distributed","basePlot",32.529814,-87.818271,"WGS84","16N",423156.586,3599459.088,1.21,"GIS",29.3,0.23,"evergreenForest","div",20140101,20200128,"DELA"
"DELA_014","40","distributed","basePlot",32.529845,-87.818235,"WGS84","16N",423160.005,3599462.507,2.21,"GIS",29.3,0.23,"evergreenForest","div",20140101,20200128,"DELA"
"DELA_026","32.2.1","distributed","basePlot",32.534339,-87.811071,"WGS84","16N",423836.578,3599955.555,0.49,"GIS",30.13,0.22,"evergreenForest","div",20140101,20200128,"DELA"
"DELA_026","32.2.10","distributed","basePlot",32.534348,-87.811082,"WGS84","16N",423835.497,3599956.636,1.24,"GIS",30.13,0.22,"evergreenForest","div",20140101,20200128,"DELA"
"DELA_026","32","distributed","basePlot",32.534379,-87.811119,"WGS84","16N",423832.078,3599960.055,2.24,"GIS",30.13,0.22,"evergreenForest","div",20140101,20200128,"DELA"
"DELA_026","32.4.1","distributed","basePlot",32.53442,-87.811071,"WGS84","16N",423836.578,3599964.555,0.49,"GIS",30.13,0.22,"evergreenForest","div",20140101,20200128,"DELA"
"DELA_026","32.4.10","distributed","basePlot",32.53441,-87.811083,"WGS84","16N",423835.497,3599963.474,1.24,"GIS",30.13,0.22,"evergreenForest","div",20140101,20200128,"DELA"
"DELA_026","40.3.1","distributed","basePlot",32.534567,-87.811308,"WGS84","16N",423814.52,3599980.992,0.49,"GIS",39.1,0.38,"evergreenForest","div",20140101,20200128,"DELA"
"DELA_026","40.3.10","distributed","basePlot",32.534557,-87.811296,"WGS84","16N",423815.601,3599979.911,1.24,"GIS",39.1,0.38,"evergreenForest","div",20140101,20200128,"DELA"
"DELA_026","40.1.1","distributed","basePlot",32.534486,-87.811307,"WGS84","16N",423814.52,3599971.992,0.49,"GIS",39.1,0.38,"evergreenForest","div",20140101,20200128,"DELA"
"DELA_026","40.1.10","distributed","basePlot",32.534495,-87.811295,"WGS84","16N",423815.601,3599973.073,1.24,"GIS",39.1,0.38,"evergreenForest","div",20140101,20200128,"DELA"
"DELA_026","40","distributed","basePlot",32.534526,-87.811259,"WGS84","16N",423819.02,3599976.492,2.24,"GIS",39.1,0.38,"evergreenForest","div",20140101,20200128,"DELA"
"DELA_026","41.4.1","distributed","basePlot",32.534534,-87.811066,"WGS84","16N",423837.202,3599977.218,0.44,"GIS",26.11,0.19,"evergreenForest","div",20140101,20200128,"DELA"
"DELA_026","41.4.10","distributed","basePlot",32.534524,-87.811077,"WGS84","16N",423836.121,3599976.137,1.19,"GIS",26.11,0.19,"evergreenForest","div",20140101,20200128,"DELA"
"DSNY_008","32.2.1","distributed","basePlot",28.046569,-81.401795,"WGS84","17N",460511.307,3102426.199,0.35,"GIS",18.86,0.1,"woodyWetlands","div",20130101,20210518,"DSNY"
"DSNY_008","32.2.10","distributed","basePlot",28.046579,-81.401806,"WGS84","17N",460510.226,3102427.28,1.1,"GIS",18.86,0.1,"woodyWetlands","div",20130101,20210518,"DSNY"
"DSNY_008","32","distributed","basePlot",28.04661,-81.401841,"WGS84","17N",460506.807,3102430.699,2.1,"GIS",18.86,0.1,"woodyWetlands","div",20130101,20210518,"DSNY"
"DSNY_008","32.4.1","distributed","basePlot",28.04665,-81.401795,"WGS84","17N",460511.307,3102435.199,0.35,"GIS",18.86,0.1,"woodyWetlands","div",20130101,20210518,"DSNY"
"DSNY_008","32.4.10","distributed","basePlot",28.046641,-81.401806,"WGS84","17N",460510.226,3102434.118,1.1,"GIS",18.86,0.1,"woodyWetlands","div",20130101,20210518,"DSNY"
"DSNY_008","41.1.1","distributed","basePlot",28.046666,-81.401883,"WGS84","17N",460502.68,3102436.963,0.35,"GIS",18.98,0.1,"woodyWetlands","div",20130101,20210518,"DSNY"
"DSNY_008","41.1.10","distributed","basePlot",28.046676,-81.401872,"WGS84","17N",460503.761,3102438.044,1.1,"GIS",18.98,0.1,"woodyWetlands","div",20130101,20210518,"DSNY"
"DSNY_010","32.2.1","distributed","basePlot",28.118519,-81.435051,"WGS84","17N",457271.312,3110407.889,0.36,"GIS",20.06,0.14,"woodyWetlands","div",20130101,20210519,"DSNY"
"DSNY_010","32.2.10","distributed","basePlot",28.118529,-81.435062,"WGS84","17N",457270.231,3110408.97,1.11,"GIS",20.06,0.14,"woodyWetlands","div",20130101,20210519,"DSNY"
"DSNY_010","32","distributed","basePlot",28.118559,-81.435097,"WGS84","17N",457266.812,3110412.389,2.11,"GIS",20.06,0.14,"woodyWetlands","div",20130101,20210519,"DSNY"
"DSNY_010","32.4.1","distributed","basePlot",28.1186,-81.435052,"WGS84","17N",457271.312,3110416.889,0.36,"GIS",20.06,0.14,"woodyWetlands","div",20130101,20210519,"DSNY"
"DSNY_010","32.4.10","distributed","basePlot",28.11859,-81.435063,"WGS84","17N",457270.231,3110415.808,1.11,"GIS",20.06,0.14,"woodyWetlands","div",20130101,20210519,"DSNY"
"DSNY_010","40.3.1","distributed","basePlot",28.118672,-81.435259,"WGS84","17N",457251.017,3110424.895,0.35,"GIS",19.85,0.1,"woodyWetlands","div",20130101,20210519,"DSNY"
"DSNY_010","40.3.10","distributed","basePlot",28.118662,-81.435248,"WGS84","17N",457252.098,3110423.814,1.1,"GIS",19.85,0.1,"woodyWetlands","div",20130101,20210519,"DSNY"
"DSNY_010","40.1.1","distributed","basePlot",28.118591,-81.435258,"WGS84","17N",457251.017,3110415.895,0.35,"GIS",19.85,0.1,"woodyWetlands","div",20130101,20210519,"DSNY"
"DSNY_010","40.1.10","distributed","basePlot",28.1186,-81.435247,"WGS84","17N",457252.098,3110416.976,1.1,"GIS",19.85,0.1,"woodyWetlands","div",20130101,20210519,"DSNY"
"DSNY_010","40","distributed","basePlot",28.118631,-81.435213,"WGS84","17N",457255.517,3110420.395,2.1,"GIS",19.85,0.1,"woodyWetlands","div",20130101,20210519,"DSNY"
"DSNY_011","31.1.1","distributed","basePlot",28.070713,-81.384078,"WGS84","17N",462261.022,3105095.211,0.47,"GIS",20.32,0.42,"woodyWetlands","div",20140101,20230402,"DSNY"
"DSNY_011","31.1.10","distributed","basePlot",28.070723,-81.384067,"WGS84","17N",462262.103,3105096.292,1.22,"GIS",20.32,0.42,"woodyWetlands","div",20140101,20230402,"DSNY"
"DSNY_011","31","distributed","basePlot",28.070754,-81.384032,"WGS84","17N",462265.522,3105099.711,2.22,"GIS",20.32,0.42,"woodyWetlands","div",20140101,20230402,"DSNY"
"DSNY_011","32.2.1","distributed","basePlot",28.070718,-81.38387,"WGS84","17N",462281.432,3105095.621,0.54,"GIS",19.77,0.54,"woodyWetlands","div",20140101,20230402,"DSNY"
"DSNY_011","32.2.10","distributed","basePlot",28.070727,-81.383881,"WGS84","17N",462280.351,3105096.702,1.29,"GIS",19.77,0.54,"woodyWetlands","div",20140101,20230402,"DSNY"
"DSNY_011","32","distributed","basePlot",28.070758,-81.383916,"WGS84","17N",462276.932,3105100.121,2.29,"GIS",19.77,0.54,"woodyWetlands","div",20140101,20230402,"DSNY"
"DSNY_011","32.4.1","distributed","basePlot",28.070799,-81.38387,"WGS84","17N",462281.432,3105104.621,0.54,"GIS",19.77,0.54,"woodyWetlands","div",20140101,20230402,"DSNY"
"DSNY_011","32.4.10","distributed","basePlot",28.070789,-81.383881,"WGS84","17N",462280.351,3105103.54,1.29,"GIS",19.77,0.54,"woodyWetlands","div",20140101,20230402,"DSNY"
"DSNY_011","40.3.1","distributed","basePlot",28.070902,-81.384044,"WGS84","17N",462264.427,3105116.06,0.49,"GIS",20.04,0.59,"woodyWetlands","div",20140101,20230402,"DSNY"
"DSNY_011","40.3.10","distributed","basePlot",28.070892,-81.384033,"WGS84","17N",462265.508,3105114.979,1.24,"GIS",20.04,0.59,"woodyWetlands","div",20140101,20230402,"DSNY"
"DSNY_011","40.1.1","distributed","basePlot",28.07082,-81.384044,"WGS84","17N",462264.427,3105107.06,0.49,"GIS",20.04,0.59,"woodyWetlands","div",20140101,20230402,"DSNY"
"DSNY_011","40.1.10","distributed","basePlot",28.07083,-81.384033,"WGS84","17N",462265.508,3105108.141,1.24,"GIS",20.04,0.59,"woodyWetlands","div",20140101,20230402,"DSNY"
"DSNY_011","40","distributed","basePlot",28.070861,-81.383998,"WGS84","17N",462268.927,3105111.56,2.24,"GIS",20.04,0.59,"woodyWetlands","div",20140101,20230402,"DSNY"
"DSNY_011","41.4.1","distributed","basePlot",28.070874,-81.383865,"WGS84","17N",462282.005,3105112.958,0.5,"GIS",18.69,0.28,"woodyWetlands","div",20140101,20230402,"DSNY"
"DSNY_011","41.4.10","distributed","basePlot",28.070864,-81.383876,"WGS84","17N",462280.924,3105111.877,1.25,"GIS",18.69,0.28,"woodyWetlands","div",20140101,20230402,"DSNY"
"DSNY_016","31.1.1","distributed","basePlot",28.043865,-81.393736,"WGS84","17N",461302.386,3102124.013,0.35,"GIS",19.82,0.1,"pastureHay","div",20140101,20230118,"DSNY"
"DSNY_016","31.1.10","distributed","basePlot",28.043874,-81.393725,"WGS84","17N",461303.467,3102125.094,1.1,"GIS",19.82,0.1,"pastureHay","div",20140101,20230118,"DSNY"
"DSNY_016","31","distributed","basePlot",28.043905,-81.393691,"WGS84","17N",461306.886,3102128.513,2.1,"GIS",19.82,0.1,"pastureHay","div",20140101,20230118,"DSNY"
"DSNY_016","32.2.1","distributed","basePlot",28.04386,-81.393545,"WGS84","17N",461321.125,3102123.456,0.35,"GIS",19.71,0.1,"pastureHay","div",20140101,20230118,"DSNY"
"DSNY_016","32.2.10","distributed","basePlot",28.04387,-81.393556,"WGS84","17N",461320.044,3102124.537,1.1,"GIS",19.71,0.1,"pastureHay","div",20140101,20230118,"DSNY"
"DSNY_016","32","distributed","basePlot",28.043901,-81.393591,"WGS84","17N",461316.625,3102127.956,2.1,"GIS",19.71,0.1,"pastureHay","div",20140101,20230118,"DSNY"
"DSNY_016","32.4.1","distributed","basePlot",28.043941,-81.393546,"WGS84","17N",461321.125,3102132.456,0.35,"GIS",19.71,0.1,"pastureHay","div",20140101,20230118,"DSNY"
"DSNY_016","32.4.10","distributed","basePlot",28.043932,-81.393557,"WGS84","17N",461320.044,3102131.375,1.1,"GIS",19.71,0.1,"pastureHay","div",20140101,20230118,"DSNY"
"DSNY_016","41.1.1","distributed","basePlot",28.043952,-81.393633,"WGS84","17N",461312.559,3102133.663,0.35,"GIS",19.69,0.1,"pastureHay","div",20140101,20230118,"DSNY"
"DSNY_016","41.1.10","distributed","basePlot",28.043962,-81.393622,"WGS84","17N",461313.64,3102134.744,1.1,"GIS",19.69,0.1,"pastureHay","div",20140101,20230118,"DSNY"
"DSNY_016","31.4.1","distributed","basePlot",28.043943,-81.393643,"WGS84","17N",461311.559,3102132.663,0.35,"GIS",19.69,0.1,"pastureHay","div",20140101,20230118,"DSNY"
"DSNY_016","31.4.10","distributed","basePlot",28.043933,-81.393654,"WGS84","17N",461310.478,3102131.582,1.1,"GIS",19.69,0.1,"pastureHay","div",20140101,20230118,"DSNY"
"DSNY_016","41","distributed","basePlot",28.043993,-81.393587,"WGS84","17N",461317.059,3102138.163,2.1,"GIS",19.69,0.1,"pastureHay","div",20140101,20230118,"DSNY"
"DSNY_016","40.3.1","distributed","basePlot",28.044036,-81.393733,"WGS84","17N",461302.767,3102143.012,0.35,"GIS",19.8,0.1,"pastureHay","div",20140101,20230118,"DSNY"
"DSNY_016","40.3.10","distributed","basePlot",28.044026,-81.393722,"WGS84","17N",461303.848,3102141.931,1.1,"GIS",19.8,0.1,"pastureHay","div",20140101,20230118,"DSNY"
"DSNY_016","40.1.1","distributed","basePlot",28.043955,-81.393733,"WGS84","17N",461302.767,3102134.012,0.35,"GIS",19.8,0.1,"pastureHay","div",20140101,20230118,"DSNY"
"DSNY_016","40.1.10","distributed","basePlot",28.043965,-81.393722,"WGS84","17N",461303.848,3102135.093,1.1,"GIS",19.8,0.1,"pastureHay","div",20140101,20230118,"DSNY"
"DSNY_016","40","distributed","basePlot",28.043996,-81.393687,"WGS84","17N",461307.267,3102138.512,2.1,"GIS",19.8,0.1,"pastureHay","div",20140101,20230118,"DSNY"
"DSNY_016","41.4.1","distributed","basePlot",28.044029,-81.393543,"WGS84","17N",461321.38,3102142.188,0.35,"GIS",19.77,0.1,"pastureHay","div",20140101,20230118,"DSNY"
"DSNY_016","41.4.10","distributed","basePlot",28.044019,-81.393554,"WGS84","17N",461320.299,3102141.107,1.1,"GIS",19.77,0.1,"pastureHay","div",20140101,20230118,"DSNY"
"DSNY_019","32.2.1","distributed","basePlot",28.074748,-81.394581,"WGS84","17N",461230.433,3105545.506,0.35,"GIS",20.79,0.1,"woodyWetlands","div",20140101,20230208,"DSNY"
"DSNY_019","32.2.10","distributed","basePlot",28.074758,-81.394592,"WGS84","17N",461229.352,3105546.587,1.1,"GIS",20.79,0.1,"woodyWetlands","div",20140101,20230208,"DSNY"
"DSNY_019","32","distributed","basePlot",28.074789,-81.394627,"WGS84","17N",461225.933,3105550.006,2.1,"GIS",20.79,0.1,"woodyWetlands","div",20140101,20230208,"DSNY"
"DSNY_019","32.4.1","distributed","basePlot",28.07483,-81.394581,"WGS84","17N",461230.433,3105554.506,0.35,"GIS",20.79,0.1,"woodyWetlands","div",20140101,20230208,"DSNY"
"DSNY_019","32.4.10","distributed","basePlot",28.07482,-81.394592,"WGS84","17N",461229.352,3105553.425,1.1,"GIS",20.79,0.1,"woodyWetlands","div",20140101,20230208,"DSNY"
"DSNY_019","41.4.1","distributed","basePlot",28.07492,-81.394573,"WGS84","17N",461231.262,3105564.488,0.35,"GIS",20.9,0.1,"woodyWetlands","div",20140101,20230208,"DSNY"
"DSNY_019","41.4.10","distributed","basePlot",28.07491,-81.394584,"WGS84","17N",461230.181,3105563.407,1.1,"GIS",20.9,0.1,"woodyWetlands","div",20140101,20230208,"DSNY"
"DSNY_025","31.1.1","distributed","basePlot",28.071697,-81.420717,"WGS84","17N",458661.219,3105216.061,0.35,"GIS",20.06,0.1,"pastureHay","div",20140101,20230117,"DSNY"
"DSNY_025","31.1.10","distributed","basePlot",28.071707,-81.420706,"WGS84","17N",458662.3,3105217.142,1.1,"GIS",20.06,0.1,"pastureHay","div",20140101,20230117,"DSNY"
"DSNY_025","31","distributed","basePlot",28.071738,-81.420672,"WGS84","17N",458665.719,3105220.561,2.1,"GIS",20.06,0.1,"pastureHay","div",20140101,20230117,"DSNY"
"DSNY_025","40.3.1","distributed","basePlot",28.071862,-81.420714,"WGS84","17N",458661.611,3105234.368,0.35,"GIS",19.91,0.11,"pastureHay","div",20140101,20230117,"DSNY"
"DSNY_025","40.3.10","distributed","basePlot",28.071852,-81.420703,"WGS84","17N",458662.692,3105233.287,1.1,"GIS",19.91,0.11,"pastureHay","div",20140101,20230117,"DSNY"
"DSNY_025","40.1.1","distributed","basePlot",28.071781,-81.420714,"WGS84","17N",458661.611,3105225.368,0.35,"GIS",19.91,0.11,"pastureHay","div",20140101,20230117,"DSNY"
"DSNY_025","40.1.10","distributed","basePlot",28.071791,-81.420703,"WGS84","17N",458662.692,3105226.449,1.1,"GIS",19.91,0.11,"pastureHay","div",20140101,20230117,"DSNY"
"DSNY_025","40","distributed","basePlot",28.071822,-81.420668,"WGS84","17N",458666.111,3105229.868,2.1,"GIS",19.91,0.11,"pastureHay","div",20140101,20230117,"DSNY"
"DSNY_025","41.4.1","distributed","basePlot",28.07185,-81.420518,"WGS84","17N",458680.905,3105232.918,0.35,"GIS",20.11,0.1,"pastureHay","div",20140101,20230117,"DSNY"
"DSNY_025","41.4.10","distributed","basePlot",28.07184,-81.420528,"WGS84","17N",458679.824,3105231.837,1.1,"GIS",20.11,0.1,"pastureHay","div",20140101,20230117,"DSNY"
"DSNY_034","31.1.1","distributed","basePlot",28.063852,-81.418544,"WGS84","17N",458871.805,3104346.308,0.35,"GIS",19.3,0.1,"pastureHay","div",20140101,20230117,"DSNY"
"DSNY_034","31.1.10","distributed","basePlot",28.063862,-81.418533,"WGS84","17N",458872.886,3104347.389,1.1,"GIS",19.3,0.1,"pastureHay","div",20140101,20230117,"DSNY"
"DSNY_034","31","distributed","basePlot",28.063893,-81.418498,"WGS84","17N",458876.305,3104350.808,2.1,"GIS",19.3,0.1,"pastureHay","div",20140101,20230117,"DSNY"
"DSNY_034","32.2.1","distributed","basePlot",28.063854,-81.418354,"WGS84","17N",458890.453,3104346.431,0.35,"GIS",19.48,0.1,"pastureHay","div",20140101,20230117,"DSNY"
"DSNY_034","32.2.10","distributed","basePlot",28.063864,-81.418365,"WGS84","17N",458889.372,3104347.512,1.1,"GIS",19.48,0.1,"pastureHay","div",20140101,20230117,"DSNY"
"DSNY_034","32","distributed","basePlot",28.063894,-81.4184,"WGS84","17N",458885.953,3104350.931,2.1,"GIS",19.48,0.1,"pastureHay","div",20140101,20230117,"DSNY"
"DSNY_034","32.4.1","distributed","basePlot",28.063935,-81.418354,"WGS84","17N",458890.453,3104355.431,0.35,"GIS",19.48,0.1,"pastureHay","div",20140101,20230117,"DSNY"
"DSNY_034","32.4.10","distributed","basePlot",28.063925,-81.418365,"WGS84","17N",458889.372,3104354.35,1.1,"GIS",19.48,0.1,"pastureHay","div",20140101,20230117,"DSNY"
"DSNY_042","31","tower","basePlot",28.122085,-81.433996,"WGS84","17N",457376.427,3110802.508,2.1,"GIS",19.55,0.1,"pastureHay","div",20150101,20190116,"DSNY"
"DSNY_042","41.4.1","tower","basePlot",28.122216,-81.433843,"WGS84","17N",457391.415,3110816.988,0.35,"GIS",19.92,0.1,"pastureHay","div",20150101,20190116,"DSNY"
"DSNY_042","41.4.10","tower","basePlot",28.122206,-81.433854,"WGS84","17N",457390.334,3110815.907,1.1,"GIS",19.92,0.1,"pastureHay","div",20150101,20190116,"DSNY"
"JERC_001","40.3.1","distributed","basePlot",31.194405,-84.477183,"WGS84","16N",740389.73,3453889.419,0.47,"GIS",39.49,0.33,"deciduousForest","div",20140101,20210519,"JERC"
"JERC_001","40.3.10","distributed","basePlot",31.194395,-84.477172,"WGS84","16N",740390.811,3453888.338,1.22,"GIS",39.49,0.33,"deciduousForest","div",20140101,20210519,"JERC"
"JERC_001","40.1.1","distributed","basePlot",31.194324,-84.477185,"WGS84","16N",740389.73,3453880.419,0.47,"GIS",39.49,0.33,"deciduousForest","div",20140101,20210519,"JERC"
"JERC_001","40.1.10","distributed","basePlot",31.194333,-84.477173,"WGS84","16N",740390.811,3453881.5,1.22,"GIS",39.49,0.33,"deciduousForest","div",20140101,20210519,"JERC"
"JERC_001","40","distributed","basePlot",31.194363,-84.477136,"WGS84","16N",740394.23,3453884.919,2.22,"GIS",39.49,0.33,"deciduousForest","div",20140101,20210519,"JERC"
"JERC_001","41.4.1","distributed","basePlot",31.194384,-84.476965,"WGS84","16N",740410.523,3453887.624,0.4,"GIS",39.38,0.18,"deciduousForest","div",20140101,20210519,"JERC"
"JERC_001","41.4.10","distributed","basePlot",31.194375,-84.476977,"WGS84","16N",740409.442,3453886.543,1.15,"GIS",39.38,0.18,"deciduousForest","div",20140101,20210519,"JERC"
"JERC_002","40.3.1","distributed","basePlot",31.194591,-84.46016,"WGS84","16N",742011.74,3453947.227,0.45,"GIS",48.47,0.27,"evergreenForest","div",20140101,20210308,"JERC"
"JERC_002","40.3.10","distributed","basePlot",31.194581,-84.460149,"WGS84","16N",742012.821,3453946.146,1.2,"GIS",48.47,0.27,"evergreenForest","div",20140101,20210308,"JERC"
"JERC_002","40.1.1","distributed","basePlot",31.19451,-84.460162,"WGS84","16N",742011.74,3453938.227,0.45,"GIS",48.47,0.27,"evergreenForest","div",20140101,20210308,"JERC"
"JERC_002","40.1.10","distributed","basePlot",31.194519,-84.460151,"WGS84","16N",742012.821,3453939.308,1.2,"GIS",48.47,0.27,"evergreenForest","div",20140101,20210308,"JERC"
"JERC_002","40","distributed","basePlot",31.194549,-84.460114,"WGS84","16N",742016.24,3453942.727,2.2,"GIS",48.47,0.27,"evergreenForest","div",20140101,20210308,"JERC"
"JERC_002","41.4.1","distributed","basePlot",31.19459,-84.459961,"WGS84","16N",742030.748,3453947.554,0.36,"GIS",48.3,0.2,"evergreenForest","div",20140101,20210308,"JERC"
"JERC_002","41.4.10","distributed","basePlot",31.19458,-84.459972,"WGS84","16N",742029.667,3453946.473,1.11,"GIS",48.3,0.2,"evergreenForest","div",20140101,20210308,"JERC"
"JERC_003","31.1.1","distributed","basePlot",31.196065,-84.473341,"WGS84","16N",740751.674,3454081.864,0.47,"GIS",34.37,0.27,"deciduousForest","div",20140101,20210310,"JERC"
"JERC_003","31.1.10","distributed","basePlot",31.196074,-84.47333,"WGS84","16N",740752.755,3454082.945,1.22,"GIS",34.37,0.27,"deciduousForest","div",20140101,20210310,"JERC"
"JERC_003","31","distributed","basePlot",31.196104,-84.473293,"WGS84","16N",740756.174,3454086.364,2.22,"GIS",34.37,0.27,"deciduousForest","div",20140101,20210310,"JERC"
"JERC_003","32.2.1","distributed","basePlot",31.196069,-84.473133,"WGS84","16N",740771.496,3454082.73,0.4,"GIS",33.94,0.24,"deciduousForest","div",20140101,20210310,"JERC"
"JERC_003","32.2.10","distributed","basePlot",31.196079,-84.473144,"WGS84","16N",740770.415,3454083.811,1.15,"GIS",33.94,0.24,"deciduousForest","div",20140101,20210310,"JERC"
"JERC_003","32","distributed","basePlot",31.19611,-84.473179,"WGS84","16N",740766.996,3454087.23,2.15,"GIS",33.94,0.24,"deciduousForest","div",20140101,20210310,"JERC"
"JERC_003","32.4.1","distributed","basePlot",31.19615,-84.473131,"WGS84","16N",740771.496,3454091.73,0.4,"GIS",33.94,0.24,"deciduousForest","div",20140101,20210310,"JERC"
"JERC_003","32.4.10","distributed","basePlot",31.19614,-84.473142,"WGS84","16N",740770.415,3454090.649,1.15,"GIS",33.94,0.24,"deciduousForest","div",20140101,20210310,"JERC"
"JERC_003","41.1.1","distributed","basePlot",31.196154,-84.473237,"WGS84","16N",740761.391,3454091.971,0.38,"GIS",34.15,0.33,"deciduousForest","div",20140101,20210310,"JERC"
"JERC_003","41.1.10","distributed","basePlot",31.196163,-84.473225,"WGS84","16N",740762.472,3454093.052,1.13,"GIS",34.15,0.33,"deciduousForest","div",20140101,20210310,"JERC"
"JERC_003","31.4.1","distributed","basePlot",31.196145,-84.473248,"WGS84","16N",740760.391,3454090.971,0.38,"GIS",34.15,0.33,"deciduousForest","div",20140101,20210310,"JERC"
"JERC_003","31.4.10","distributed","basePlot",31.196136,-84.473259,"WGS84","16N",740759.31,3454089.89,1.13,"GIS",34.15,0.33,"deciduousForest","div",20140101,20210310,"JERC"
"JERC_003","41","distributed","basePlot",31.196194,-84.473189,"WGS84","16N",740765.891,3454096.471,2.13,"GIS",34.15,0.33,"deciduousForest","div",20140101,20210310,"JERC"
"JERC_003","40.3.1","distributed","basePlot",31.196235,-84.473345,"WGS84","16N",740750.863,3454100.745,0.48,"GIS",35.73,0.32,"deciduousForest","div",20140101,20210310,"JERC"
"JERC_003","40.3.10","distributed","basePlot",31.196225,-84.473334,"WGS84","16N",740751.944,3454099.664,1.23,"GIS",35.73,0.32,"deciduousForest","div",20140101,20210310,"JERC"
"JERC_003","40.1.1","distributed","basePlot",31.196154,-84.473347,"WGS84","16N",740750.863,3454091.745,0.48,"GIS",35.73,0.32,"deciduousForest","div",20140101,20210310,"JERC"
"JERC_003","40.1.10","distributed","basePlot",31.196164,-84.473336,"WGS84","16N",740751.944,3454092.826,1.23,"GIS",35.73,0.32,"deciduousForest","div",20140101,20210310,"JERC"
"JERC_003","40","distributed","basePlot",31.196194,-84.473299,"WGS84","16N",740755.363,3454096.245,2.23,"GIS",35.73,0.32,"deciduousForest","div",20140101,20210310,"JERC"
"JERC_003","41.4.1","distributed","basePlot",31.196236,-84.473146,"WGS84","16N",740769.859,3454101.307,0.48,"GIS",33.21,0.3,"deciduousForest","div",20140101,20210310,"JERC"
"JERC_003","41.4.10","distributed","basePlot",31.196227,-84.473157,"WGS84","16N",740768.778,3454100.226,1.23,"GIS",33.21,0.3,"deciduousForest","div",20140101,20210310,"JERC"
"JERC_006","31.1.1","distributed","basePlot",31.187591,-84.455954,"WGS84","16N",742430.486,3453180.345,0.49,"GIS",41.48,0.35,"mixedForest","div",20130101,20221220,"JERC"
"JERC_006","31.1.10","distributed","basePlot",31.187601,-84.455943,"WGS84","16N",742431.567,3453181.426,1.24,"GIS",41.48,0.35,"mixedForest","div",20130101,20221220,"JERC"
"JERC_006","31","distributed","basePlot",31.187631,-84.455906,"WGS84","16N",742434.986,3453184.845,2.24,"GIS",41.48,0.35,"mixedForest","div",20130101,20221220,"JERC"
"JERC_006","41.1.1","distributed","basePlot",31.187676,-84.455846,"WGS84","16N",742440.601,3453189.964,0.39,"GIS",41.92,0.28,"mixedForest","div",20130101,20221220,"JERC"
"JERC_006","41.1.10","distributed","basePlot",31.187686,-84.455834,"WGS84","16N",742441.682,3453191.045,1.14,"GIS",41.92,0.28,"mixedForest","div",20130101,20221220,"JERC"
"JERC_006","31.4.1","distributed","basePlot",31.187667,-84.455857,"WGS84","16N",742439.601,3453188.964,0.39,"GIS",41.92,0.28,"mixedForest","div",20130101,20221220,"JERC"
"JERC_006","31.4.10","distributed","basePlot",31.187658,-84.455868,"WGS84","16N",742438.52,3453187.883,1.14,"GIS",41.92,0.28,"mixedForest","div",20130101,20221220,"JERC"
"JERC_006","41","distributed","basePlot",31.187716,-84.455798,"WGS84","16N",742445.101,3453194.464,2.14,"GIS",41.92,0.28,"mixedForest","div",20130101,20221220,"JERC"
"JERC_006","40.3.1","distributed","basePlot",31.187759,-84.455952,"WGS84","16N",742430.286,3453198.894,0.39,"GIS",42.65,0.19,"mixedForest","div",20130101,20221220,"JERC"
"JERC_006","40.3.10","distributed","basePlot",31.187749,-84.455941,"WGS84","16N",742431.367,3453197.813,1.14,"GIS",42.65,0.19,"mixedForest","div",20130101,20221220,"JERC"
"JERC_006","40.1.1","distributed","basePlot",31.187678,-84.455954,"WGS84","16N",742430.286,3453189.894,0.39,"GIS",42.65,0.19,"mixedForest","div",20130101,20221220,"JERC"
"JERC_006","40.1.10","distributed","basePlot",31.187687,-84.455943,"WGS84","16N",742431.367,3453190.975,1.14,"GIS",42.65,0.19,"mixedForest","div",20130101,20221220,"JERC"
"JERC_006","40","distributed","basePlot",31.187717,-84.455906,"WGS84","16N",742434.786,3453194.394,2.14,"GIS",42.65,0.19,"mixedForest","div",20130101,20221220,"JERC"
"JERC_006","41.4.1","distributed","basePlot",31.187762,-84.45576,"WGS84","16N",742448.547,3453199.691,0.45,"GIS",42.68,0.28,"mixedForest","div",20130101,20221220,"JERC"
"JERC_006","41.4.10","distributed","basePlot",31.187753,-84.455772,"WGS84","16N",742447.466,3453198.61,1.2,"GIS",42.68,0.28,"mixedForest","div",20130101,20221220,"JERC"
"JERC_013","31","distributed","basePlot",31.178423,-84.469997,"WGS84","16N",741115.186,3452133.021,2.16,"GIS",36.03,0.28,"evergreenForest","div",20140101,20190924,"JERC"
"JERC_019","31.1.1","distributed","basePlot",31.18735,-84.470762,"WGS84","16N",741019.602,3453121.164,0.37,"GIS",37.71,0.18,"deciduousForest","div",20140101,20230114,"JERC"
"JERC_019","31.1.10","distributed","basePlot",31.187359,-84.47075,"WGS84","16N",741020.683,3453122.245,1.12,"GIS",37.71,0.18,"deciduousForest","div",20140101,20230114,"JERC"
"JERC_019","31","distributed","basePlot",31.187389,-84.470714,"WGS84","16N",741024.102,3453125.664,2.12,"GIS",37.71,0.18,"deciduousForest","div",20140101,20230114,"JERC"
"JERC_019","32.2.1","distributed","basePlot",31.187346,-84.47056,"WGS84","16N",741038.856,3453121.24,0.36,"GIS",36.64,0.15,"deciduousForest","div",20140101,20230114,"JERC"
"JERC_019","32.2.10","distributed","basePlot",31.187356,-84.470571,"WGS84","16N",741037.775,3453122.321,1.11,"GIS",36.64,0.15,"deciduousForest","div",20140101,20230114,"JERC"
"JERC_019","32","distributed","basePlot",31.187388,-84.470606,"WGS84","16N",741034.356,3453125.74,2.11,"GIS",36.64,0.15,"deciduousForest","div",20140101,20230114,"JERC"
"JERC_019","32.4.1","distributed","basePlot",31.187428,-84.470558,"WGS84","16N",741038.856,3453130.24,0.36,"GIS",36.64,0.15,"deciduousForest","div",20140101,20230114,"JERC"
"JERC_019","32.4.10","distributed","basePlot",31.187418,-84.47057,"WGS84","16N",741037.775,3453129.159,1.11,"GIS",36.64,0.15,"deciduousForest","div",20140101,20230114,"JERC"
"JERC_019","41.1.1","distributed","basePlot",31.187438,-84.470656,"WGS84","16N",741029.443,3453131.135,0.38,"GIS",36.83,0.19,"deciduousForest","div",20140101,20230114,"JERC"
"JERC_019","41.1.10","distributed","basePlot",31.187447,-84.470645,"WGS84","16N",741030.524,3453132.216,1.13,"GIS",36.83,0.19,"deciduousForest","div",20140101,20230114,"JERC"
"JERC_019","31.4.1","distributed","basePlot",31.187429,-84.470667,"WGS84","16N",741028.443,3453130.135,0.38,"GIS",36.83,0.19,"deciduousForest","div",20140101,20230114,"JERC"
"JERC_019","31.4.10","distributed","basePlot",31.187419,-84.470679,"WGS84","16N",741027.362,3453129.054,1.13,"GIS",36.83,0.19,"deciduousForest","div",20140101,20230114,"JERC"
"JERC_019","41","distributed","basePlot",31.187477,-84.470608,"WGS84","16N",741033.943,3453135.635,2.13,"GIS",36.83,0.19,"deciduousForest","div",20140101,20230114,"JERC"
"JERC_019","40.3.1","distributed","basePlot",31.187519,-84.470763,"WGS84","16N",741019.105,3453139.889,0.41,"GIS",37.1,0.26,"deciduousForest","div",20140101,20230114,"JERC"
"JERC_019","40.3.10","distributed","basePlot",31.187509,-84.470752,"WGS84","16N",741020.186,3453138.808,1.16,"GIS",37.1,0.26,"deciduousForest","div",20140101,20230114,"JERC"
"JERC_019","40.1.1","distributed","basePlot",31.187438,-84.470765,"WGS84","16N",741019.105,3453130.889,0.41,"GIS",37.1,0.26,"deciduousForest","div",20140101,20230114,"JERC"
"JERC_019","40.1.10","distributed","basePlot",31.187447,-84.470753,"WGS84","16N",741020.186,3453131.97,1.16,"GIS",37.1,0.26,"deciduousForest","div",20140101,20230114,"JERC"
"JERC_019","40","distributed","basePlot",31.187477,-84.470717,"WGS84","16N",741023.605,3453135.389,2.16,"GIS",37.1,0.26,"deciduousForest","div",20140101,20230114,"JERC"
"JERC_019","41.4.1","distributed","basePlot",31.187514,-84.470565,"WGS84","16N",741037.966,3453139.803,0.37,"GIS",37.47,0.17,"deciduousForest","div",20140101,20230114,"JERC"
"JERC_019","41.4.10","distributed","basePlot",31.187504,-84.470577,"WGS84","16N",741036.885,3453138.722,1.12,"GIS",37.47,0.17,"deciduousForest","div",20140101,20230114,"JERC"
"MLBS_064","31.1.1","tower","basePlot",37.375455,-80.520258,"WGS84","17N",542474.89,4136632.062,0.49,"GIS",1181.44,0.38,"deciduousForest","div",20150101,20191113,"MLBS"
"MLBS_064","31.1.10","tower","basePlot",37.375465,-80.520246,"WGS84","17N",542475.971,4136633.143,1.24,"GIS",1181.44,0.38,"deciduousForest","div",20150101,20191113,"MLBS"
"MLBS_064","31","tower","basePlot",37.375495,-80.520207,"WGS84","17N",542479.39,4136636.562,2.24,"GIS",1181.44,0.38,"deciduousForest","div",20150101,20191113,"MLBS"
"MLBS_064","32.2.1","tower","basePlot",37.375474,-80.520065,"WGS84","17N",542491.992,4136634.314,0.47,"GIS",1175.18,0.24,"deciduousForest","div",20150101,20191113,"MLBS"
"MLBS_064","32.2.10","tower","basePlot",37.375484,-80.520077,"WGS84","17N",542490.911,4136635.395,1.22,"GIS",1175.18,0.24,"deciduousForest","div",20150101,20191113,"MLBS"
"MLBS_064","32","tower","basePlot",37.375515,-80.520115,"WGS84","17N",542487.492,4136638.814,2.22,"GIS",1175.18,0.24,"deciduousForest","div",20150101,20191113,"MLBS"
"MLBS_064","32.4.1","tower","basePlot",37.375555,-80.520064,"WGS84","17N",542491.992,4136643.314,0.47,"GIS",1175.18,0.24,"deciduousForest","div",20150101,20191113,"MLBS"
"MLBS_064","32.4.10","tower","basePlot",37.375546,-80.520076,"WGS84","17N",542490.911,4136642.233,1.22,"GIS",1175.18,0.24,"deciduousForest","div",20150101,20191113,"MLBS"
"MLBS_064","40.3.1","tower","basePlot",37.375634,-80.520276,"WGS84","17N",542473.183,4136651.88,0.43,"GIS",1176.09,0.3,"deciduousForest","div",20150101,20191113,"MLBS"
"MLBS_064","40.3.10","tower","basePlot",37.375624,-80.520264,"WGS84","17N",542474.264,4136650.799,1.18,"GIS",1176.09,0.3,"deciduousForest","div",20150101,20191113,"MLBS"
"MLBS_064","40.1.1","tower","basePlot",37.375552,-80.520277,"WGS84","17N",542473.183,4136642.88,0.43,"GIS",1176.09,0.3,"deciduousForest","div",20150101,20191113,"MLBS"
"MLBS_064","40.1.10","tower","basePlot",37.375562,-80.520264,"WGS84","17N",542474.264,4136643.961,1.18,"GIS",1176.09,0.3,"deciduousForest","div",20150101,20191113,"MLBS"
"MLBS_064","40","tower","basePlot",37.375593,-80.520226,"WGS84","17N",542477.683,4136647.38,2.18,"GIS",1176.09,0.3,"deciduousForest","div",20150101,20191113,"MLBS"
"MLBS_064","41.4.1","tower","basePlot",37.37563,-80.520055,"WGS84","17N",542492.808,4136651.642,0.5,"GIS",1181.33,0.43,"deciduousForest","div",20150101,20191113,"MLBS"
"MLBS_064","41.4.10","tower","basePlot",37.375621,-80.520067,"WGS84","17N",542491.727,4136650.561,1.25,"GIS",1181.33,0.43,"deciduousForest","div",20150101,20191113,"MLBS"
"OSBS_003","40.3.1","distributed","basePlot",29.695064,-81.947526,"WGS84","17N",408333.084,3285372.261,0.37,"GIS",33.52,0.16,"evergreenForest","div",20130101,20210302,"OSBS"
"OSBS_003","40.3.10","distributed","basePlot",29.695054,-81.947515,"WGS84","17N",408334.165,3285371.18,1.12,"GIS",33.52,0.16,"evergreenForest","div",20130101,20210302,"OSBS"
"OSBS_003","40.1.1","distributed","basePlot",29.694983,-81.947525,"WGS84","17N",408333.084,3285363.261,0.37,"GIS",33.52,0.16,"evergreenForest","div",20130101,20210302,"OSBS"
"OSBS_003","40.1.10","distributed","basePlot",29.694993,-81.947514,"WGS84","17N",408334.165,3285364.342,1.12,"GIS",33.52,0.16,"evergreenForest","div",20130101,20210302,"OSBS"
"OSBS_003","40","distributed","basePlot",29.695024,-81.947479,"WGS84","17N",408337.584,3285367.761,2.12,"GIS",33.52,0.16,"evergreenForest","div",20130101,20210302,"OSBS"
"OSBS_004","31","distributed","basePlot",29.684014,-81.959154,"WGS84","17N",407197.92,3284157.081,NA,"GIS",39.04,NA,"evergreenForest","div",20130101,20210224,"OSBS"
"OSBS_004","32.2.1","distributed","basePlot",29.683997,-81.959003,"WGS84","17N",407212.531,3284155.122,0.53,"GIS",38.56,0.58,"evergreenForest","div",20130101,20210224,"OSBS"
"OSBS_004","32.2.10","distributed","basePlot",29.684007,-81.959014,"WGS84","17N",407211.45,3284156.203,1.28,"GIS",38.56,0.58,"evergreenForest","div",20130101,20210224,"OSBS"
"OSBS_004","32","distributed","basePlot",29.684038,-81.95905,"WGS84","17N",407208.031,3284159.622,2.28,"GIS",38.56,0.58,"evergreenForest","div",20130101,20210224,"OSBS"
"OSBS_004","32.4.1","distributed","basePlot",29.684079,-81.959004,"WGS84","17N",407212.531,3284164.122,0.53,"GIS",38.56,0.58,"evergreenForest","div",20130101,20210224,"OSBS"
"OSBS_004","32.4.10","distributed","basePlot",29.684069,-81.959015,"WGS84","17N",407211.45,3284163.041,1.28,"GIS",38.56,0.58,"evergreenForest","div",20130101,20210224,"OSBS"
"OSBS_004","40.3.1","distributed","basePlot",29.68417,-81.959197,"WGS84","17N",407193.924,3284174.351,0.46,"GIS",36.97,0.38,"evergreenForest","div",20130101,20210224,"OSBS"
"OSBS_004","40.3.10","distributed","basePlot",29.68416,-81.959186,"WGS84","17N",407195.005,3284173.27,1.21,"GIS",36.97,0.38,"evergreenForest","div",20130101,20210224,"OSBS"
"OSBS_004","40.1.1","distributed","basePlot",29.684088,-81.959196,"WGS84","17N",407193.924,3284165.351,0.46,"GIS",36.97,0.38,"evergreenForest","div",20130101,20210224,"OSBS"
"OSBS_004","40.1.10","distributed","basePlot",29.684098,-81.959185,"WGS84","17N",407195.005,3284166.432,1.21,"GIS",36.97,0.38,"evergreenForest","div",20130101,20210224,"OSBS"
"OSBS_004","40","distributed","basePlot",29.684129,-81.95915,"WGS84","17N",407198.424,3284169.851,2.21,"GIS",36.97,0.38,"evergreenForest","div",20130101,20210224,"OSBS"
"OSBS_004","41.4.1","distributed","basePlot",29.684172,-81.959018,"WGS84","17N",407211.189,3284174.527,0.52,"GIS",38.63,0.67,"evergreenForest","div",20130101,20210224,"OSBS"
"OSBS_004","41.4.10","distributed","basePlot",29.684163,-81.95903,"WGS84","17N",407210.108,3284173.446,1.27,"GIS",38.63,0.67,"evergreenForest","div",20130101,20210224,"OSBS"
"OSBS_005","32.2.1","distributed","basePlot",29.696492,-82.02548,"WGS84","17N",400792.533,3285594.817,0.47,"GIS",30.16,0.24,"woodyWetlands","div",20130101,20210303,"OSBS"
"OSBS_005","32.2.10","distributed","basePlot",29.696501,-82.025491,"WGS84","17N",400791.452,3285595.898,1.22,"GIS",30.16,0.24,"woodyWetlands","div",20130101,20210303,"OSBS"
"OSBS_005","32","distributed","basePlot",29.696532,-82.025527,"WGS84","17N",400788.033,3285599.317,2.22,"GIS",30.16,0.24,"woodyWetlands","div",20130101,20210303,"OSBS"
"OSBS_005","32.4.1","distributed","basePlot",29.696573,-82.025481,"WGS84","17N",400792.533,3285603.817,0.47,"GIS",30.16,0.24,"woodyWetlands","div",20130101,20210303,"OSBS"
"OSBS_005","32.4.10","distributed","basePlot",29.696563,-82.025492,"WGS84","17N",400791.452,3285602.736,1.22,"GIS",30.16,0.24,"woodyWetlands","div",20130101,20210303,"OSBS"
"OSBS_005","41.4.1","distributed","basePlot",29.696652,-82.025491,"WGS84","17N",400791.596,3285612.56,0.4,"GIS",26.6,0.28,"woodyWetlands","div",20130101,20210303,"OSBS"
"OSBS_005","41.4.10","distributed","basePlot",29.696642,-82.025502,"WGS84","17N",400790.515,3285611.479,1.15,"GIS",26.6,0.28,"woodyWetlands","div",20130101,20210303,"OSBS"
"OSBS_006","40.3.1","distributed","basePlot",29.686686,-81.983104,"WGS84","17N",404883.092,3284472.626,0.35,"GIS",33.13,0.1,"evergreenForest","div",20130101,20210301,"OSBS"
"OSBS_006","40.3.10","distributed","basePlot",29.686676,-81.983092,"WGS84","17N",404884.173,3284471.545,1.1,"GIS",33.13,0.1,"evergreenForest","div",20130101,20210301,"OSBS"
"OSBS_006","40.1.1","distributed","basePlot",29.686605,-81.983103,"WGS84","17N",404883.092,3284463.626,0.35,"GIS",33.13,0.1,"evergreenForest","div",20130101,20210301,"OSBS"
"OSBS_006","40.1.10","distributed","basePlot",29.686615,-81.983092,"WGS84","17N",404884.173,3284464.707,1.1,"GIS",33.13,0.1,"evergreenForest","div",20130101,20210301,"OSBS"
"OSBS_006","40","distributed","basePlot",29.686646,-81.983057,"WGS84","17N",404887.592,3284468.126,2.1,"GIS",33.13,0.1,"evergreenForest","div",20130101,20210301,"OSBS"
"OSBS_006","41.4.1","distributed","basePlot",29.686691,-81.982902,"WGS84","17N",404902.577,3284473.045,0.4,"GIS",32.76,0.35,"evergreenForest","div",20130101,20210301,"OSBS"
"OSBS_006","41.4.10","distributed","basePlot",29.686682,-81.982913,"WGS84","17N",404901.496,3284471.964,1.15,"GIS",32.76,0.35,"evergreenForest","div",20130101,20210301,"OSBS"
"OSBS_007","40.3.1","distributed","basePlot",29.690354,-81.962674,"WGS84","17N",406863.151,3284862.491,0.36,"GIS",34.81,0.2,"evergreenForest","div",20130101,20210224,"OSBS"
"OSBS_007","40.3.10","distributed","basePlot",29.690345,-81.962663,"WGS84","17N",406864.232,3284861.41,1.11,"GIS",34.81,0.2,"evergreenForest","div",20130101,20210224,"OSBS"
"OSBS_007","40.1.1","distributed","basePlot",29.690273,-81.962674,"WGS84","17N",406863.151,3284853.491,0.36,"GIS",34.81,0.2,"evergreenForest","div",20130101,20210224,"OSBS"
"OSBS_007","40.1.10","distributed","basePlot",29.690283,-81.962662,"WGS84","17N",406864.232,3284854.572,1.11,"GIS",34.81,0.2,"evergreenForest","div",20130101,20210224,"OSBS"
"OSBS_007","40","distributed","basePlot",29.690314,-81.962627,"WGS84","17N",406867.651,3284857.991,2.11,"GIS",34.81,0.2,"evergreenForest","div",20130101,20210224,"OSBS"
"OSBS_008","41.4.1","distributed","basePlot",29.685145,-82.007073,"WGS84","17N",402562.44,3284321.802,0.35,"GIS",45.24,0.1,"evergreenForest","div",20130101,20210527,"OSBS"
"OSBS_008","41.4.10","distributed","basePlot",29.685135,-82.007084,"WGS84","17N",402561.359,3284320.721,1.1,"GIS",45.24,0.1,"evergreenForest","div",20130101,20210527,"OSBS"
"SOAP_043","41.1.1","tower","basePlot",37.034455,-119.268717,"WGS84","11N",298214.996,4101101.516,0.36,"GIS",1247.97,0.13,"evergreenForest","div",20150101,20230215,"SOAP"
"SOAP_043","41.1.10","tower","basePlot",37.034465,-119.268705,"WGS84","11N",298216.077,4101102.597,1.11,"GIS",1247.97,0.13,"evergreenForest","div",20150101,20230215,"SOAP"
"SOAP_043","31.4.1","tower","basePlot",37.034446,-119.268728,"WGS84","11N",298213.996,4101100.516,0.36,"GIS",1247.97,0.13,"evergreenForest","div",20150101,20230215,"SOAP"
"SOAP_043","31.4.10","tower","basePlot",37.034436,-119.26874,"WGS84","11N",298212.915,4101099.435,1.11,"GIS",1247.97,0.13,"evergreenForest","div",20150101,20230215,"SOAP"
"SOAP_043","41","tower","basePlot",37.034497,-119.268668,"WGS84","11N",298219.496,4101106.016,2.11,"GIS",1247.97,0.13,"evergreenForest","div",20150101,20230215,"SOAP"
"TALL_002","40.3.1","distributed","basePlot",32.922275,-87.429017,"WGS84","16N",459887.731,3642752.022,0.43,"GIS",120.06,0.34,"mixedForest","div",20140101,20200316,"TALL"
"TALL_002","40.3.10","distributed","basePlot",32.922265,-87.429006,"WGS84","16N",459888.812,3642750.941,1.18,"GIS",120.06,0.34,"mixedForest","div",20140101,20200316,"TALL"
"TALL_002","40.1.1","distributed","basePlot",32.922194,-87.429017,"WGS84","16N",459887.731,3642743.022,0.43,"GIS",120.06,0.34,"mixedForest","div",20140101,20200316,"TALL"
"TALL_002","40.1.10","distributed","basePlot",32.922204,-87.429005,"WGS84","16N",459888.812,3642744.103,1.18,"GIS",120.06,0.34,"mixedForest","div",20140101,20200316,"TALL"
"TALL_002","40","distributed","basePlot",32.922235,-87.428969,"WGS84","16N",459892.231,3642747.522,2.18,"GIS",120.06,0.34,"mixedForest","div",20140101,20200316,"TALL"
"TALL_015","32.2.1","distributed","basePlot",32.916621,-87.437745,"WGS84","16N",459069.129,3642128.576,0.49,"GIS",113.85,0.37,"deciduousForest","div",20140101,20200311,"TALL"
"TALL_015","32.2.10","distributed","basePlot",32.916631,-87.437756,"WGS84","16N",459068.048,3642129.657,1.24,"GIS",113.85,0.37,"deciduousForest","div",20140101,20200311,"TALL"
"TALL_015","32","distributed","basePlot",32.916661,-87.437793,"WGS84","16N",459064.629,3642133.076,2.24,"GIS",113.85,0.37,"deciduousForest","div",20140101,20200311,"TALL"
"TALL_015","32.4.1","distributed","basePlot",32.916702,-87.437745,"WGS84","16N",459069.129,3642137.576,0.49,"GIS",113.85,0.37,"deciduousForest","div",20140101,20200311,"TALL"
"TALL_015","32.4.10","distributed","basePlot",32.916692,-87.437757,"WGS84","16N",459068.048,3642136.495,1.24,"GIS",113.85,0.37,"deciduousForest","div",20140101,20200311,"TALL"
"TALL_015","41.4.1","distributed","basePlot",32.916827,-87.437791,"WGS84","16N",459064.911,3642151.479,0.53,"GIS",114.4,0.54,"deciduousForest","div",20140101,20200311,"TALL"
"TALL_015","41.4.10","distributed","basePlot",32.916818,-87.437802,"WGS84","16N",459063.83,3642150.398,1.28,"GIS",114.4,0.54,"deciduousForest","div",20140101,20200311,"TALL"
"LENO_006","E5","distributed","mammalGrid",31.815234,-88.186236,"WGS84","16N",387726.008,3520568.843,0.13,"GeoXH 6000",13.84,0.2,"woodyWetlands","mam",20150101,20220822,"LENO"
"LENO_006","A1","distributed","mammalGrid",31.815591,-88.186663,"WGS84","16N",387686.008,3520608.843,NA,"GIS",12.11,NA,"woodyWetlands","mam",20150101,20220822,"LENO"
"LENO_006","B1","distributed","mammalGrid",31.815592,-88.186557,"WGS84","16N",387696.008,3520608.843,NA,"GIS",12.1,NA,"woodyWetlands","mam",20150101,20220822,"LENO"
"LENO_006","C1","distributed","mammalGrid",31.815593,-88.186452,"WGS84","16N",387706.008,3520608.843,NA,"GIS",12.1,NA,"woodyWetlands","mam",20150101,20220822,"LENO"
"LENO_006","D1","distributed","mammalGrid",31.815594,-88.186346,"WGS84","16N",387716.008,3520608.843,NA,"GIS",12.1,NA,"woodyWetlands","mam",20150101,20220822,"LENO"
"LENO_006","E1","distributed","mammalGrid",31.815595,-88.18624,"WGS84","16N",387726.008,3520608.843,NA,"GIS",12.11,NA,"woodyWetlands","mam",20150101,20220822,"LENO"
"LENO_006","F1","distributed","mammalGrid",31.815596,-88.186135,"WGS84","16N",387736.008,3520608.843,NA,"GIS",12.11,NA,"woodyWetlands","mam",20150101,20220822,"LENO"
"LENO_006","G1","distributed","mammalGrid",31.815597,-88.186029,"WGS84","16N",387746.008,3520608.843,NA,"GIS",12.12,NA,"woodyWetlands","mam",20150101,20220822,"LENO"
"LENO_006","H1","distributed","mammalGrid",31.815598,-88.185923,"WGS84","16N",387756.008,3520608.843,NA,"GIS",12.13,NA,"woodyWetlands","mam",20150101,20220822,"LENO"
"LENO_006","I1","distributed","mammalGrid",31.815599,-88.185818,"WGS84","16N",387766.008,3520608.843,NA,"GIS",12.13,NA,"woodyWetlands","mam",20150101,20220822,"LENO"
"LENO_006","J1","distributed","mammalGrid",31.8156,-88.185712,"WGS84","16N",387776.008,3520608.843,NA,"GIS",12.13,NA,"woodyWetlands","mam",20150101,20220822,"LENO"
"LENO_006","A2","distributed","mammalGrid",31.815501,-88.186662,"WGS84","16N",387686.008,3520598.843,NA,"GIS",12.09,NA,"woodyWetlands","mam",20150101,20220822,"LENO"
"LENO_006","B2","distributed","mammalGrid",31.815502,-88.186556,"WGS84","16N",387696.008,3520598.843,NA,"GIS",12.08,NA,"woodyWetlands","mam",20150101,20220822,"LENO"
"LENO_006","C2","distributed","mammalGrid",31.815503,-88.18645,"WGS84","16N",387706.008,3520598.843,NA,"GIS",12.08,NA,"woodyWetlands","mam",20150101,20220822,"LENO"
"LENO_006","D2","distributed","mammalGrid",31.815504,-88.186345,"WGS84","16N",387716.008,3520598.843,NA,"GIS",12.08,NA,"woodyWetlands","mam",20150101,20220822,"LENO"
"LENO_006","E2","distributed","mammalGrid",31.815505,-88.186239,"WGS84","16N",387726.008,3520598.843,NA,"GIS",12.08,NA,"woodyWetlands","mam",20150101,20220822,"LENO"
"LENO_006","F2","distributed","mammalGrid",31.815506,-88.186133,"WGS84","16N",387736.008,3520598.843,NA,"GIS",12.09,NA,"woodyWetlands","mam",20150101,20220822,"LENO"
"LENO_006","G2","distributed","mammalGrid",31.815507,-88.186028,"WGS84","16N",387746.008,3520598.843,NA,"GIS",12.09,NA,"woodyWetlands","mam",20150101,20220822,"LENO"
"LENO_006","H2","distributed","mammalGrid",31.815508,-88.185922,"WGS84","16N",387756.008,3520598.843,NA,"GIS",12.1,NA,"woodyWetlands","mam",20150101,20220822,"LENO"
"LENO_006","I2","distributed","mammalGrid",31.815509,-88.185817,"WGS84","16N",387766.008,3520598.843,NA,"GIS",12.1,NA,"woodyWetlands","mam",20150101,20220822,"LENO"
"LENO_006","J2","distributed","mammalGrid",31.81551,-88.185711,"WGS84","16N",387776.008,3520598.843,NA,"GIS",12.1,NA,"woodyWetlands","mam",20150101,20220822,"LENO"
"LENO_006","A3","distributed","mammalGrid",31.81541,-88.18666,"WGS84","16N",387686.008,3520588.843,NA,"GIS",12.07,NA,"woodyWetlands","mam",20150101,20220822,"LENO"
"LENO_006","B3","distributed","mammalGrid",31.815411,-88.186555,"WGS84","16N",387696.008,3520588.843,NA,"GIS",12.06,NA,"woodyWetlands","mam",20150101,20220822,"LENO"
"LENO_006","C3","distributed","mammalGrid",31.815412,-88.186449,"WGS84","16N",387706.008,3520588.843,NA,"GIS",12.06,NA,"woodyWetlands","mam",20150101,20220822,"LENO"
"LENO_006","D3","distributed","mammalGrid",31.815413,-88.186344,"WGS84","16N",387716.008,3520588.843,NA,"GIS",12.06,NA,"woodyWetlands","mam",20150101,20220822,"LENO"
"LENO_006","E3","distributed","mammalGrid",31.815414,-88.186238,"WGS84","16N",387726.008,3520588.843,NA,"GIS",12.06,NA,"woodyWetlands","mam",20150101,20220822,"LENO"
"LENO_006","F3","distributed","mammalGrid",31.815415,-88.186132,"WGS84","16N",387736.008,3520588.843,NA,"GIS",12.06,NA,"woodyWetlands","mam",20150101,20220822,"LENO"
"LENO_006","G3","distributed","mammalGrid",31.815416,-88.186027,"WGS84","16N",387746.008,3520588.843,NA,"GIS",12.07,NA,"woodyWetlands","mam",20150101,20220822,"LENO"
"LENO_006","H3","distributed","mammalGrid",31.815417,-88.185921,"WGS84","16N",387756.008,3520588.843,NA,"GIS",12.07,NA,"woodyWetlands","mam",20150101,20220822,"LENO"
"LENO_006","I3","distributed","mammalGrid",31.815418,-88.185815,"WGS84","16N",387766.008,3520588.843,NA,"GIS",12.07,NA,"woodyWetlands","mam",20150101,20220822,"LENO"
"LENO_006","J3","distributed","mammalGrid",31.815419,-88.18571,"WGS84","16N",387776.008,3520588.843,NA,"GIS",12.07,NA,"woodyWetlands","mam",20150101,20220822,"LENO"
"LENO_006","A4","distributed","mammalGrid",31.81532,-88.186659,"WGS84","16N",387686.008,3520578.843,NA,"GIS",12.05,NA,"woodyWetlands","mam",20150101,20220822,"LENO"
"LENO_006","B4","distributed","mammalGrid",31.815321,-88.186554,"WGS84","16N",387696.008,3520578.843,NA,"GIS",12.04,NA,"woodyWetlands","mam",20150101,20220822,"LENO"
"LENO_006","C4","distributed","mammalGrid",31.815322,-88.186448,"WGS84","16N",387706.008,3520578.843,NA,"GIS",12.04,NA,"woodyWetlands","mam",20150101,20220822,"LENO"
"LENO_006","D4","distributed","mammalGrid",31.815323,-88.186342,"WGS84","16N",387716.008,3520578.843,NA,"GIS",12.03,NA,"woodyWetlands","mam",20150101,20220822,"LENO"
"LENO_006","E4","distributed","mammalGrid",31.815324,-88.186237,"WGS84","16N",387726.008,3520578.843,NA,"GIS",12.03,NA,"woodyWetlands","mam",20150101,20220822,"LENO"
"LENO_006","F4","distributed","mammalGrid",31.815325,-88.186131,"WGS84","16N",387736.008,3520578.843,NA,"GIS",12.04,NA,"woodyWetlands","mam",20150101,20220822,"LENO"
"LENO_006","G4","distributed","mammalGrid",31.815326,-88.186025,"WGS84","16N",387746.008,3520578.843,NA,"GIS",12.04,NA,"woodyWetlands","mam",20150101,20220822,"LENO"
"LENO_006","H4","distributed","mammalGrid",31.815327,-88.18592,"WGS84","16N",387756.008,3520578.843,NA,"GIS",12.04,NA,"woodyWetlands","mam",20150101,20220822,"LENO"
"LENO_006","I4","distributed","mammalGrid",31.815328,-88.185814,"WGS84","16N",387766.008,3520578.843,NA,"GIS",12.05,NA,"woodyWetlands","mam",20150101,20220822,"LENO"
"LENO_006","J4","distributed","mammalGrid",31.815329,-88.185709,"WGS84","16N",387776.008,3520578.843,NA,"GIS",12.05,NA,"woodyWetlands","mam",20150101,20220822,"LENO"
"LENO_006","A5","distributed","mammalGrid",31.81523,-88.186658,"WGS84","16N",387686.008,3520568.843,NA,"GIS",12.03,NA,"woodyWetlands","mam",20150101,20220822,"LENO"
"LENO_006","B5","distributed","mammalGrid",31.815231,-88.186553,"WGS84","16N",387696.008,3520568.843,NA,"GIS",12.02,NA,"woodyWetlands","mam",20150101,20220822,"LENO"
"LENO_006","C5","distributed","mammalGrid",31.815232,-88.186447,"WGS84","16N",387706.008,3520568.843,NA,"GIS",12.02,NA,"woodyWetlands","mam",20150101,20220822,"LENO"
"LENO_006","D5","distributed","mammalGrid",31.815233,-88.186341,"WGS84","16N",387716.008,3520568.843,NA,"GIS",12.01,NA,"woodyWetlands","mam",20150101,20220822,"LENO"
"LENO_006","F5","distributed","mammalGrid",31.815235,-88.18613,"WGS84","16N",387736.008,3520568.843,NA,"GIS",12.01,NA,"woodyWetlands","mam",20150101,20220822,"LENO"
"LENO_006","G5","distributed","mammalGrid",31.815236,-88.186024,"WGS84","16N",387746.008,3520568.843,NA,"GIS",12.01,NA,"woodyWetlands","mam",20150101,20220822,"LENO"
"LENO_006","H5","distributed","mammalGrid",31.815237,-88.185919,"WGS84","16N",387756.008,3520568.843,NA,"GIS",12.02,NA,"woodyWetlands","mam",20150101,20220822,"LENO"
"LENO_006","I5","distributed","mammalGrid",31.815238,-88.185813,"WGS84","16N",387766.008,3520568.843,NA,"GIS",12.02,NA,"woodyWetlands","mam",20150101,20220822,"LENO"
"LENO_006","J5","distributed","mammalGrid",31.815239,-88.185707,"WGS84","16N",387776.008,3520568.843,NA,"GIS",12.03,NA,"woodyWetlands","mam",20150101,20220822,"LENO"
"LENO_006","A6","distributed","mammalGrid",31.81514,-88.186657,"WGS84","16N",387686.008,3520558.843,NA,"GIS",12.01,NA,"woodyWetlands","mam",20150101,20220822,"LENO"
"LENO_006","B6","distributed","mammalGrid",31.815141,-88.186551,"WGS84","16N",387696.008,3520558.843,NA,"GIS",12,NA,"woodyWetlands","mam",20150101,20220822,"LENO"
"LENO_006","C6","distributed","mammalGrid",31.815142,-88.186446,"WGS84","16N",387706.008,3520558.843,NA,"GIS",12,NA,"woodyWetlands","mam",20150101,20220822,"LENO"
"LENO_006","D6","distributed","mammalGrid",31.815143,-88.18634,"WGS84","16N",387716.008,3520558.843,NA,"GIS",11.99,NA,"woodyWetlands","mam",20150101,20220822,"LENO"
"LENO_006","E6","distributed","mammalGrid",31.815144,-88.186234,"WGS84","16N",387726.008,3520558.843,NA,"GIS",11.98,NA,"woodyWetlands","mam",20150101,20220822,"LENO"
"LENO_006","F6","distributed","mammalGrid",31.815145,-88.186129,"WGS84","16N",387736.008,3520558.843,NA,"GIS",11.99,NA,"woodyWetlands","mam",20150101,20220822,"LENO"
"LENO_006","G6","distributed","mammalGrid",31.815146,-88.186023,"WGS84","16N",387746.008,3520558.843,NA,"GIS",11.99,NA,"woodyWetlands","mam",20150101,20220822,"LENO"
"LENO_006","H6","distributed","mammalGrid",31.815147,-88.185918,"WGS84","16N",387756.008,3520558.843,NA,"GIS",11.99,NA,"woodyWetlands","mam",20150101,20220822,"LENO"
"LENO_006","I6","distributed","mammalGrid",31.815148,-88.185812,"WGS84","16N",387766.008,3520558.843,NA,"GIS",12,NA,"woodyWetlands","mam",20150101,20220822,"LENO"
"LENO_006","J6","distributed","mammalGrid",31.815149,-88.185706,"WGS84","16N",387776.008,3520558.843,NA,"GIS",12,NA,"woodyWetlands","mam",20150101,20220822,"LENO"
"LENO_006","A7","distributed","mammalGrid",31.81505,-88.186656,"WGS84","16N",387686.008,3520548.843,NA,"GIS",11.99,NA,"woodyWetlands","mam",20150101,20220822,"LENO"
"LENO_006","B7","distributed","mammalGrid",31.815051,-88.18655,"WGS84","16N",387696.008,3520548.843,NA,"GIS",11.98,NA,"woodyWetlands","mam",20150101,20220822,"LENO"
"LENO_006","C7","distributed","mammalGrid",31.815052,-88.186445,"WGS84","16N",387706.008,3520548.843,NA,"GIS",11.98,NA,"woodyWetlands","mam",20150101,20220822,"LENO"
"LENO_006","D7","distributed","mammalGrid",31.815053,-88.186339,"WGS84","16N",387716.008,3520548.843,NA,"GIS",11.97,NA,"woodyWetlands","mam",20150101,20220822,"LENO"
"LENO_006","E7","distributed","mammalGrid",31.815054,-88.186233,"WGS84","16N",387726.008,3520548.843,NA,"GIS",11.96,NA,"woodyWetlands","mam",20150101,20220822,"LENO"
"LENO_006","F7","distributed","mammalGrid",31.815055,-88.186128,"WGS84","16N",387736.008,3520548.843,NA,"GIS",11.96,NA,"woodyWetlands","mam",20150101,20220822,"LENO"
"LENO_006","G7","distributed","mammalGrid",31.815056,-88.186022,"WGS84","16N",387746.008,3520548.843,NA,"GIS",11.96,NA,"woodyWetlands","mam",20150101,20220822,"LENO"
"LENO_006","H7","distributed","mammalGrid",31.815057,-88.185916,"WGS84","16N",387756.008,3520548.843,NA,"GIS",11.96,NA,"woodyWetlands","mam",20150101,20220822,"LENO"
"LENO_006","I7","distributed","mammalGrid",31.815058,-88.185811,"WGS84","16N",387766.008,3520548.843,NA,"GIS",11.97,NA,"woodyWetlands","mam",20150101,20220822,"LENO"
"LENO_006","J7","distributed","mammalGrid",31.815059,-88.185705,"WGS84","16N",387776.008,3520548.843,NA,"GIS",11.98,NA,"woodyWetlands","mam",20150101,20220822,"LENO"
"LENO_006","A8","distributed","mammalGrid",31.814959,-88.186655,"WGS84","16N",387686.008,3520538.843,NA,"GIS",11.97,NA,"woodyWetlands","mam",20150101,20220822,"LENO"
"LENO_006","B8","distributed","mammalGrid",31.81496,-88.186549,"WGS84","16N",387696.008,3520538.843,NA,"GIS",11.96,NA,"woodyWetlands","mam",20150101,20220822,"LENO"
"LENO_006","C8","distributed","mammalGrid",31.814961,-88.186443,"WGS84","16N",387706.008,3520538.843,NA,"GIS",11.96,NA,"woodyWetlands","mam",20150101,20220822,"LENO"
"LENO_006","D8","distributed","mammalGrid",31.814962,-88.186338,"WGS84","16N",387716.008,3520538.843,NA,"GIS",11.95,NA,"woodyWetlands","mam",20150101,20220822,"LENO"
"LENO_006","E8","distributed","mammalGrid",31.814963,-88.186232,"WGS84","16N",387726.008,3520538.843,NA,"GIS",11.94,NA,"woodyWetlands","mam",20150101,20220822,"LENO"
"LENO_006","F8","distributed","mammalGrid",31.814964,-88.186127,"WGS84","16N",387736.008,3520538.843,NA,"GIS",11.94,NA,"woodyWetlands","mam",20150101,20220822,"LENO"
"LENO_006","G8","distributed","mammalGrid",31.814965,-88.186021,"WGS84","16N",387746.008,3520538.843,NA,"GIS",11.94,NA,"woodyWetlands","mam",20150101,20220822,"LENO"
"LENO_006","H8","distributed","mammalGrid",31.814966,-88.185915,"WGS84","16N",387756.008,3520538.843,NA,"GIS",11.94,NA,"woodyWetlands","mam",20150101,20220822,"LENO"
"LENO_006","I8","distributed","mammalGrid",31.814967,-88.18581,"WGS84","16N",387766.008,3520538.843,NA,"GIS",11.95,NA,"woodyWetlands","mam",20150101,20220822,"LENO"
"LENO_006","J8","distributed","mammalGrid",31.814968,-88.185704,"WGS84","16N",387776.008,3520538.843,NA,"GIS",11.95,NA,"woodyWetlands","mam",20150101,20220822,"LENO"
"LENO_006","A9","distributed","mammalGrid",31.814869,-88.186654,"WGS84","16N",387686.008,3520528.843,NA,"GIS",11.95,NA,"woodyWetlands","mam",20150101,20220822,"LENO"
"LENO_006","B9","distributed","mammalGrid",31.81487,-88.186548,"WGS84","16N",387696.008,3520528.843,NA,"GIS",11.94,NA,"woodyWetlands","mam",20150101,20220822,"LENO"
"LENO_006","C9","distributed","mammalGrid",31.814871,-88.186442,"WGS84","16N",387706.008,3520528.843,NA,"GIS",11.94,NA,"woodyWetlands","mam",20150101,20220822,"LENO"
"LENO_006","D9","distributed","mammalGrid",31.814872,-88.186337,"WGS84","16N",387716.008,3520528.843,NA,"GIS",11.93,NA,"woodyWetlands","mam",20150101,20220822,"LENO"
"LENO_006","E9","distributed","mammalGrid",31.814873,-88.186231,"WGS84","16N",387726.008,3520528.843,NA,"GIS",11.92,NA,"woodyWetlands","mam",20150101,20220822,"LENO"
"LENO_006","F9","distributed","mammalGrid",31.814874,-88.186125,"WGS84","16N",387736.008,3520528.843,NA,"GIS",11.92,NA,"woodyWetlands","mam",20150101,20220822,"LENO"
"LENO_006","G9","distributed","mammalGrid",31.814875,-88.18602,"WGS84","16N",387746.008,3520528.843,NA,"GIS",11.92,NA,"woodyWetlands","mam",20150101,20220822,"LENO"
"LENO_006","H9","distributed","mammalGrid",31.814876,-88.185914,"WGS84","16N",387756.008,3520528.843,NA,"GIS",11.92,NA,"woodyWetlands","mam",20150101,20220822,"LENO"
"LENO_006","I9","distributed","mammalGrid",31.814877,-88.185808,"WGS84","16N",387766.008,3520528.843,NA,"GIS",11.92,NA,"woodyWetlands","mam",20150101,20220822,"LENO"
"LENO_006","J9","distributed","mammalGrid",31.814878,-88.185703,"WGS84","16N",387776.008,3520528.843,NA,"GIS",11.93,NA,"woodyWetlands","mam",20150101,20220822,"LENO"
"LENO_006","A10","distributed","mammalGrid",31.814779,-88.186652,"WGS84","16N",387686.008,3520518.843,NA,"GIS",11.93,NA,"woodyWetlands","mam",20150101,20220822,"LENO"
"LENO_006","B10","distributed","mammalGrid",31.81478,-88.186547,"WGS84","16N",387696.008,3520518.843,NA,"GIS",11.92,NA,"woodyWetlands","mam",20150101,20220822,"LENO"
"LENO_006","C10","distributed","mammalGrid",31.814781,-88.186441,"WGS84","16N",387706.008,3520518.843,NA,"GIS",11.91,NA,"woodyWetlands","mam",20150101,20220822,"LENO"
"LENO_006","D10","distributed","mammalGrid",31.814782,-88.186335,"WGS84","16N",387716.008,3520518.843,NA,"GIS",11.91,NA,"woodyWetlands","mam",20150101,20220822,"LENO"
"LENO_006","E10","distributed","mammalGrid",31.814783,-88.18623,"WGS84","16N",387726.008,3520518.843,NA,"GIS",11.9,NA,"woodyWetlands","mam",20150101,20220822,"LENO"
"LENO_006","F10","distributed","mammalGrid",31.814784,-88.186124,"WGS84","16N",387736.008,3520518.843,NA,"GIS",11.9,NA,"woodyWetlands","mam",20150101,20220822,"LENO"
"LENO_006","G10","distributed","mammalGrid",31.814785,-88.186019,"WGS84","16N",387746.008,3520518.843,NA,"GIS",11.9,NA,"woodyWetlands","mam",20150101,20220822,"LENO"
"LENO_006","H10","distributed","mammalGrid",31.814786,-88.185913,"WGS84","16N",387756.008,3520518.843,NA,"GIS",11.9,NA,"woodyWetlands","mam",20150101,20220822,"LENO"
"LENO_006","I10","distributed","mammalGrid",31.814787,-88.185807,"WGS84","16N",387766.008,3520518.843,NA,"GIS",11.9,NA,"woodyWetlands","mam",20150101,20220822,"LENO"
"LENO_006","J10","distributed","mammalGrid",31.814788,-88.185702,"WGS84","16N",387776.008,3520518.843,NA,"GIS",11.9,NA,"woodyWetlands","mam",20150101,20220822,"LENO"
"DSNY_006","21","distributed","tickPlot",28.093516,-81.398242,"WGS84","17N",460877.5,3107625.692,0.1,"GeoXH 6000",18.65,0.1,"woodyWetlands","tck",20140101,20230214,"DSNY"
"TEAK_003","21","distributed","tickPlot",37.012264,-119.012362,"WGS84","11N",320966.464,4098126.004,0.19,"Geo 7X (H-Star)",2204.07,0.36,"evergreenForest","tck",20140101,20231231,"TEAK"
"TEAK_003","25","distributed","tickPlot",37.012266,-119.011906,"WGS84","11N",321007.058,4098125.307,0.34,"Geo 7X (H-Star)",2196.8,0.64,"evergreenForest","tck",20140101,20231231,"TEAK"
"TEAK_003","41","distributed","tickPlot",37.012434,-119.012175,"WGS84","11N",320983.485,4098144.527,1.03,"Geo 7X (H-Star)",2205.5,1.42,"evergreenForest","tck",20140101,20231231,"TEAK"
"TEAK_003","57","distributed","tickPlot",37.012645,-119.012384,"WGS84","11N",320965.433,4098168.31,0.75,"Geo 7X (H-Star)",2201.99,1.77,"evergreenForest","tck",20140101,20231231,"TEAK"
"TEAK_003","61","distributed","tickPlot",37.012643,-119.01193,"WGS84","11N",321005.825,4098167.241,0.27,"Geo 7X (H-Star)",2200.84,0.55,"evergreenForest","tck",20140101,20231231,"TEAK"
"SERC_011","E5","distributed","mammalGrid",38.899451,-76.55389,"WGS84","18N",365252.218,4306766.19,0.33,"GeoXH 6000",27.16,0.49,"deciduousForest","mam",20140101,20231231,"SERC"
"SERC_011","A1","distributed","mammalGrid",38.899803,-76.554363,"WGS84","18N",365211.829,4306805.932,NA,"GIS",21.8,NA,"deciduousForest","mam",20140101,20231231,"SERC"
"SERC_011","A2","distributed","mammalGrid",38.899804,-76.554248,"WGS84","18N",365221.829,4306805.932,NA,"GIS",21.37,NA,"deciduousForest","mam",20140101,20231231,"SERC"
"SERC_011","A3","distributed","mammalGrid",38.899806,-76.554132,"WGS84","18N",365231.829,4306805.932,NA,"GIS",20.94,NA,"deciduousForest","mam",20140101,20231231,"SERC"
"SERC_011","A4","distributed","mammalGrid",38.899807,-76.554017,"WGS84","18N",365241.829,4306805.932,NA,"GIS",20.52,NA,"deciduousForest","mam",20140101,20231231,"SERC"
"SERC_011","A5","distributed","mammalGrid",38.899809,-76.553902,"WGS84","18N",365251.829,4306805.932,NA,"GIS",20.82,NA,"deciduousForest","mam",20140101,20231231,"SERC"
"SERC_011","A6","distributed","mammalGrid",38.89981,-76.553787,"WGS84","18N",365261.829,4306805.932,NA,"GIS",21.13,NA,"deciduousForest","mam",20140101,20231231,"SERC"
"SERC_011","A7","distributed","mammalGrid",38.899812,-76.553671,"WGS84","18N",365271.829,4306805.932,NA,"GIS",21.42,NA,"deciduousForest","mam",20140101,20231231,"SERC"
"SERC_011","A8","distributed","mammalGrid",38.899813,-76.553556,"WGS84","18N",365281.829,4306805.932,NA,"GIS",21.29,NA,"deciduousForest","mam",20140101,20231231,"SERC"
"SERC_011","A9","distributed","mammalGrid",38.899815,-76.553441,"WGS84","18N",365291.829,4306805.932,NA,"GIS",21.17,NA,"deciduousForest","mam",20140101,20231231,"SERC"
"SERC_011","A10","distributed","mammalGrid",38.899816,-76.553325,"WGS84","18N",365301.829,4306805.932,NA,"GIS",21.05,NA,"deciduousForest","mam",20140101,20231231,"SERC"
"SERC_011","B1","distributed","mammalGrid",38.899713,-76.554361,"WGS84","18N",365211.829,4306795.932,NA,"GIS",22.11,NA,"deciduousForest","mam",20140101,20231231,"SERC"
"SERC_011","B2","distributed","mammalGrid",38.899714,-76.554246,"WGS84","18N",365221.829,4306795.932,NA,"GIS",21.76,NA,"deciduousForest","mam",20140101,20231231,"SERC"
"SERC_011","B3","distributed","mammalGrid",38.899716,-76.55413,"WGS84","18N",365231.829,4306795.932,NA,"GIS",21.42,NA,"deciduousForest","mam",20140101,20231231,"SERC"
"SERC_011","B4","distributed","mammalGrid",38.899717,-76.554015,"WGS84","18N",365241.829,4306795.932,NA,"GIS",21.09,NA,"deciduousForest","mam",20140101,20231231,"SERC"
"SERC_011","B5","distributed","mammalGrid",38.899719,-76.5539,"WGS84","18N",365251.829,4306795.932,NA,"GIS",21.42,NA,"deciduousForest","mam",20140101,20231231,"SERC"
"SERC_011","B6","distributed","mammalGrid",38.89972,-76.553785,"WGS84","18N",365261.829,4306795.932,NA,"GIS",21.76,NA,"deciduousForest","mam",20140101,20231231,"SERC"
"SERC_011","B7","distributed","mammalGrid",38.899722,-76.553669,"WGS84","18N",365271.829,4306795.932,NA,"GIS",22.09,NA,"deciduousForest","mam",20140101,20231231,"SERC"
"SERC_011","B8","distributed","mammalGrid",38.899723,-76.553554,"WGS84","18N",365281.829,4306795.932,NA,"GIS",22.1,NA,"deciduousForest","mam",20140101,20231231,"SERC"
"SERC_011","B9","distributed","mammalGrid",38.899725,-76.553439,"WGS84","18N",365291.829,4306795.932,NA,"GIS",22.11,NA,"deciduousForest","mam",20140101,20231231,"SERC"
"SERC_011","B10","distributed","mammalGrid",38.899726,-76.553323,"WGS84","18N",365301.829,4306795.932,NA,"GIS",22.14,NA,"deciduousForest","mam",20140101,20231231,"SERC"
"SERC_011","C1","distributed","mammalGrid",38.899622,-76.554359,"WGS84","18N",365211.829,4306785.932,NA,"GIS",22.68,NA,"deciduousForest","mam",20140101,20231231,"SERC"
"SERC_011","C2","distributed","mammalGrid",38.899624,-76.554244,"WGS84","18N",365221.829,4306785.932,NA,"GIS",22.41,NA,"deciduousForest","mam",20140101,20231231,"SERC"
"SERC_011","C3","distributed","mammalGrid",38.899625,-76.554128,"WGS84","18N",365231.829,4306785.932,NA,"GIS",22.14,NA,"deciduousForest","mam",20140101,20231231,"SERC"
"SERC_011","C4","distributed","mammalGrid",38.899627,-76.554013,"WGS84","18N",365241.829,4306785.932,NA,"GIS",21.87,NA,"deciduousForest","mam",20140101,20231231,"SERC"
"SERC_011","C5","distributed","mammalGrid",38.899629,-76.553898,"WGS84","18N",365251.829,4306785.932,NA,"GIS",22.12,NA,"deciduousForest","mam",20140101,20231231,"SERC"
"SERC_011","C6","distributed","mammalGrid",38.89963,-76.553783,"WGS84","18N",365261.829,4306785.932,NA,"GIS",22.36,NA,"deciduousForest","mam",20140101,20231231,"SERC"
"SERC_011","C7","distributed","mammalGrid",38.899632,-76.553667,"WGS84","18N",365271.829,4306785.932,NA,"GIS",22.6,NA,"deciduousForest","mam",20140101,20231231,"SERC"
"SERC_011","C8","distributed","mammalGrid",38.899633,-76.553552,"WGS84","18N",365281.829,4306785.932,NA,"GIS",22.82,NA,"deciduousForest","mam",20140101,20231231,"SERC"
"SERC_011","C9","distributed","mammalGrid",38.899635,-76.553437,"WGS84","18N",365291.829,4306785.932,NA,"GIS",23.05,NA,"deciduousForest","mam",20140101,20231231,"SERC"
"SERC_011","C10","distributed","mammalGrid",38.899636,-76.553322,"WGS84","18N",365301.829,4306785.932,NA,"GIS",23.28,NA,"deciduousForest","mam",20140101,20231231,"SERC"
"SERC_011","D1","distributed","mammalGrid",38.899532,-76.554357,"WGS84","18N",365211.829,4306775.932,NA,"GIS",23.25,NA,"deciduousForest","mam",20140101,20231231,"SERC"
"SERC_011","D2","distributed","mammalGrid",38.899534,-76.554242,"WGS84","18N",365221.829,4306775.932,NA,"GIS",23.05,NA,"deciduousForest","mam",20140101,20231231,"SERC"
"SERC_011","D3","distributed","mammalGrid",38.899535,-76.554126,"WGS84","18N",365231.829,4306775.932,NA,"GIS",22.85,NA,"deciduousForest","mam",20140101,20231231,"SERC"
"SERC_011","D4","distributed","mammalGrid",38.899537,-76.554011,"WGS84","18N",365241.829,4306775.932,NA,"GIS",22.66,NA,"deciduousForest","mam",20140101,20231231,"SERC"
"SERC_011","D5","distributed","mammalGrid",38.899538,-76.553896,"WGS84","18N",365251.829,4306775.932,NA,"GIS",22.81,NA,"deciduousForest","mam",20140101,20231231,"SERC"
"SERC_011","D6","distributed","mammalGrid",38.89954,-76.553781,"WGS84","18N",365261.829,4306775.932,NA,"GIS",22.95,NA,"deciduousForest","mam",20140101,20231231,"SERC"
"SERC_011","D7","distributed","mammalGrid",38.899542,-76.553665,"WGS84","18N",365271.829,4306775.932,NA,"GIS",23.1,NA,"deciduousForest","mam",20140101,20231231,"SERC"
"SERC_011","D8","distributed","mammalGrid",38.899543,-76.55355,"WGS84","18N",365281.829,4306775.932,NA,"GIS",23.54,NA,"deciduousForest","mam",20140101,20231231,"SERC"
"SERC_011","D9","distributed","mammalGrid",38.899545,-76.553435,"WGS84","18N",365291.829,4306775.932,NA,"GIS",23.98,NA,"deciduousForest","mam",20140101,20231231,"SERC"
"SERC_011","D10","distributed","mammalGrid",38.899546,-76.55332,"WGS84","18N",365301.829,4306775.932,NA,"GIS",24.43,NA,"deciduousForest","mam",20140101,20231231,"SERC"
"SERC_011","E1","distributed","mammalGrid",38.899442,-76.554355,"WGS84","18N",365211.829,4306765.932,NA,"GIS",24.21,NA,"deciduousForest","mam",20140101,20231231,"SERC"
"SERC_011","E2","distributed","mammalGrid",38.899444,-76.55424,"WGS84","18N",365221.829,4306765.932,NA,"GIS",24.06,NA,"deciduousForest","mam",20140101,20231231,"SERC"
"SERC_011","E3","distributed","mammalGrid",38.899445,-76.554125,"WGS84","18N",365231.829,4306765.932,NA,"GIS",23.92,NA,"deciduousForest","mam",20140101,20231231,"SERC"
"SERC_011","E4","distributed","mammalGrid",38.899447,-76.554009,"WGS84","18N",365241.829,4306765.932,NA,"GIS",23.78,NA,"deciduousForest","mam",20140101,20231231,"SERC"
"SERC_011","E6","distributed","mammalGrid",38.89945,-76.553779,"WGS84","18N",365261.829,4306765.932,NA,"GIS",23.78,NA,"deciduousForest","mam",20140101,20231231,"SERC"
"SERC_011","E7","distributed","mammalGrid",38.899451,-76.553663,"WGS84","18N",365271.829,4306765.932,NA,"GIS",23.8,NA,"deciduousForest","mam",20140101,20231231,"SERC"
"SERC_011","E8","distributed","mammalGrid",38.899453,-76.553548,"WGS84","18N",365281.829,4306765.932,NA,"GIS",24.38,NA,"deciduousForest","mam",20140101,20231231,"SERC"
"SERC_011","E9","distributed","mammalGrid",38.899455,-76.553433,"WGS84","18N",365291.829,4306765.932,NA,"GIS",24.96,NA,"deciduousForest","mam",20140101,20231231,"SERC"
"SERC_011","E10","distributed","mammalGrid",38.899456,-76.553318,"WGS84","18N",365301.829,4306765.932,NA,"GIS",25.54,NA,"deciduousForest","mam",20140101,20231231,"SERC"
"SERC_011","F1","distributed","mammalGrid",38.899352,-76.554353,"WGS84","18N",365211.829,4306755.932,NA,"GIS",25.44,NA,"deciduousForest","mam",20140101,20231231,"SERC"
"SERC_011","F2","distributed","mammalGrid",38.899354,-76.554238,"WGS84","18N",365221.829,4306755.932,NA,"GIS",25.34,NA,"deciduousForest","mam",20140101,20231231,"SERC"
"SERC_011","F3","distributed","mammalGrid",38.899355,-76.554123,"WGS84","18N",365231.829,4306755.932,NA,"GIS",25.23,NA,"deciduousForest","mam",20140101,20231231,"SERC"
"SERC_011","F4","distributed","mammalGrid",38.899357,-76.554007,"WGS84","18N",365241.829,4306755.932,NA,"GIS",25.13,NA,"deciduousForest","mam",20140101,20231231,"SERC"
"SERC_011","F5","distributed","mammalGrid",38.899358,-76.553892,"WGS84","18N",365251.829,4306755.932,NA,"GIS",24.96,NA,"deciduousForest","mam",20140101,20231231,"SERC"
"SERC_011","F6","distributed","mammalGrid",38.89936,-76.553777,"WGS84","18N",365261.829,4306755.932,NA,"GIS",24.78,NA,"deciduousForest","mam",20140101,20231231,"SERC"
"SERC_011","F7","distributed","mammalGrid",38.899361,-76.553661,"WGS84","18N",365271.829,4306755.932,NA,"GIS",24.63,NA,"deciduousForest","mam",20140101,20231231,"SERC"
"SERC_011","F8","distributed","mammalGrid",38.899363,-76.553546,"WGS84","18N",365281.829,4306755.932,NA,"GIS",25.29,NA,"deciduousForest","mam",20140101,20231231,"SERC"
"SERC_011","F9","distributed","mammalGrid",38.899364,-76.553431,"WGS84","18N",365291.829,4306755.932,NA,"GIS",25.96,NA,"deciduousForest","mam",20140101,20231231,"SERC"
"SERC_011","F10","distributed","mammalGrid",38.899366,-76.553316,"WGS84","18N",365301.829,4306755.932,NA,"GIS",26.62,NA,"deciduousForest","mam",20140101,20231231,"SERC"
"SERC_011","G1","distributed","mammalGrid",38.899262,-76.554351,"WGS84","18N",365211.829,4306745.932,NA,"GIS",26.68,NA,"deciduousForest","mam",20140101,20231231,"SERC"
"SERC_011","G2","distributed","mammalGrid",38.899264,-76.554236,"WGS84","18N",365221.829,4306745.932,NA,"GIS",26.62,NA,"deciduousForest","mam",20140101,20231231,"SERC"
"SERC_011","G3","distributed","mammalGrid",38.899265,-76.554121,"WGS84","18N",365231.829,4306745.932,NA,"GIS",26.55,NA,"deciduousForest","mam",20140101,20231231,"SERC"
"SERC_011","G4","distributed","mammalGrid",38.899267,-76.554005,"WGS84","18N",365241.829,4306745.932,NA,"GIS",26.48,NA,"deciduousForest","mam",20140101,20231231,"SERC"
"SERC_011","G5","distributed","mammalGrid",38.899268,-76.55389,"WGS84","18N",365251.829,4306745.932,NA,"GIS",26.13,NA,"deciduousForest","mam",20140101,20231231,"SERC"
"SERC_011","G6","distributed","mammalGrid",38.89927,-76.553775,"WGS84","18N",365261.829,4306745.932,NA,"GIS",25.78,NA,"deciduousForest","mam",20140101,20231231,"SERC"
"SERC_011","G7","distributed","mammalGrid",38.899271,-76.553659,"WGS84","18N",365271.829,4306745.932,NA,"GIS",25.46,NA,"deciduousForest","mam",20140101,20231231,"SERC"
"SERC_011","G8","distributed","mammalGrid",38.899273,-76.553544,"WGS84","18N",365281.829,4306745.932,NA,"GIS",26.21,NA,"deciduousForest","mam",20140101,20231231,"SERC"
"SERC_011","G9","distributed","mammalGrid",38.899274,-76.553429,"WGS84","18N",365291.829,4306745.932,NA,"GIS",26.95,NA,"deciduousForest","mam",20140101,20231231,"SERC"
"SERC_011","G10","distributed","mammalGrid",38.899276,-76.553314,"WGS84","18N",365301.829,4306745.932,NA,"GIS",27.69,NA,"deciduousForest","mam",20140101,20231231,"SERC"
"SERC_011","H1","distributed","mammalGrid",38.899172,-76.554349,"WGS84","18N",365211.829,4306735.932,NA,"GIS",27.69,NA,"deciduousForest","mam",20140101,20231231,"SERC"
"SERC_011","H2","distributed","mammalGrid",38.899174,-76.554234,"WGS84","18N",365221.829,4306735.932,NA,"GIS",27.63,NA,"deciduousForest","mam",20140101,20231231,"SERC"
"SERC_011","H3","distributed","mammalGrid",38.899175,-76.554119,"WGS84","18N",365231.829,4306735.932,NA,"GIS",27.56,NA,"deciduousForest","mam",20140101,20231231,"SERC"
"SERC_011","H4","distributed","mammalGrid",38.899177,-76.554003,"WGS84","18N",365241.829,4306735.932,NA,"GIS",27.49,NA,"deciduousForest","mam",20140101,20231231,"SERC"
"SERC_011","H5","distributed","mammalGrid",38.899178,-76.553888,"WGS84","18N",365251.829,4306735.932,NA,"GIS",27.14,NA,"deciduousForest","mam",20140101,20231231,"SERC"
"SERC_011","H6","distributed","mammalGrid",38.89918,-76.553773,"WGS84","18N",365261.829,4306735.932,NA,"GIS",26.78,NA,"deciduousForest","mam",20140101,20231231,"SERC"
"SERC_011","H7","distributed","mammalGrid",38.899181,-76.553658,"WGS84","18N",365271.829,4306735.932,NA,"GIS",26.45,NA,"deciduousForest","mam",20140101,20231231,"SERC"
"SERC_011","H8","distributed","mammalGrid",38.899183,-76.553542,"WGS84","18N",365281.829,4306735.932,NA,"GIS",27.14,NA,"deciduousForest","mam",20140101,20231231,"SERC"
"SERC_011","H9","distributed","mammalGrid",38.899184,-76.553427,"WGS84","18N",365291.829,4306735.932,NA,"GIS",27.83,NA,"deciduousForest","mam",20140101,20231231,"SERC"
"SERC_011","H10","distributed","mammalGrid",38.899186,-76.553312,"WGS84","18N",365301.829,4306735.932,NA,"GIS",28.51,NA,"deciduousForest","mam",20140101,20231231,"SERC"
"SERC_011","I1","distributed","mammalGrid",38.899082,-76.554347,"WGS84","18N",365211.829,4306725.932,NA,"GIS",28.54,NA,"deciduousForest","mam",20140101,20231231,"SERC"
"SERC_011","I2","distributed","mammalGrid",38.899083,-76.554232,"WGS84","18N",365221.829,4306725.932,NA,"GIS",28.45,NA,"deciduousForest","mam",20140101,20231231,"SERC"
"SERC_011","I3","distributed","mammalGrid",38.899085,-76.554117,"WGS84","18N",365231.829,4306725.932,NA,"GIS",28.36,NA,"deciduousForest","mam",20140101,20231231,"SERC"
"SERC_011","I4","distributed","mammalGrid",38.899087,-76.554001,"WGS84","18N",365241.829,4306725.932,NA,"GIS",28.26,NA,"deciduousForest","mam",20140101,20231231,"SERC"
"SERC_011","I5","distributed","mammalGrid",38.899088,-76.553886,"WGS84","18N",365251.829,4306725.932,NA,"GIS",28.02,NA,"deciduousForest","mam",20140101,20231231,"SERC"
"SERC_011","I6","distributed","mammalGrid",38.89909,-76.553771,"WGS84","18N",365261.829,4306725.932,NA,"GIS",27.78,NA,"deciduousForest","mam",20140101,20231231,"SERC"
"SERC_011","I7","distributed","mammalGrid",38.899091,-76.553656,"WGS84","18N",365271.829,4306725.932,NA,"GIS",27.56,NA,"deciduousForest","mam",20140101,20231231,"SERC"
"SERC_011","I8","distributed","mammalGrid",38.899093,-76.55354,"WGS84","18N",365281.829,4306725.932,NA,"GIS",28.09,NA,"deciduousForest","mam",20140101,20231231,"SERC"
"SERC_011","I9","distributed","mammalGrid",38.899094,-76.553425,"WGS84","18N",365291.829,4306725.932,NA,"GIS",28.62,NA,"deciduousForest","mam",20140101,20231231,"SERC"
"SERC_011","I10","distributed","mammalGrid",38.899096,-76.55331,"WGS84","18N",365301.829,4306725.932,NA,"GIS",29.13,NA,"deciduousForest","mam",20140101,20231231,"SERC"
"SERC_011","J1","distributed","mammalGrid",38.898992,-76.554345,"WGS84","18N",365211.829,4306715.932,NA,"GIS",29.39,NA,"deciduousForest","mam",20140101,20231231,"SERC"
"SERC_011","J2","distributed","mammalGrid",38.898993,-76.55423,"WGS84","18N",365221.829,4306715.932,NA,"GIS",29.27,NA,"deciduousForest","mam",20140101,20231231,"SERC"
"SERC_011","J3","distributed","mammalGrid",38.898995,-76.554115,"WGS84","18N",365231.829,4306715.932,NA,"GIS",29.15,NA,"deciduousForest","mam",20140101,20231231,"SERC"
"SERC_011","J4","distributed","mammalGrid",38.898996,-76.553999,"WGS84","18N",365241.829,4306715.932,NA,"GIS",29.04,NA,"deciduousForest","mam",20140101,20231231,"SERC"
"SERC_011","J5","distributed","mammalGrid",38.898998,-76.553884,"WGS84","18N",365251.829,4306715.932,NA,"GIS",28.91,NA,"deciduousForest","mam",20140101,20231231,"SERC"
"SERC_011","J6","distributed","mammalGrid",38.899,-76.553769,"WGS84","18N",365261.829,4306715.932,NA,"GIS",28.78,NA,"deciduousForest","mam",20140101,20231231,"SERC"
"SERC_011","J7","distributed","mammalGrid",38.899001,-76.553654,"WGS84","18N",365271.829,4306715.932,NA,"GIS",28.66,NA,"deciduousForest","mam",20140101,20231231,"SERC"
"SERC_011","J8","distributed","mammalGrid",38.899003,-76.553538,"WGS84","18N",365281.829,4306715.932,NA,"GIS",29.03,NA,"deciduousForest","mam",20140101,20231231,"SERC"
"SERC_011","J9","distributed","mammalGrid",38.899004,-76.553423,"WGS84","18N",365291.829,4306715.932,NA,"GIS",29.4,NA,"deciduousForest","mam",20140101,20231231,"SERC"
"SERC_011","J10","distributed","mammalGrid",38.899006,-76.553308,"WGS84","18N",365301.829,4306715.932,NA,"GIS",29.76,NA,"deciduousForest","mam",20140101,20231231,"SERC"
"LENO_023","41","distributed","tickPlot",31.809456,-88.181585,"WGS84","16N",388159.212,3519923.583,0.21,"GeoXH 6000",11.54,0.38,"deciduousForest","tck",20140101,20231231,"LENO"
"LENO_023","57","distributed","tickPlot",31.809639,-88.181767,"WGS84","16N",388142.191,3519944.045,0.36,"GeoXH 6000",11.52,0.66,"deciduousForest","tck",20140101,20231231,"LENO"
"LENO_023","61","distributed","tickPlot",31.809642,-88.18136,"WGS84","16N",388180.784,3519943.913,0.23,"GeoXH 6000",12.98,0.4,"deciduousForest","tck",20140101,20231231,"LENO"
"LENO_023","25","distributed","tickPlot",31.809276,-88.181368,"WGS84","16N",388179.537,3519903.377,0.18,"GeoXH 6000",10.2,0.32,"deciduousForest","tck",20140101,20231231,"LENO"
"LENO_023","21","distributed","tickPlot",31.809282,-88.1818,"WGS84","16N",388138.687,3519904.516,0.15,"GeoXH 6000",12.61,0.19,"deciduousForest","tck",20140101,20231231,"LENO"
"LENO_042","41","distributed","tickPlot",31.81769,-88.182889,"WGS84","16N",388045.755,3520837.609,0.2,"GeoXH 6000",13.8,0.45,"woodyWetlands","tck",20140101,20231231,"LENO"
"LENO_042","57","distributed","tickPlot",31.817875,-88.18311,"WGS84","16N",388025.078,3520858.406,0.11,"GeoXH 6000",10.26,0.17,"woodyWetlands","tck",20140101,20231231,"LENO"
"LENO_042","61","distributed","tickPlot",31.817872,-88.182689,"WGS84","16N",388064.91,3520857.608,0.23,"GeoXH 6000",11.04,0.37,"woodyWetlands","tck",20140101,20231231,"LENO"
"LENO_042","25","distributed","tickPlot",31.817508,-88.182683,"WGS84","16N",388065.019,3520817.304,0.11,"GeoXH 6000",13.23,0.16,"woodyWetlands","tck",20140101,20231231,"LENO"
"LENO_042","21","distributed","tickPlot",31.817517,-88.183121,"WGS84","16N",388023.528,3520818.715,0.15,"GeoXH 6000",12.45,0.23,"woodyWetlands","tck",20140101,20231231,"LENO"
"DELA_001","41","distributed","tickPlot",32.533277,-87.805314,"WGS84","16N",424376.305,3599833.721,0.14,"GeoXH 6000",22.73,0.21,"woodyWetlands","tck",20140101,20231231,"DELA"
"DELA_001","61","distributed","tickPlot",32.533453,-87.805084,"WGS84","16N",424397.994,3599853.046,0.11,"GeoXH 6000",26.23,0.12,"woodyWetlands","tck",20140101,20231231,"DELA"
"DELA_001","25","distributed","tickPlot",32.533099,-87.805082,"WGS84","16N",424397.875,3599813.863,0.12,"GeoXH 6000",25.25,0.15,"woodyWetlands","tck",20140101,20231231,"DELA"
"DELA_001","21","distributed","tickPlot",32.533101,-87.805516,"WGS84","16N",424357.175,3599814.395,0.13,"GeoXH 6000",25.43,0.19,"woodyWetlands","tck",20140101,20231231,"DELA"
"DELA_001","57","distributed","tickPlot",32.533453,-87.805508,"WGS84","16N",424358.25,3599853.42,NA,"GIS",25,NA,"woodyWetlands","tck",20140101,20231231,"DELA"
"DSNY_023","31","distributed","basePlot",28.094739,-81.4232,"WGS84","17N",458426.166,3107769.448,2.1,"GIS",19.64,0.1,"woodyWetlands","div",20120101,20231231,"DSNY"
"DSNY_024","31","distributed","basePlot",28.045485,-81.418735,"WGS84","17N",458845.992,3102311.649,2.1,"GIS",17.33,0.1,"woodyWetlands","div",20120101,20231231,"DSNY"
"DSNY_027","31","distributed","basePlot",28.092095,-81.405187,"WGS84","17N",460194.766,3107470.574,2.1,"GIS",20.48,0.1,"woodyWetlands","div",20120101,20231231,"DSNY"
"DSNY_054","31","tower","basePlot",28.123084,-81.43434,"WGS84","17N",457342.972,3110913.334,0.1,"GeoXH 6000",20.09,0.1,"pastureHay","bbc|cdw|cfc|dhp|hbp|ltr|vst",20120101,20231231,"DSNY"
"DSNY_067","31","tower","basePlot",28.126086,-81.431635,"WGS84","17N",457609.877,3111244.953,0.1,"GeoXH 6000",20.11,0.1,"pastureHay","bbc|cdw|cfc|dhp|ltr|vst",20120101,20231231,"DSNY"
"DSNY_023","32","distributed","basePlot",28.094739,-81.423096,"WGS84","17N",458436.356,3107769.421,2.1,"GIS",19.6,0.1,"woodyWetlands","div",20120101,20231231,"DSNY"
"DSNY_024","32","distributed","basePlot",28.045481,-81.418634,"WGS84","17N",458855.93,3102311.226,2.1,"GIS",17.39,0.1,"woodyWetlands","div",20120101,20231231,"DSNY"
"DSNY_027","32","distributed","basePlot",28.092096,-81.405083,"WGS84","17N",460204.964,3107470.612,2.1,"GIS",20.48,0.1,"woodyWetlands","div",20120101,20231231,"DSNY"
"DSNY_023","40","distributed","basePlot",28.094819,-81.423201,"WGS84","17N",458426.051,3107778.377,2.1,"GIS",19.56,0.1,"woodyWetlands","div",20120101,20231231,"DSNY"
"DSNY_024","40","distributed","basePlot",28.045571,-81.418735,"WGS84","17N",458846.021,3102321.249,2.1,"GIS",17.51,0.1,"woodyWetlands","div",20120101,20231231,"DSNY"
"DSNY_027","40","distributed","basePlot",28.092184,-81.405181,"WGS84","17N",460195.337,3107480.392,2.1,"GIS",20.84,0.11,"woodyWetlands","div",20120101,20231231,"DSNY"
"DSNY_027","41","distributed","basePlot",28.092185,-81.405083,"WGS84","17N",460205.017,3107480.538,2.1,"GIS",20.72,0.1,"woodyWetlands","div",20120101,20231231,"DSNY"
"DSNY_068","49","tower","basePlot",28.125998,-81.434378,"WGS84","17N",457340.398,3111236.179,0.1,"GeoXH 6000",20.22,0.1,"pastureHay","bbc|cdw|cfc|dhp|ltr|vst",20120101,20231231,"DSNY"
"DSNY_054","51","tower","basePlot",28.123271,-81.43415,"WGS84","17N",457361.7,3110934.008,0.1,"GeoXH 6000",20.12,0.1,"pastureHay","bbc|cdw|cfc|dhp|hbp|ltr|vst",20120101,20231231,"DSNY"
"DSNY_068","51","tower","basePlot",28.126005,-81.434176,"WGS84","17N",457360.268,3111236.889,0.1,"GeoXH 6000",20.03,0.1,"pastureHay","bbc|cdw|cfc|dhp|ltr|vst",20120101,20231231,"DSNY"
"DSNY_023","31.1.1","distributed","basePlot",28.094698,-81.423245,"WGS84","17N",458421.666,3107764.948,0.35,"GIS",19.64,0.1,"woodyWetlands","div",20120101,20231231,"DSNY"
"DSNY_024","31.1.1","distributed","basePlot",28.045444,-81.418781,"WGS84","17N",458841.492,3102307.149,0.35,"GIS",17.33,0.1,"woodyWetlands","div",20120101,20231231,"DSNY"
"DSNY_027","31.1.1","distributed","basePlot",28.092054,-81.405232,"WGS84","17N",460190.266,3107466.074,0.35,"GIS",20.48,0.1,"woodyWetlands","div",20120101,20231231,"DSNY"
"DSNY_023","31.1.10","distributed","basePlot",28.094708,-81.423234,"WGS84","17N",458422.747,3107766.029,1.1,"GIS",19.64,0.1,"woodyWetlands","div",20120101,20231231,"DSNY"
"DSNY_024","31.1.10","distributed","basePlot",28.045454,-81.41877,"WGS84","17N",458842.573,3102308.23,1.1,"GIS",17.33,0.1,"woodyWetlands","div",20120101,20231231,"DSNY"
"DSNY_027","31.1.10","distributed","basePlot",28.092064,-81.405221,"WGS84","17N",460191.347,3107467.155,1.1,"GIS",20.48,0.1,"woodyWetlands","div",20120101,20231231,"DSNY"
"DSNY_027","31.4.1","distributed","basePlot",28.092136,-81.405138,"WGS84","17N",460199.517,3107475.038,0.35,"GIS",20.72,0.1,"woodyWetlands","div",20120101,20231231,"DSNY"
"DSNY_027","31.4.10","distributed","basePlot",28.092126,-81.405149,"WGS84","17N",460198.436,3107473.957,1.1,"GIS",20.72,0.1,"woodyWetlands","div",20120101,20231231,"DSNY"
"DSNY_023","32.2.1","distributed","basePlot",28.094698,-81.42305,"WGS84","17N",458440.856,3107764.921,0.35,"GIS",19.6,0.1,"woodyWetlands","div",20120101,20231231,"DSNY"
"DSNY_024","32.2.1","distributed","basePlot",28.045441,-81.418588,"WGS84","17N",458860.43,3102306.726,0.35,"GIS",17.39,0.1,"woodyWetlands","div",20120101,20231231,"DSNY"
"DSNY_027","32.2.1","distributed","basePlot",28.092055,-81.405037,"WGS84","17N",460209.464,3107466.112,0.35,"GIS",20.48,0.1,"woodyWetlands","div",20120101,20231231,"DSNY"
"DSNY_023","32.2.10","distributed","basePlot",28.094708,-81.423061,"WGS84","17N",458439.775,3107766.002,1.1,"GIS",19.6,0.1,"woodyWetlands","div",20120101,20231231,"DSNY"
"DSNY_024","32.2.10","distributed","basePlot",28.04545,-81.418599,"WGS84","17N",458859.349,3102307.807,1.1,"GIS",17.39,0.1,"woodyWetlands","div",20120101,20231231,"DSNY"
"DSNY_027","32.2.10","distributed","basePlot",28.092065,-81.405048,"WGS84","17N",460208.383,3107467.193,1.1,"GIS",20.48,0.1,"woodyWetlands","div",20120101,20231231,"DSNY"
"DSNY_023","32.4.1","distributed","basePlot",28.09478,-81.42305,"WGS84","17N",458440.856,3107773.921,0.35,"GIS",19.6,0.1,"woodyWetlands","div",20120101,20231231,"DSNY"
"DSNY_024","32.4.1","distributed","basePlot",28.045522,-81.418588,"WGS84","17N",458860.43,3102315.726,0.35,"GIS",17.39,0.1,"woodyWetlands","div",20120101,20231231,"DSNY"
"DSNY_027","32.4.1","distributed","basePlot",28.092137,-81.405037,"WGS84","17N",460209.464,3107475.112,0.35,"GIS",20.48,0.1,"woodyWetlands","div",20120101,20231231,"DSNY"
"DSNY_023","32.4.10","distributed","basePlot",28.09477,-81.423061,"WGS84","17N",458439.775,3107772.84,1.1,"GIS",19.6,0.1,"woodyWetlands","div",20120101,20231231,"DSNY"
"DSNY_024","32.4.10","distributed","basePlot",28.045512,-81.418599,"WGS84","17N",458859.349,3102314.645,1.1,"GIS",17.39,0.1,"woodyWetlands","div",20120101,20231231,"DSNY"
"DSNY_027","32.4.10","distributed","basePlot",28.092127,-81.405048,"WGS84","17N",460208.383,3107474.031,1.1,"GIS",20.48,0.1,"woodyWetlands","div",20120101,20231231,"DSNY"
"DSNY_023","40.1.1","distributed","basePlot",28.094779,-81.423247,"WGS84","17N",458421.551,3107773.877,0.35,"GIS",19.56,0.1,"woodyWetlands","div",20120101,20231231,"DSNY"
"DSNY_024","40.1.1","distributed","basePlot",28.04553,-81.418781,"WGS84","17N",458841.521,3102316.749,0.35,"GIS",17.51,0.1,"woodyWetlands","div",20120101,20231231,"DSNY"
"DSNY_027","40.1.1","distributed","basePlot",28.092143,-81.405227,"WGS84","17N",460190.837,3107475.892,0.35,"GIS",20.84,0.11,"woodyWetlands","div",20120101,20231231,"DSNY"
"DSNY_023","40.1.10","distributed","basePlot",28.094788,-81.423236,"WGS84","17N",458422.632,3107774.958,1.1,"GIS",19.56,0.1,"woodyWetlands","div",20120101,20231231,"DSNY"
"DSNY_024","40.1.10","distributed","basePlot",28.04554,-81.41877,"WGS84","17N",458842.602,3102317.83,1.1,"GIS",17.51,0.1,"woodyWetlands","div",20120101,20231231,"DSNY"
"DSNY_027","40.1.10","distributed","basePlot",28.092153,-81.405216,"WGS84","17N",460191.918,3107476.973,1.1,"GIS",20.84,0.11,"woodyWetlands","div",20120101,20231231,"DSNY"
"DSNY_023","40.3.1","distributed","basePlot",28.09486,-81.423247,"WGS84","17N",458421.551,3107782.877,0.35,"GIS",19.56,0.1,"woodyWetlands","div",20120101,20231231,"DSNY"
"DSNY_024","40.3.1","distributed","basePlot",28.045612,-81.418781,"WGS84","17N",458841.521,3102325.749,0.35,"GIS",17.51,0.1,"woodyWetlands","div",20120101,20231231,"DSNY"
"DSNY_027","40.3.1","distributed","basePlot",28.092224,-81.405227,"WGS84","17N",460190.837,3107484.892,0.35,"GIS",20.84,0.11,"woodyWetlands","div",20120101,20231231,"DSNY"
"DSNY_023","40.3.10","distributed","basePlot",28.09485,-81.423236,"WGS84","17N",458422.632,3107781.796,1.1,"GIS",19.56,0.1,"woodyWetlands","div",20120101,20231231,"DSNY"
"DSNY_024","40.3.10","distributed","basePlot",28.045602,-81.41877,"WGS84","17N",458842.602,3102324.668,1.1,"GIS",17.51,0.1,"woodyWetlands","div",20120101,20231231,"DSNY"
"DSNY_027","40.3.10","distributed","basePlot",28.092215,-81.405216,"WGS84","17N",460191.918,3107483.811,1.1,"GIS",20.84,0.11,"woodyWetlands","div",20120101,20231231,"DSNY"
"DSNY_027","41.1.1","distributed","basePlot",28.092145,-81.405128,"WGS84","17N",460200.517,3107476.038,0.35,"GIS",20.72,0.1,"woodyWetlands","div",20120101,20231231,"DSNY"
"DSNY_027","41.1.10","distributed","basePlot",28.092154,-81.405117,"WGS84","17N",460201.598,3107477.119,1.1,"GIS",20.72,0.1,"woodyWetlands","div",20120101,20231231,"DSNY"
"DSNY_023","41.4.1","distributed","basePlot",28.094862,-81.423049,"WGS84","17N",458441.048,3107783.033,0.35,"GIS",19.41,0.1,"woodyWetlands","div",20120101,20231231,"DSNY"
"DSNY_024","41.4.1","distributed","basePlot",28.045625,-81.418596,"WGS84","17N",458859.705,3102327.19,0.42,"GIS",16.89,0.2,"woodyWetlands","div",20120101,20231231,"DSNY"
"DSNY_023","41.4.10","distributed","basePlot",28.094852,-81.42306,"WGS84","17N",458439.967,3107781.952,1.1,"GIS",19.41,0.1,"woodyWetlands","div",20120101,20231231,"DSNY"
"DSNY_024","41.4.10","distributed","basePlot",28.045615,-81.418607,"WGS84","17N",458858.624,3102326.109,1.17,"GIS",16.89,0.2,"woodyWetlands","div",20120101,20231231,"DSNY"
"OSBS_020","33","distributed","basePlot",29.686752,-81.950662,"WGS84","17N",408022.127,3284453.666,0.14,"GeoXH 6000",25.94,0.19,"woodyWetlands","cfc",20120101,20240528,"OSBS"
"OSBS_020","49","distributed","basePlot",29.686928,-81.950876,"WGS84","17N",408001.542,3284473.324,0.09,"GeoXH 6000",24.9,0.1,"woodyWetlands","cfc",20120101,20240528,"OSBS"
"OSBS_020","51","distributed","basePlot",29.686937,-81.950672,"WGS84","17N",408021.317,3284474.176,0.25,"GeoXH 6000",27.18,0.36,"woodyWetlands","cfc",20120101,20240528,"OSBS"
"OSBS_020","31","distributed","basePlot",29.686766,-81.95085,"WGS84","17N",408003.871,3284455.376,0.32,"GeoXH 6000",26.22,0.48,"woodyWetlands","cfc",20120101,20240528,"OSBS"
"OSBS_014","41","distributed","basePlot",29.692719,-81.958259,"WGS84","17N",407292.518,3285121.007,0.23,"GeoXH 6000",33.28,0.98,"mixedForest","div",20120101,20240313,"OSBS"
"OSBS_014","51","distributed","basePlot",29.692813,-81.958142,"WGS84","17N",407303.931,3285131.263,0.13,"GeoXH 6000",34.21,0.14,"mixedForest","div",20120101,20240313,"OSBS"
"OSBS_014","33","distributed","basePlot",29.692636,-81.958142,"WGS84","17N",407303.771,3285111.667,0.14,"GeoXH 6000",33.56,0.27,"mixedForest","div",20120101,20240313,"OSBS"
"OSBS_014","31","distributed","basePlot",29.692642,-81.958347,"WGS84","17N",407283.935,3285112.506,0.15,"GeoXH 6000",31.33,0.2,"mixedForest","div",20120101,20240313,"OSBS"
"OSBS_014","49","distributed","basePlot",29.692816,-81.958351,"WGS84","17N",407283.714,3285131.75,0.12,"GeoXH 6000",31.12,0.14,"mixedForest","div",20120101,20240313,"OSBS"
"OSBS_017","31","distributed","basePlot",29.703794,-81.991974,"WGS84","17N",404041.122,3286375.666,0.15,"GeoXH 6000",31,0.16,"woodyWetlands","div",20120101,20240211,"OSBS"
"OSBS_017","49","distributed","basePlot",29.703959,-81.991958,"WGS84","17N",404042.816,3286393.928,0.3,"GeoXH 6000",26.05,0.39,"woodyWetlands","div",20120101,20240211,"OSBS"
"OSBS_017","51","distributed","basePlot",29.703953,-81.991722,"WGS84","17N",404065.661,3286393.132,0.14,"GeoXH 6000",29.89,0.14,"woodyWetlands","div",20120101,20240211,"OSBS"
"JERC_016","31","distributed","basePlot",31.180601,-84.472177,"WGS84","16N",740901.825,3452369.755,0.26,"GeoXH 6000",37.74,0.45,"deciduousForest","div",20120101,20240320,"JERC"
"JERC_016","49","distributed","basePlot",31.180769,-84.472173,"WGS84","16N",740901.76,3452388.429,0.28,"GeoXH 6000",34.1,0.47,"deciduousForest","div",20120101,20240320,"JERC"
"JERC_016","51","distributed","basePlot",31.180776,-84.471974,"WGS84","16N",740920.784,3452389.637,0.27,"GeoXH 6000",34.65,0.49,"deciduousForest","div",20120101,20240320,"JERC"
"JERC_016","41","distributed","basePlot",31.180684,-84.472088,"WGS84","16N",740910.128,3452379.225,0.25,"GeoXH 6000",33.45,0.46,"deciduousForest","div",20120101,20240320,"JERC"
"JERC_016","33","distributed","basePlot",31.180588,-84.471969,"WGS84","16N",740921.689,3452368.855,0.33,"GeoXH 6000",34.32,0.64,"deciduousForest","div",20120101,20240320,"JERC"
"JERC_033","51","distributed","basePlot",31.19209,-84.455937,"WGS84","16N",742420.65,3453679.23,0.16,"GeoXH 6000",46.95,0.36,"mixedForest","cdw|cfc|dhp|div|hbp|vst",20120101,20230925,"JERC"
"JERC_033","33","distributed","basePlot",31.191907,-84.455938,"WGS84","16N",742421.038,3453658.84,0.16,"GeoXH 6000",47.42,0.34,"mixedForest","cdw|cfc|dhp|div|hbp|vst",20120101,20230925,"JERC"
"JERC_033","49","distributed","basePlot",31.192086,-84.456145,"WGS84","16N",742400.848,3453678.294,0.27,"GeoXH 6000",48.14,0.56,"mixedForest","cdw|cfc|dhp|div|hbp|vst",20120101,20230925,"JERC"
"ABBY_014","A1","distributed","mammalGrid",45.750061,-122.317816,"WGS84","10N",553060.37,5066504.479,NA,"GIS",509.3,NA,"evergreenForest","mam",20120101,20240619,"ABBY"
"ABBY_014","A10","distributed","mammalGrid",45.749251,-122.317826,"WGS84","10N",553060.37,5066414.479,NA,"GIS",516.79,NA,"evergreenForest","mam",20120101,20240619,"ABBY"
"ABBY_014","A2","distributed","mammalGrid",45.749971,-122.317817,"WGS84","10N",553060.37,5066494.479,NA,"GIS",515.44,NA,"evergreenForest","mam",20120101,20240619,"ABBY"
"ABBY_014","A3","distributed","mammalGrid",45.749881,-122.317818,"WGS84","10N",553060.37,5066484.479,NA,"GIS",515.44,NA,"evergreenForest","mam",20120101,20240619,"ABBY"
"ABBY_014","A4","distributed","mammalGrid",45.749791,-122.31782,"WGS84","10N",553060.37,5066474.479,NA,"GIS",515.44,NA,"evergreenForest","mam",20120101,20240619,"ABBY"
"ABBY_014","A5","distributed","mammalGrid",45.749701,-122.317821,"WGS84","10N",553060.37,5066464.479,NA,"GIS",519.2,NA,"evergreenForest","mam",20120101,20240619,"ABBY"
"ABBY_014","A6","distributed","mammalGrid",45.749611,-122.317822,"WGS84","10N",553060.37,5066454.479,NA,"GIS",519.2,NA,"evergreenForest","mam",20120101,20240619,"ABBY"
"ABBY_014","A7","distributed","mammalGrid",45.749521,-122.317823,"WGS84","10N",553060.37,5066444.479,NA,"GIS",519.2,NA,"evergreenForest","mam",20120101,20240619,"ABBY"
"ABBY_014","A8","distributed","mammalGrid",45.749431,-122.317824,"WGS84","10N",553060.37,5066434.479,NA,"GIS",516.79,NA,"evergreenForest","mam",20120101,20240619,"ABBY"
"ABBY_014","A9","distributed","mammalGrid",45.749341,-122.317825,"WGS84","10N",553060.37,5066424.479,NA,"GIS",516.79,NA,"evergreenForest","mam",20120101,20240619,"ABBY"
"ABBY_014","B1","distributed","mammalGrid",45.750061,-122.317688,"WGS84","10N",553070.37,5066504.479,NA,"GIS",500.22,NA,"evergreenForest","mam",20120101,20240619,"ABBY"
"ABBY_014","B10","distributed","mammalGrid",45.749251,-122.317698,"WGS84","10N",553070.37,5066414.479,NA,"GIS",517.8,NA,"evergreenForest","mam",20120101,20240619,"ABBY"
"ABBY_014","B2","distributed","mammalGrid",45.749971,-122.317689,"WGS84","10N",553070.37,5066494.479,NA,"GIS",508.61,NA,"evergreenForest","mam",20120101,20240619,"ABBY"
"ABBY_014","B3","distributed","mammalGrid",45.749881,-122.31769,"WGS84","10N",553070.37,5066484.479,NA,"GIS",508.61,NA,"evergreenForest","mam",20120101,20240619,"ABBY"
"ABBY_014","B4","distributed","mammalGrid",45.749791,-122.317691,"WGS84","10N",553070.37,5066474.479,NA,"GIS",508.61,NA,"evergreenForest","mam",20120101,20240619,"ABBY"
"ABBY_014","B5","distributed","mammalGrid",45.749701,-122.317692,"WGS84","10N",553070.37,5066464.479,NA,"GIS",514.08,NA,"evergreenForest","mam",20120101,20240619,"ABBY"
"ABBY_014","B6","distributed","mammalGrid",45.749611,-122.317693,"WGS84","10N",553070.37,5066454.479,NA,"GIS",514.08,NA,"evergreenForest","mam",20120101,20240619,"ABBY"
"ABBY_014","B7","distributed","mammalGrid",45.749521,-122.317694,"WGS84","10N",553070.37,5066444.479,NA,"GIS",514.08,NA,"evergreenForest","mam",20120101,20240619,"ABBY"
"ABBY_014","B8","distributed","mammalGrid",45.749431,-122.317695,"WGS84","10N",553070.37,5066434.479,NA,"GIS",517.8,NA,"evergreenForest","mam",20120101,20240619,"ABBY"
"ABBY_014","B9","distributed","mammalGrid",45.749341,-122.317696,"WGS84","10N",553070.37,5066424.479,NA,"GIS",517.8,NA,"evergreenForest","mam",20120101,20240619,"ABBY"
"ABBY_014","C1","distributed","mammalGrid",45.75006,-122.317559,"WGS84","10N",553080.37,5066504.479,NA,"GIS",500.22,NA,"evergreenForest","mam",20120101,20240619,"ABBY"
"ABBY_014","C10","distributed","mammalGrid",45.74925,-122.317569,"WGS84","10N",553080.37,5066414.479,NA,"GIS",517.8,NA,"evergreenForest","mam",20120101,20240619,"ABBY"
"ABBY_014","C2","distributed","mammalGrid",45.74997,-122.31756,"WGS84","10N",553080.37,5066494.479,NA,"GIS",508.61,NA,"evergreenForest","mam",20120101,20240619,"ABBY"
"ABBY_014","C3","distributed","mammalGrid",45.74988,-122.317561,"WGS84","10N",553080.37,5066484.479,NA,"GIS",508.61,NA,"evergreenForest","mam",20120101,20240619,"ABBY"
"ABBY_014","C4","distributed","mammalGrid",45.74979,-122.317562,"WGS84","10N",553080.37,5066474.479,NA,"GIS",508.61,NA,"evergreenForest","mam",20120101,20240619,"ABBY"
"ABBY_014","C5","distributed","mammalGrid",45.7497,-122.317564,"WGS84","10N",553080.37,5066464.479,NA,"GIS",514.08,NA,"evergreenForest","mam",20120101,20240619,"ABBY"
"ABBY_014","C6","distributed","mammalGrid",45.74961,-122.317565,"WGS84","10N",553080.37,5066454.479,NA,"GIS",514.08,NA,"evergreenForest","mam",20120101,20240619,"ABBY"
"ABBY_014","C7","distributed","mammalGrid",45.74952,-122.317566,"WGS84","10N",553080.37,5066444.479,NA,"GIS",514.08,NA,"evergreenForest","mam",20120101,20240619,"ABBY"
"ABBY_014","C8","distributed","mammalGrid",45.74943,-122.317567,"WGS84","10N",553080.37,5066434.479,NA,"GIS",517.8,NA,"evergreenForest","mam",20120101,20240619,"ABBY"
"ABBY_014","C9","distributed","mammalGrid",45.74934,-122.317568,"WGS84","10N",553080.37,5066424.479,NA,"GIS",517.8,NA,"evergreenForest","mam",20120101,20240619,"ABBY"
"ABBY_014","D1","distributed","mammalGrid",45.750059,-122.317431,"WGS84","10N",553090.37,5066504.479,NA,"GIS",500.22,NA,"evergreenForest","mam",20120101,20240619,"ABBY"
"ABBY_014","D10","distributed","mammalGrid",45.749249,-122.31744,"WGS84","10N",553090.37,5066414.479,NA,"GIS",517.8,NA,"evergreenForest","mam",20120101,20240619,"ABBY"
"ABBY_014","D2","distributed","mammalGrid",45.749969,-122.317432,"WGS84","10N",553090.37,5066494.479,NA,"GIS",508.61,NA,"evergreenForest","mam",20120101,20240619,"ABBY"
"ABBY_014","D3","distributed","mammalGrid",45.749879,-122.317433,"WGS84","10N",553090.37,5066484.479,NA,"GIS",508.61,NA,"evergreenForest","mam",20120101,20240619,"ABBY"
"ABBY_014","D4","distributed","mammalGrid",45.749789,-122.317434,"WGS84","10N",553090.37,5066474.479,NA,"GIS",508.61,NA,"evergreenForest","mam",20120101,20240619,"ABBY"
"ABBY_014","D5","distributed","mammalGrid",45.749699,-122.317435,"WGS84","10N",553090.37,5066464.479,NA,"GIS",514.08,NA,"evergreenForest","mam",20120101,20240619,"ABBY"
"ABBY_014","D6","distributed","mammalGrid",45.749609,-122.317436,"WGS84","10N",553090.37,5066454.479,NA,"GIS",514.08,NA,"evergreenForest","mam",20120101,20240619,"ABBY"
"ABBY_014","D7","distributed","mammalGrid",45.749519,-122.317437,"WGS84","10N",553090.37,5066444.479,NA,"GIS",514.08,NA,"evergreenForest","mam",20120101,20240619,"ABBY"
"ABBY_014","D8","distributed","mammalGrid",45.749429,-122.317438,"WGS84","10N",553090.37,5066434.479,NA,"GIS",517.8,NA,"evergreenForest","mam",20120101,20240619,"ABBY"
"ABBY_014","D9","distributed","mammalGrid",45.749339,-122.317439,"WGS84","10N",553090.37,5066424.479,NA,"GIS",517.8,NA,"evergreenForest","mam",20120101,20240619,"ABBY"
"ABBY_014","E1","distributed","mammalGrid",45.750058,-122.317302,"WGS84","10N",553100.37,5066504.479,NA,"GIS",496.31,NA,"evergreenForest","mam",20120101,20240619,"ABBY"
"ABBY_014","E10","distributed","mammalGrid",45.749248,-122.317312,"WGS84","10N",553100.37,5066414.479,NA,"GIS",514.3,NA,"evergreenForest","mam",20120101,20240619,"ABBY"
"ABBY_014","E2","distributed","mammalGrid",45.749968,-122.317303,"WGS84","10N",553100.37,5066494.479,NA,"GIS",504.48,NA,"evergreenForest","mam",20120101,20240619,"ABBY"
"ABBY_014","E3","distributed","mammalGrid",45.749878,-122.317304,"WGS84","10N",553100.37,5066484.479,NA,"GIS",504.48,NA,"evergreenForest","mam",20120101,20240619,"ABBY"
"ABBY_014","E4","distributed","mammalGrid",45.749788,-122.317305,"WGS84","10N",553100.37,5066474.479,NA,"GIS",504.48,NA,"evergreenForest","mam",20120101,20240619,"ABBY"
"ABBY_014","E5","distributed","mammalGrid",45.749698,-122.317306,"WGS84","10N",553100.37,5066464.479,0.26,"Geo 7X (H-Star)",503.66,0.37,"evergreenForest","mam",20120101,20240619,"ABBY"
"ABBY_014","E6","distributed","mammalGrid",45.749608,-122.317308,"WGS84","10N",553100.37,5066454.479,NA,"GIS",510.07,NA,"evergreenForest","mam",20120101,20240619,"ABBY"
"ABBY_014","E7","distributed","mammalGrid",45.749518,-122.317309,"WGS84","10N",553100.37,5066444.479,NA,"GIS",510.07,NA,"evergreenForest","mam",20120101,20240619,"ABBY"
"ABBY_014","E8","distributed","mammalGrid",45.749428,-122.31731,"WGS84","10N",553100.37,5066434.479,NA,"GIS",514.3,NA,"evergreenForest","mam",20120101,20240619,"ABBY"
"ABBY_014","E9","distributed","mammalGrid",45.749338,-122.317311,"WGS84","10N",553100.37,5066424.479,NA,"GIS",514.3,NA,"evergreenForest","mam",20120101,20240619,"ABBY"
"ABBY_014","F1","distributed","mammalGrid",45.750058,-122.317174,"WGS84","10N",553110.37,5066504.479,NA,"GIS",496.31,NA,"evergreenForest","mam",20120101,20240619,"ABBY"
"ABBY_014","F10","distributed","mammalGrid",45.749248,-122.317183,"WGS84","10N",553110.37,5066414.479,NA,"GIS",514.3,NA,"evergreenForest","mam",20120101,20240619,"ABBY"
"ABBY_014","F2","distributed","mammalGrid",45.749968,-122.317174,"WGS84","10N",553110.37,5066494.479,NA,"GIS",504.48,NA,"evergreenForest","mam",20120101,20240619,"ABBY"
"ABBY_014","F3","distributed","mammalGrid",45.749878,-122.317176,"WGS84","10N",553110.37,5066484.479,NA,"GIS",504.48,NA,"evergreenForest","mam",20120101,20240619,"ABBY"
"ABBY_014","F4","distributed","mammalGrid",45.749788,-122.317177,"WGS84","10N",553110.37,5066474.479,NA,"GIS",504.48,NA,"evergreenForest","mam",20120101,20240619,"ABBY"
"ABBY_014","F5","distributed","mammalGrid",45.749698,-122.317178,"WGS84","10N",553110.37,5066464.479,NA,"GIS",510.07,NA,"evergreenForest","mam",20120101,20240619,"ABBY"
"ABBY_014","F6","distributed","mammalGrid",45.749608,-122.317179,"WGS84","10N",553110.37,5066454.479,NA,"GIS",510.07,NA,"evergreenForest","mam",20120101,20240619,"ABBY"
"ABBY_014","F7","distributed","mammalGrid",45.749518,-122.31718,"WGS84","10N",553110.37,5066444.479,NA,"GIS",510.07,NA,"evergreenForest","mam",20120101,20240619,"ABBY"
"ABBY_014","F8","distributed","mammalGrid",45.749428,-122.317181,"WGS84","10N",553110.37,5066434.479,NA,"GIS",514.3,NA,"evergreenForest","mam",20120101,20240619,"ABBY"
"ABBY_014","F9","distributed","mammalGrid",45.749338,-122.317182,"WGS84","10N",553110.37,5066424.479,NA,"GIS",514.3,NA,"evergreenForest","mam",20120101,20240619,"ABBY"
"ABBY_014","G1","distributed","mammalGrid",45.750057,-122.317045,"WGS84","10N",553120.37,5066504.479,NA,"GIS",496.31,NA,"evergreenForest","mam",20120101,20240619,"ABBY"
"ABBY_014","G10","distributed","mammalGrid",45.749247,-122.317055,"WGS84","10N",553120.37,5066414.479,NA,"GIS",514.3,NA,"evergreenForest","mam",20120101,20240619,"ABBY"
"ABBY_014","G2","distributed","mammalGrid",45.749967,-122.317046,"WGS84","10N",553120.37,5066494.479,NA,"GIS",504.48,NA,"evergreenForest","mam",20120101,20240619,"ABBY"
"ABBY_014","G3","distributed","mammalGrid",45.749877,-122.317047,"WGS84","10N",553120.37,5066484.479,NA,"GIS",504.48,NA,"evergreenForest","mam",20120101,20240619,"ABBY"
"ABBY_014","G4","distributed","mammalGrid",45.749787,-122.317048,"WGS84","10N",553120.37,5066474.479,NA,"GIS",504.48,NA,"evergreenForest","mam",20120101,20240619,"ABBY"
"ABBY_014","G5","distributed","mammalGrid",45.749697,-122.317049,"WGS84","10N",553120.37,5066464.479,NA,"GIS",510.07,NA,"evergreenForest","mam",20120101,20240619,"ABBY"
"ABBY_014","G6","distributed","mammalGrid",45.749607,-122.31705,"WGS84","10N",553120.37,5066454.479,NA,"GIS",510.07,NA,"evergreenForest","mam",20120101,20240619,"ABBY"
"ABBY_014","G7","distributed","mammalGrid",45.749517,-122.317052,"WGS84","10N",553120.37,5066444.479,NA,"GIS",510.07,NA,"evergreenForest","mam",20120101,20240619,"ABBY"
"ABBY_014","G8","distributed","mammalGrid",45.749427,-122.317053,"WGS84","10N",553120.37,5066434.479,NA,"GIS",514.3,NA,"evergreenForest","mam",20120101,20240619,"ABBY"
"ABBY_014","G9","distributed","mammalGrid",45.749337,-122.317054,"WGS84","10N",553120.37,5066424.479,NA,"GIS",514.3,NA,"evergreenForest","mam",20120101,20240619,"ABBY"
"ABBY_014","H1","distributed","mammalGrid",45.750056,-122.316916,"WGS84","10N",553130.37,5066504.479,NA,"GIS",493.08,NA,"evergreenForest","mam",20120101,20240619,"ABBY"
"ABBY_014","H10","distributed","mammalGrid",45.749246,-122.316926,"WGS84","10N",553130.37,5066414.479,NA,"GIS",511.86,NA,"evergreenForest","mam",20120101,20240619,"ABBY"
"ABBY_014","H2","distributed","mammalGrid",45.749966,-122.316917,"WGS84","10N",553130.37,5066494.479,NA,"GIS",500.48,NA,"evergreenForest","mam",20120101,20240619,"ABBY"
"ABBY_014","H3","distributed","mammalGrid",45.749876,-122.316918,"WGS84","10N",553130.37,5066484.479,NA,"GIS",500.48,NA,"evergreenForest","mam",20120101,20240619,"ABBY"
"ABBY_014","H4","distributed","mammalGrid",45.749786,-122.31692,"WGS84","10N",553130.37,5066474.479,NA,"GIS",500.48,NA,"evergreenForest","mam",20120101,20240619,"ABBY"
"ABBY_014","H5","distributed","mammalGrid",45.749696,-122.316921,"WGS84","10N",553130.37,5066464.479,NA,"GIS",506.46,NA,"evergreenForest","mam",20120101,20240619,"ABBY"
"ABBY_014","H6","distributed","mammalGrid",45.749606,-122.316922,"WGS84","10N",553130.37,5066454.479,NA,"GIS",506.46,NA,"evergreenForest","mam",20120101,20240619,"ABBY"
"ABBY_014","H7","distributed","mammalGrid",45.749516,-122.316923,"WGS84","10N",553130.37,5066444.479,NA,"GIS",506.46,NA,"evergreenForest","mam",20120101,20240619,"ABBY"
"ABBY_014","H8","distributed","mammalGrid",45.749426,-122.316924,"WGS84","10N",553130.37,5066434.479,NA,"GIS",511.86,NA,"evergreenForest","mam",20120101,20240619,"ABBY"
"ABBY_014","H9","distributed","mammalGrid",45.749336,-122.316925,"WGS84","10N",553130.37,5066424.479,NA,"GIS",511.86,NA,"evergreenForest","mam",20120101,20240619,"ABBY"
"ABBY_014","I1","distributed","mammalGrid",45.750055,-122.316788,"WGS84","10N",553140.37,5066504.479,NA,"GIS",493.08,NA,"evergreenForest","mam",20120101,20240619,"ABBY"
"ABBY_014","I10","distributed","mammalGrid",45.749245,-122.316798,"WGS84","10N",553140.37,5066414.479,NA,"GIS",511.86,NA,"evergreenForest","mam",20120101,20240619,"ABBY"
"ABBY_014","I2","distributed","mammalGrid",45.749965,-122.316789,"WGS84","10N",553140.37,5066494.479,NA,"GIS",500.48,NA,"evergreenForest","mam",20120101,20240619,"ABBY"
"ABBY_014","I3","distributed","mammalGrid",45.749875,-122.31679,"WGS84","10N",553140.37,5066484.479,NA,"GIS",500.48,NA,"evergreenForest","mam",20120101,20240619,"ABBY"
"ABBY_014","I4","distributed","mammalGrid",45.749785,-122.316791,"WGS84","10N",553140.37,5066474.479,NA,"GIS",500.48,NA,"evergreenForest","mam",20120101,20240619,"ABBY"
"ABBY_014","I5","distributed","mammalGrid",45.749695,-122.316792,"WGS84","10N",553140.37,5066464.479,NA,"GIS",506.46,NA,"evergreenForest","mam",20120101,20240619,"ABBY"
"ABBY_014","I6","distributed","mammalGrid",45.749605,-122.316793,"WGS84","10N",553140.37,5066454.479,NA,"GIS",506.46,NA,"evergreenForest","mam",20120101,20240619,"ABBY"
"ABBY_014","I7","distributed","mammalGrid",45.749515,-122.316794,"WGS84","10N",553140.37,5066444.479,NA,"GIS",506.46,NA,"evergreenForest","mam",20120101,20240619,"ABBY"
"ABBY_014","I8","distributed","mammalGrid",45.749425,-122.316796,"WGS84","10N",553140.37,5066434.479,NA,"GIS",511.86,NA,"evergreenForest","mam",20120101,20240619,"ABBY"
"ABBY_014","I9","distributed","mammalGrid",45.749335,-122.316797,"WGS84","10N",553140.37,5066424.479,NA,"GIS",511.86,NA,"evergreenForest","mam",20120101,20240619,"ABBY"
"ABBY_014","J1","distributed","mammalGrid",45.750054,-122.316659,"WGS84","10N",553150.37,5066504.479,NA,"GIS",493.08,NA,"evergreenForest","mam",20120101,20240619,"ABBY"
"ABBY_014","J10","distributed","mammalGrid",45.749244,-122.316669,"WGS84","10N",553150.37,5066414.479,NA,"GIS",511.86,NA,"evergreenForest","mam",20120101,20240619,"ABBY"
"ABBY_014","J2","distributed","mammalGrid",45.749964,-122.31666,"WGS84","10N",553150.37,5066494.479,NA,"GIS",500.48,NA,"evergreenForest","mam",20120101,20240619,"ABBY"
"ABBY_014","J3","distributed","mammalGrid",45.749874,-122.316661,"WGS84","10N",553150.37,5066484.479,NA,"GIS",500.48,NA,"evergreenForest","mam",20120101,20240619,"ABBY"
"ABBY_014","J4","distributed","mammalGrid",45.749784,-122.316663,"WGS84","10N",553150.37,5066474.479,NA,"GIS",500.48,NA,"evergreenForest","mam",20120101,20240619,"ABBY"
"ABBY_014","J5","distributed","mammalGrid",45.749694,-122.316664,"WGS84","10N",553150.37,5066464.479,NA,"GIS",506.46,NA,"evergreenForest","mam",20120101,20240619,"ABBY"
"ABBY_014","J6","distributed","mammalGrid",45.749604,-122.316665,"WGS84","10N",553150.37,5066454.479,NA,"GIS",506.46,NA,"evergreenForest","mam",20120101,20240619,"ABBY"
"ABBY_014","J7","distributed","mammalGrid",45.749514,-122.316666,"WGS84","10N",553150.37,5066444.479,NA,"GIS",506.46,NA,"evergreenForest","mam",20120101,20240619,"ABBY"
"ABBY_014","J8","distributed","mammalGrid",45.749424,-122.316667,"WGS84","10N",553150.37,5066434.479,NA,"GIS",511.86,NA,"evergreenForest","mam",20120101,20240619,"ABBY"
"ABBY_014","J9","distributed","mammalGrid",45.749334,-122.316668,"WGS84","10N",553150.37,5066424.479,NA,"GIS",511.86,NA,"evergreenForest","mam",20120101,20240619,"ABBY"
"DSNY_022","31","distributed","basePlot",28.083144,-81.392361,"WGS84","17N",461451.551,3106474.835,0.1,"GeoXH 6000",20.5,0.1,"woodyWetlands","cfc",20120101,20240619,"DSNY"
"DSNY_022","33","distributed","basePlot",28.083139,-81.392166,"WGS84","17N",461470.68,3106474.223,0.1,"GeoXH 6000",20.32,0.1,"woodyWetlands","cfc",20120101,20240619,"DSNY"
