{
"type": "FeatureCollection",
"name": "D14_SYCA_A1_P1_v2",
"crs": { "type": "name", "properties": { "name": "urn:ogc:def:crs:OGC:1.3:CRS84" } },
"features": [
{ "type": "Feature", "properties": { "domain": "D14", "domainName": "Desert Southwest", "siteName": "Sycamore Creek NEON", "siteID": "SYCA", "siteType": "Core", "sampleType": "Aquatic", "priority": 1, "version": 2, "flightbxID": "D14_SYCA_A1_P1_v2" }, "geometry": { "type": "Polygon", "coordinates": [ [ [ -111.382233126761435, 33.760375566924836 ], [ -111.382325720761855, 33.760375566924836 ], [ -111.382325720761855, 33.760282973823792 ], [ -111.38241831206426, 33.760282973823792 ], [ -111.38241831206426, 33.76019038252133 ], [ -111.382325720761855, 33.76019038252133 ], [ -111.382325720761855, 33.760282973823792 ], [ -111.382233126761435, 33.760282973823792 ], [ -111.382233126761435, 33.760375566924836 ], [ -111.382047941458552, 33.760375566924836 ], [ -111.382047941458552, 33.760282973823792 ], [ -111.381955349256828, 33.760282973823792 ], [ -111.381955349256828, 33.76019038252133 ], [ -111.381862757055046, 33.76019038252133 ], [ -111.381862757055046, 33.760097788520909 ], [ -111.381770163953945, 33.760097788520909 ], [ -111.381770163953945, 33.75972741971384 ], [ -111.381677570852844, 33.75972741971384 ], [ -111.381677570852844, 33.75963482571342 ], [ -111.381770163953945, 33.75963482571342 ], [ -111.381770163953945, 33.759357048208813 ], [ -111.381862757055046, 33.759357048208813 ], [ -111.381862757055046, 33.759264456007031 ], [ -111.381955349256828, 33.759264456007031 ], [ -111.381955349256828, 33.759171862905987 ], [ -111.382047941458552, 33.759171862905987 ], [ -111.382047941458552, 33.759079270704206 ], [ -111.382140534559653, 33.759079270704206 ], [ -111.382140534559653, 33.758986677603104 ], [ -111.382233126761435, 33.758986677603104 ], [ -111.382233126761435, 33.758894085401323 ], [ -111.382325720761855, 33.758894085401323 ], [ -111.382325720761855, 33.758801493199599 ], [ -111.38241831206426, 33.758801493199599 ], [ -111.38241831206426, 33.75787556578598 ], [ -111.382510904266042, 33.75787556578598 ], [ -111.382510904266042, 33.757782974483519 ], [ -111.382603497367143, 33.757782974483519 ], [ -111.382603497367143, 33.757597789180693 ], [ -111.382696089568867, 33.757597789180693 ], [ -111.382696089568867, 33.757505196079592 ], [ -111.382788683569288, 33.757505196079592 ], [ -111.382788683569288, 33.757412602978491 ], [ -111.38288127487175, 33.757412602978491 ], [ -111.38288127487175, 33.757320010776709 ], [ -111.382973867972851, 33.757320010776709 ], [ -111.382973867972851, 33.757227417675665 ], [ -111.383066460174632, 33.757227417675665 ], [ -111.383066460174632, 33.757134826373203 ], [ -111.383159052376357, 33.757134826373203 ], [ -111.383159052376357, 33.756764454868176 ], [ -111.383251646376777, 33.756764454868176 ], [ -111.383251646376777, 33.756671862666394 ], [ -111.383344237679239, 33.756671862666394 ], [ -111.383344237679239, 33.756301492060686 ], [ -111.38343683167966, 33.756301492060686 ], [ -111.38343683167966, 33.756208899858905 ], [ -111.383529422982065, 33.756208899858905 ], [ -111.383529422982065, 33.75611630675786 ], [ -111.383714609184267, 33.75611630675786 ], [ -111.383714609184267, 33.756023714556079 ], [ -111.383807200486672, 33.756023714556079 ], [ -111.383807200486672, 33.755931122354298 ], [ -111.383992385789554, 33.755931122354298 ], [ -111.383992385789554, 33.755838529253197 ], [ -111.384084978890655, 33.755838529253197 ], [ -111.384084978890655, 33.755745936152152 ], [ -111.384177571991756, 33.755745936152152 ], [ -111.384177571991756, 33.755468158647489 ], [ -111.384084978890655, 33.755468158647489 ], [ -111.384084978890655, 33.755190381142882 ], [ -111.383992385789554, 33.755190381142882 ], [ -111.383992385789554, 33.754264454628583 ], [ -111.384084978890655, 33.754264454628583 ], [ -111.384084978890655, 33.754079270225077 ], [ -111.384177571991756, 33.754079270225077 ], [ -111.384177571991756, 33.753986677123976 ], [ -111.384270164193481, 33.753986677123976 ], [ -111.384270164193481, 33.753894084022875 ], [ -111.384362757294582, 33.753894084022875 ], [ -111.384362757294582, 33.75380149182115 ], [ -111.384455348597044, 33.75380149182115 ], [ -111.384455348597044, 33.753708898720049 ], [ -111.384547942597464, 33.753708898720049 ], [ -111.384547942597464, 33.753616306518268 ], [ -111.384640534799189, 33.753616306518268 ], [ -111.384640534799189, 33.753523714316543 ], [ -111.38473312700097, 33.753523714316543 ], [ -111.38473312700097, 33.753338529013661 ], [ -111.384918312303853, 33.753338529013661 ], [ -111.384918312303853, 33.753431121215442 ], [ -111.385751645716994, 33.753431121215442 ], [ -111.385751645716994, 33.753338529013661 ], [ -111.385844238818095, 33.753338529013661 ], [ -111.385844237918775, 33.75324593591256 ], [ -111.385936831019876, 33.75324593591256 ], [ -111.385936831019876, 33.753153342811459 ], [ -111.386029424120977, 33.753153342811459 ], [ -111.386029424120977, 33.753060751509054 ], [ -111.386214608524483, 33.753060751509054 ], [ -111.386214608524483, 33.752968157508633 ], [ -111.386307202524904, 33.752968157508633 ], [ -111.386307202524904, 33.752690380004026 ], [ -111.386399793827366, 33.752690380004026 ], [ -111.386399793827366, 33.752505194701143 ], [ -111.386307200726264, 33.752505194701143 ], [ -111.386307200726264, 33.752412603398739 ], [ -111.386214608524483, 33.752412603398739 ], [ -111.386214608524483, 33.752320010297638 ], [ -111.386122016322759, 33.752320010297638 ], [ -111.386122016322759, 33.752227417196536 ], [ -111.386214608524483, 33.752227417196536 ], [ -111.386214608524483, 33.751764454389047 ], [ -111.386307200726264, 33.751764454389047 ], [ -111.386307200726264, 33.751671862187266 ], [ -111.386399793827366, 33.751671862187266 ], [ -111.386399793827366, 33.75148667598512 ], [ -111.386492386928467, 33.75148667598512 ], [ -111.386492386928467, 33.751394083783339 ], [ -111.386399793827366, 33.751394083783339 ], [ -111.386399793827366, 33.751023713177631 ], [ -111.386492386928467, 33.751023713177631 ], [ -111.386492386928467, 33.750745935673024 ], [ -111.386584979130191, 33.750745935673024 ], [ -111.386584979130191, 33.750468158168417 ], [ -111.386677572231292, 33.750468158168417 ], [ -111.386677572231292, 33.750375565067316 ], [ -111.386770163533754, 33.750375565067316 ], [ -111.386770163533754, 33.749820010058045 ], [ -111.387233127240563, 33.749820010058045 ], [ -111.387233127240563, 33.749912601360506 ], [ -111.387325720341607, 33.749912601360506 ], [ -111.387325720341607, 33.750190380663753 ], [ -111.38751090474517, 33.750190380663753 ], [ -111.38751090474517, 33.750282972865534 ], [ -111.388159053754805, 33.750282972865534 ], [ -111.388159053754805, 33.750375565067316 ], [ -111.388251645956586, 33.750375565067316 ], [ -111.388251645956586, 33.750468158168417 ], [ -111.388344239057687, 33.750468158168417 ], [ -111.388344239057687, 33.750560749470822 ], [ -111.388436831259412, 33.750560749470822 ], [ -111.388436831259412, 33.750653343471242 ], [ -111.388529423461193, 33.750653343471242 ], [ -111.388529423461193, 33.750745935673024 ], [ -111.38880720186512, 33.750745935673024 ], [ -111.38880720186512, 33.750838527874748 ], [ -111.388992387168003, 33.750838527874748 ], [ -111.388992387168003, 33.750931120975849 ], [ -111.389270165571929, 33.750931120975849 ], [ -111.389270165571929, 33.751023713177631 ], [ -111.389362757773711, 33.751023713177631 ], [ -111.389362757773711, 33.751116306278732 ], [ -111.390103498085807, 33.751116306278732 ], [ -111.390103498085807, 33.751023713177631 ], [ -111.390288684288009, 33.751023713177631 ], [ -111.390288684288009, 33.751116306278732 ], [ -111.391307202104713, 33.751116306278732 ], [ -111.391307202104713, 33.751208897581137 ], [ -111.391492388306915, 33.751208897581137 ], [ -111.391492388306915, 33.751301491581557 ], [ -111.391770164912202, 33.751301491581557 ], [ -111.391770164912202, 33.751394083783339 ], [ -111.391862758013247, 33.751394083783339 ], [ -111.391862758013247, 33.75148667598512 ], [ -111.391955351114348, 33.75148667598512 ], [ -111.391955351114348, 33.751579269086221 ], [ -111.392233128618955, 33.751579269086221 ], [ -111.392233128618955, 33.75148667598512 ], [ -111.392325721720056, 33.75148667598512 ], [ -111.392325721720056, 33.751394083783339 ], [ -111.392510905224299, 33.751394083783339 ], [ -111.392510905224299, 33.75148667598512 ], [ -111.39260349922472, 33.75148667598512 ], [ -111.39260349922472, 33.751579269086221 ], [ -111.392696091426444, 33.751579269086221 ], [ -111.392696091426444, 33.751671861287946 ], [ -111.392788684527545, 33.751671861287946 ], [ -111.392788684527545, 33.751764454389047 ], [ -111.39343683353718, 33.751764454389047 ], [ -111.39343683353718, 33.751857046590828 ], [ -111.39389979634467, 33.751857045691509 ], [ -111.39389979634467, 33.751949638792553 ], [ -111.393992387647131, 33.751949638792553 ], [ -111.393992387647131, 33.752042231893654 ], [ -111.394084981647552, 33.752042231893654 ], [ -111.394084981647552, 33.752134824095435 ], [ -111.394177572949957, 33.752134824095435 ], [ -111.394177572949957, 33.752227417196536 ], [ -111.394640536656766, 33.752227417196536 ], [ -111.394640535757446, 33.752134824095435 ], [ -111.395103499464255, 33.752134824095435 ], [ -111.395103499464255, 33.752042231893654 ], [ -111.395473870069964, 33.752042231893654 ], [ -111.395473870069964, 33.751949638792553 ], [ -111.395751647574571, 33.751949638792553 ], [ -111.395751647574571, 33.751857045691509 ], [ -111.395844240675672, 33.751857045691509 ], [ -111.395844240675672, 33.751764454389047 ], [ -111.395936832877453, 33.751764454389047 ], [ -111.395936832877453, 33.751671861287946 ], [ -111.396029426877874, 33.751671861287946 ], [ -111.396029426877874, 33.751579269086221 ], [ -111.396122018180279, 33.751579269086221 ], [ -111.396122018180279, 33.75148667598512 ], [ -111.39621461038206, 33.75148667598512 ], [ -111.39621461038206, 33.751394082884019 ], [ -111.396399795684886, 33.751394082884019 ], [ -111.396399795684886, 33.75148667598512 ], [ -111.396862758492375, 33.75148667598512 ], [ -111.396862758492375, 33.751394082884019 ], [ -111.397140537795678, 33.751394082884019 ], [ -111.397140537795678, 33.751301491581557 ], [ -111.397233129997403, 33.751301491581557 ], [ -111.397233129997403, 33.751208897581137 ], [ -111.397325721299865, 33.751208897581137 ], [ -111.397325721299865, 33.751116305379412 ], [ -111.397418315300285, 33.751116305379412 ], [ -111.397418315300285, 33.751023713177631 ], [ -111.39751090660269, 33.751023713177631 ], [ -111.39751090660269, 33.75093112007653 ], [ -111.397603500603111, 33.75093112007653 ], [ -111.397603500603111, 33.750838527874748 ], [ -111.397696092804892, 33.750838527874748 ], [ -111.397696092804892, 33.750745934773704 ], [ -111.397788685006674, 33.750745934773704 ], [ -111.397788685006674, 33.750653341672603 ], [ -111.39797386941018, 33.750653341672603 ], [ -111.39797386941018, 33.750560749470822 ], [ -111.398159055612382, 33.750560749470822 ], [ -111.398159055612382, 33.75046815726904 ], [ -111.398251648713483, 33.75046815726904 ], [ -111.398251648713483, 33.750375565067316 ], [ -111.398344240915208, 33.750375565067316 ], [ -111.398344240915208, 33.750282971966215 ], [ -111.398622018419871, 33.750282971966215 ], [ -111.398622018419871, 33.750190378865113 ], [ -111.398807203722697, 33.750190378865113 ], [ -111.398807203722697, 33.750097786663332 ], [ -111.399270166530187, 33.750097786663332 ], [ -111.399270166530187, 33.750005194461608 ], [ -111.399640537135895, 33.750005194461608 ], [ -111.399640537135895, 33.750190378865113 ], [ -111.399733130236996, 33.750190378865113 ], [ -111.399733130236996, 33.750097786663332 ], [ -111.399918314640502, 33.750097786663332 ], [ -111.399918314640502, 33.750005194461608 ], [ -111.400103499943384, 33.750005194461608 ], [ -111.400103499943384, 33.749820009158725 ], [ -111.400196093044485, 33.749820009158725 ], [ -111.400196093044485, 33.749727416057624 ], [ -111.400288686145529, 33.749727416057624 ], [ -111.400288686145529, 33.749634823855899 ], [ -111.400381277447991, 33.749634823855899 ], [ -111.400381277447991, 33.749542230754798 ], [ -111.400473871448412, 33.749542230754798 ], [ -111.400473871448412, 33.749449637653697 ], [ -111.400659055851918, 33.749449637653697 ], [ -111.400659055851918, 33.749357046351236 ], [ -111.401214611760508, 33.749357046351236 ], [ -111.401214611760508, 33.749449637653697 ], [ -111.401492390164435, 33.749449637653697 ], [ -111.401492390164435, 33.749542230754798 ], [ -111.401584982366217, 33.749542230754798 ], [ -111.401584982366217, 33.749357046351236 ], [ -111.401677574567998, 33.749357046351236 ], [ -111.401677574567998, 33.749264453250191 ], [ -111.401770166769722, 33.749264453250191 ], [ -111.401770166769722, 33.74917186104841 ], [ -111.402418315779414, 33.74917186014909 ], [ -111.402418315779414, 33.749079267947309 ], [ -111.40260350108224, 33.749079267947309 ], [ -111.40260350108224, 33.74917186014909 ], [ -111.402696093284021, 33.74917186014909 ], [ -111.402696093284021, 33.749357046351236 ], [ -111.402881279486223, 33.749357046351236 ], [ -111.402881279486223, 33.749449637653697 ], [ -111.402973870788628, 33.749449637653697 ], [ -111.402973870788628, 33.749542230754798 ], [ -111.403066463889729, 33.749542230754798 ], [ -111.403066463889729, 33.749634822956523 ], [ -111.403807205101145, 33.749634822956523 ], [ -111.403807205101145, 33.749542230754798 ], [ -111.403899797302927, 33.749542230754798 ], [ -111.403899797302927, 33.749449637653697 ], [ -111.404084982605752, 33.749449637653697 ], [ -111.404084982605752, 33.749357046351236 ], [ -111.405103501321832, 33.749357046351236 ], [ -111.405103501321832, 33.749449637653697 ], [ -111.405196094422877, 33.749449637653697 ], [ -111.405196094422877, 33.749542230754798 ], [ -111.405751650331467, 33.749542230754798 ], [ -111.405751650331467, 33.749449637653697 ], [ -111.406029426936755, 33.749449637653697 ], [ -111.406029427836074, 33.749634822956523 ], [ -111.406307205340681, 33.749634822956523 ], [ -111.406307205340681, 33.749727416057624 ], [ -111.406399797542463, 33.749727416057624 ], [ -111.406399797542463, 33.749820009158725 ], [ -111.406492391542884, 33.749820009158725 ], [ -111.406492391542884, 33.749912600461187 ], [ -111.406584982845345, 33.749912600461187 ], [ -111.406584982845345, 33.750005194461608 ], [ -111.406677575946446, 33.750005194461608 ], [ -111.406677575946446, 33.750097785764012 ], [ -111.407140538753879, 33.750097785764012 ], [ -111.407140538753879, 33.750190378865113 ], [ -111.407418317157862, 33.750190378865113 ], [ -111.407418317157862, 33.750282971066895 ], [ -111.407973872167076, 33.750282971066895 ], [ -111.407973872167076, 33.750375564167996 ], [ -111.408066465268178, 33.750375564167996 ], [ -111.408066465268178, 33.75046815726904 ], [ -111.408159057469959, 33.75046815726904 ], [ -111.408159057469959, 33.750560748571502 ], [ -111.408251650571003, 33.750560748571502 ], [ -111.408251650571003, 33.750653341672603 ], [ -111.408344242772785, 33.750653341672603 ], [ -111.408344242772785, 33.750745933874327 ], [ -111.408436834974566, 33.750745933874327 ], [ -111.408436834974566, 33.750838526975429 ], [ -111.408714613378493, 33.750838526975429 ], [ -111.408714613378493, 33.75093112007653 ], [ -111.409362762388184, 33.75093112007653 ], [ -111.409362762388184, 33.750838526975429 ], [ -111.410566465507713, 33.750838526975429 ], [ -111.410566465507713, 33.75093112007653 ], [ -111.410936836113422, 33.75093112007653 ], [ -111.410936836113422, 33.750838526975429 ], [ -111.411029428315203, 33.750838526975429 ], [ -111.411029428315203, 33.750745933874327 ], [ -111.411122021416304, 33.750745933874327 ], [ -111.411122021416304, 33.750653341672603 ], [ -111.411492392022012, 33.750653341672603 ], [ -111.411492392022012, 33.750560748571502 ], [ -111.411862761728401, 33.750560748571502 ], [ -111.411862761728401, 33.750653341672603 ], [ -111.413529429454115, 33.750653341672603 ], [ -111.413529429454115, 33.750560748571502 ], [ -111.413714614756941, 33.750560748571502 ], [ -111.413714614756941, 33.75046815636972 ], [ -111.413807206958722, 33.75046815636972 ], [ -111.413807206958722, 33.750375564167996 ], [ -111.413899799160504, 33.750375564167996 ], [ -111.413899799160504, 33.750282971066895 ], [ -111.413992392261548, 33.750282971066895 ], [ -111.413992392261548, 33.750190378865113 ], [ -111.414084984463329, 33.750190378865113 ], [ -111.414084984463329, 33.750097785764012 ], [ -111.414270169766212, 33.750097785764012 ], [ -111.414270169766212, 33.750005192662911 ], [ -111.414362763766633, 33.750005192662911 ], [ -111.414362763766633, 33.749634822956523 ], [ -111.414455355069038, 33.749634822956523 ], [ -111.414455355069038, 33.749542229855479 ], [ -111.415381280684016, 33.749542229855479 ], [ -111.415381280684016, 33.749634822956523 ], [ -111.415751652189044, 33.749634822956523 ], [ -111.415751652189044, 33.749727415158304 ], [ -111.416029429693651, 33.749727415158304 ], [ -111.416029429693651, 33.749820008259405 ], [ -111.416122021895433, 33.749820008259405 ], [ -111.416122021895433, 33.749912600461187 ], [ -111.416584985602242, 33.749912600461187 ], [ -111.416584985602242, 33.749820008259405 ], [ -111.417233132813237, 33.749820008259405 ], [ -111.417233132813237, 33.749727415158304 ], [ -111.417603503418945, 33.749727415158304 ], [ -111.417603503418945, 33.749634822956523 ], [ -111.417881281822872, 33.749634822956523 ], [ -111.417881281822872, 33.749542229855479 ], [ -111.417973874024653, 33.749542229855479 ], [ -111.417973874024653, 33.749449636754377 ], [ -111.418066467125755, 33.749449636754377 ], [ -111.418066467125755, 33.749357045451916 ], [ -111.418159060226799, 33.749357045451916 ], [ -111.418159060226799, 33.749264452350815 ], [ -111.418529429933187, 33.749264452350815 ], [ -111.418529429933187, 33.74917186014909 ], [ -111.419270171144603, 33.74917186014909 ], [ -111.419270171144603, 33.749079267047989 ], [ -111.420103503658481, 33.749079267047989 ], [ -111.420103503658481, 33.748986673946888 ], [ -111.420288689860683, 33.748986673946888 ], [ -111.420288689860683, 33.748894081745107 ], [ -111.420381282062465, 33.748894081745107 ], [ -111.420381282062465, 33.748801488644006 ], [ -111.420473875163509, 33.748801488644006 ], [ -111.420473875163509, 33.748708896442281 ], [ -111.42056646736529, 33.748708896442281 ], [ -111.42056646736529, 33.7486163042405 ], [ -111.420659060466392, 33.7486163042405 ], [ -111.420659060466392, 33.748431118937674 ], [ -111.420751652668173, 33.748431118937674 ], [ -111.420751652668173, 33.748338525836573 ], [ -111.420844244869897, 33.748338525836573 ], [ -111.420844244869897, 33.748060748331966 ], [ -111.420936837970999, 33.748060748331966 ], [ -111.420936837970999, 33.747875563029083 ], [ -111.42102943017278, 33.747875563029083 ], [ -111.42102943017278, 33.747782969927982 ], [ -111.421122023273881, 33.747782969927982 ], [ -111.421122023273881, 33.747690377726201 ], [ -111.421214616374925, 33.747690377726201 ], [ -111.421214616374925, 33.747505192423375 ], [ -111.421307207677387, 33.747505192423375 ], [ -111.421307207677387, 33.747412600221594 ], [ -111.421399800778488, 33.747412600221594 ], [ -111.421399800778488, 33.747320007120493 ], [ -111.421492392980269, 33.747320007120493 ], [ -111.421492392980269, 33.747227414918768 ], [ -111.421584986081314, 33.747227414918768 ], [ -111.421584986081314, 33.746764452111279 ], [ -111.421492392980269, 33.746764452111279 ], [ -111.421492392980269, 33.744820006880957 ], [ -111.421584986081314, 33.744820006880957 ], [ -111.421584986081314, 33.74454222937635 ], [ -111.421677578283095, 33.74454222937635 ], [ -111.421677578283095, 33.744264450972366 ], [ -111.421770171384196, 33.744264450972366 ], [ -111.421770171384196, 33.743986673467759 ], [ -111.421862763585978, 33.743986673467759 ], [ -111.421862763585978, 33.743616303761371 ], [ -111.421955355787702, 33.743616303761371 ], [ -111.421955355787702, 33.74352370976095 ], [ -111.422047948888803, 33.74352370976095 ], [ -111.422047948888803, 33.742875561650635 ], [ -111.422140541090585, 33.742875561650635 ], [ -111.422140541090585, 33.74278297034823 ], [ -111.422233134191686, 33.74278297034823 ], [ -111.422233134191686, 33.742690376347809 ], [ -111.42232572729273, 33.742690376347809 ], [ -111.42232572729273, 33.742597784146028 ], [ -111.422418319494511, 33.742597784146028 ], [ -111.422418319494511, 33.742505191944247 ], [ -111.422510911696293, 33.742505191944247 ], [ -111.422510911696293, 33.742412598843146 ], [ -111.422603503898074, 33.742412598843146 ], [ -111.422603503898074, 33.742320007540741 ], [ -111.422696096999118, 33.742320007540741 ], [ -111.422696096999118, 33.74222741354032 ], [ -111.422788690100219, 33.74222741354032 ], [ -111.422788690100219, 33.742042228237437 ], [ -111.422881282302001, 33.742042228237437 ], [ -111.422881282302001, 33.741671858531049 ], [ -111.422973874503782, 33.741671858531049 ], [ -111.422973874503782, 33.740097783906435 ], [ -111.422881282302001, 33.740097783906435 ], [ -111.422881282302001, 33.740005190805391 ], [ -111.42278868830158, 33.740005190805391 ], [ -111.42278868830158, 33.739912599502929 ], [ -111.422696096999118, 33.739912599502929 ], [ -111.422696096999118, 33.739820005502509 ], [ -111.42278868830158, 33.739820005502509 ], [ -111.42278868830158, 33.739727414200104 ], [ -111.422881282302001, 33.739727414200104 ], [ -111.422881282302001, 33.739634821099003 ], [ -111.422973874503782, 33.739634821099003 ], [ -111.422973874503782, 33.73944963579612 ], [ -111.423066467604826, 33.73944963579612 ], [ -111.423066467604826, 33.739264451392614 ], [ -111.423159059806608, 33.739264451392614 ], [ -111.423159059806608, 33.739171857392193 ], [ -111.42334424510949, 33.739171857392193 ], [ -111.42334424510949, 33.739079265190412 ], [ -111.423529430412316, 33.739079265190412 ], [ -111.423529430412316, 33.738986672988631 ], [ -111.423622022614097, 33.738986672988631 ], [ -111.423622022614097, 33.738523710181198 ], [ -111.423714615715198, 33.738523710181198 ], [ -111.423714615715198, 33.738431117080097 ], [ -111.423807207916923, 33.738431117080097 ], [ -111.423807207916923, 33.738245931777215 ], [ -111.423899801018024, 33.738245931777215 ], [ -111.423899801018024, 33.73815333957549 ], [ -111.423992393219805, 33.73815333957549 ], [ -111.423992393219805, 33.738060746474389 ], [ -111.424084985421587, 33.738060746474389 ], [ -111.424084985421587, 33.737968154272608 ], [ -111.424177578522631, 33.737968154272608 ], [ -111.424177578522631, 33.737875561171506 ], [ -111.424270170724412, 33.737875561171506 ], [ -111.424270170724412, 33.737782968969782 ], [ -111.424362764724833, 33.737782968969782 ], [ -111.424362764724833, 33.737690375868681 ], [ -111.424455356027295, 33.737690375868681 ], [ -111.424455356027295, 33.737597783666899 ], [ -111.424547949128339, 33.737597783666899 ], [ -111.424547949128339, 33.737505191465118 ], [ -111.42464054133012, 33.737505191465118 ], [ -111.42464054133012, 33.737412597464697 ], [ -111.424733133531902, 33.737412597464697 ], [ -111.424733133531902, 33.737320006162292 ], [ -111.424825727532323, 33.737320006162292 ], [ -111.424825727532323, 33.737227413061191 ], [ -111.424918318834727, 33.737227413061191 ], [ -111.424918318834727, 33.73713482085941 ], [ -111.425010911935829, 33.73713482085941 ], [ -111.425010911935829, 33.737042227758366 ], [ -111.425196096339391, 33.737042227758366 ], [ -111.425196096339391, 33.736949634657265 ], [ -111.425288690339812, 33.736949634657265 ], [ -111.425288690339812, 33.736857043354803 ], [ -111.425381281642217, 33.736857043354803 ], [ -111.425381281642217, 33.736764450253702 ], [ -111.425844244449706, 33.736764450253702 ], [ -111.425844244449706, 33.736671857152601 ], [ -111.425936838450127, 33.736671857152601 ], [ -111.425936838450127, 33.736579264950876 ], [ -111.426029430651909, 33.736579264950876 ], [ -111.426029430651909, 33.736486671849775 ], [ -111.426122023752953, 33.736486671849775 ], [ -111.426122023752953, 33.736394079647994 ], [ -111.426492393459341, 33.736394079647994 ], [ -111.426492393459341, 33.736301486546893 ], [ -111.426770170964005, 33.736301486546893 ], [ -111.426770170964005, 33.736208894345168 ], [ -111.426862764065049, 33.736208894345168 ], [ -111.426862764065049, 33.736116302143387 ], [ -111.426955356266831, 33.736116302143387 ], [ -111.426955356266831, 33.735931116840504 ], [ -111.427047949367932, 33.735931116840504 ], [ -111.427047949367932, 33.73583852373946 ], [ -111.42741832087296, 33.73583852373946 ], [ -111.42741832087296, 33.735745930638359 ], [ -111.427696098377567, 33.735745930638359 ], [ -111.427696097478247, 33.735653339335897 ], [ -111.427881283680449, 33.735653339335897 ], [ -111.427881283680449, 33.735560746234796 ], [ -111.428066467184635, 33.735560746234796 ], [ -111.428066467184635, 33.735468153133752 ], [ -111.428159061185056, 33.735468153133752 ], [ -111.428159061185056, 33.735375560931971 ], [ -111.428344246487939, 33.735375560931971 ], [ -111.428344246487939, 33.735282967830869 ], [ -111.428436837790343, 33.735282967830869 ], [ -111.428436837790343, 33.735190375629088 ], [ -111.428529431790764, 33.735190375629088 ], [ -111.428529431790764, 33.735097783427364 ], [ -111.428622023992546, 33.735097783427364 ], [ -111.428622023992546, 33.735005190326262 ], [ -111.42871461529495, 33.735005190326262 ], [ -111.42871461529495, 33.734912598124481 ], [ -111.428807209295371, 33.734912598124481 ], [ -111.428807209295371, 33.73482000502338 ], [ -111.428899800597833, 33.73482000502338 ], [ -111.428899800597833, 33.734727412821655 ], [ -111.428992394598254, 33.734727412821655 ], [ -111.428992394598254, 33.734634819720554 ], [ -111.429084986800035, 33.734634819720554 ], [ -111.429084986800035, 33.734449635316992 ], [ -111.42917757900176, 33.734449635316992 ], [ -111.42917757900176, 33.734357042215947 ], [ -111.429270172102861, 33.734357042215947 ], [ -111.429270172102861, 33.733616301004474 ], [ -111.429362763405322, 33.733616301004474 ], [ -111.429362763405322, 33.733431115701649 ], [ -111.429455357405743, 33.733431115701649 ], [ -111.429455357405743, 33.733338522600548 ], [ -111.429547949607468, 33.733338522600548 ], [ -111.429547949607468, 33.733245931298143 ], [ -111.429640541809249, 33.733245931298143 ], [ -111.429640541809249, 33.733153338197042 ], [ -111.429918320213176, 33.733153338197042 ], [ -111.429918320213176, 33.73306074599526 ], [ -111.430103505516058, 33.73306074599526 ], [ -111.430103505516058, 33.732968152894159 ], [ -111.43019609771784, 33.732968152894159 ], [ -111.43019609771784, 33.732875559793058 ], [ -111.430288689919564, 33.732875559793058 ], [ -111.430288689919564, 33.732690374490232 ], [ -111.430381283020665, 33.732690374490232 ], [ -111.430381283020665, 33.732597783187771 ], [ -111.430936838929256, 33.732597783187771 ], [ -111.430936838929256, 33.73250519008667 ], [ -111.43102943113098, 33.73250519008667 ], [ -111.43102943113098, 33.732412596985625 ], [ -111.431214616433863, 33.732412596985625 ], [ -111.431214616433863, 33.732320004783844 ], [ -111.431399802636065, 33.732320004783844 ], [ -111.431399802636065, 33.732227411682743 ], [ -111.43149239393847, 33.732227411682743 ], [ -111.43149239393847, 33.732134819480962 ], [ -111.431584987039571, 33.732134819480962 ], [ -111.431584987039571, 33.732042226379917 ], [ -111.431770171443077, 33.732042226379917 ], [ -111.431770171443077, 33.732134819480962 ], [ -111.431955356745959, 33.732134819480962 ], [ -111.431955356745959, 33.732227411682743 ], [ -111.43204794984706, 33.732227411682743 ], [ -111.43204794984706, 33.732320004783844 ], [ -111.432140542948162, 33.732320004783844 ], [ -111.432140542948162, 33.732412596985625 ], [ -111.432325728250987, 33.732412596985625 ], [ -111.432325728250987, 33.73250519008667 ], [ -111.432603505755594, 33.73250519008667 ], [ -111.432603505755594, 33.732412596985625 ], [ -111.432788691058477, 33.732412596985625 ], [ -111.432788691058477, 33.732320004783844 ], [ -111.432973876361302, 33.732320004783844 ], [ -111.432973876361302, 33.732227411682743 ], [ -111.433066468563084, 33.732227411682743 ], [ -111.433066468563084, 33.732134819480962 ], [ -111.433159060764865, 33.732134819480962 ], [ -111.433159060764865, 33.732042226379917 ], [ -111.433251653865966, 33.732042226379917 ], [ -111.433251653865966, 33.731857041976355 ], [ -111.43334424696701, 33.731857041976355 ], [ -111.433344246067691, 33.731579263572428 ], [ -111.433436839168792, 33.731579263572428 ], [ -111.433436839168792, 33.731486671370646 ], [ -111.433714616673399, 33.731486671370646 ], [ -111.433714616673399, 33.731394079168865 ], [ -111.433899801976281, 33.731394079168865 ], [ -111.433899801976281, 33.731301486067821 ], [ -111.434455357884815, 33.731301486067821 ], [ -111.434455357884815, 33.731394078269545 ], [ -111.434918320692304, 33.731394078269545 ], [ -111.434918320692304, 33.731486671370646 ], [ -111.435103505995187, 33.731486671370646 ], [ -111.435103505995187, 33.731579263572428 ], [ -111.435381284399114, 33.731579263572428 ], [ -111.435381284399114, 33.731671855774209 ], [ -111.43612202471121, 33.731671855774209 ], [ -111.43612202471121, 33.731764448875253 ], [ -111.436584988418019, 33.731764448875253 ], [ -111.436584988418019, 33.731857041077035 ], [ -111.436677580619801, 33.731857041077035 ], [ -111.436677580619801, 33.731949634178136 ], [ -111.436770172821525, 33.731949634178136 ], [ -111.436770172821525, 33.732042226379917 ], [ -111.437047951225509, 33.732042226379917 ], [ -111.437047951225509, 33.732134819480962 ], [ -111.437233136528334, 33.732134819480962 ], [ -111.437233136528334, 33.732042226379917 ], [ -111.43741832093184, 33.732042226379917 ], [ -111.43741832093184, 33.731949634178136 ], [ -111.437603507134043, 33.731949634178136 ], [ -111.437603507134043, 33.731857041077035 ], [ -111.437696099335824, 33.731857041077035 ], [ -111.437696099335824, 33.731764448875253 ], [ -111.437788691537605, 33.731764448875253 ], [ -111.437788691537605, 33.731671855774209 ], [ -111.43788128463865, 33.731671855774209 ], [ -111.43788128463865, 33.731579263572428 ], [ -111.437973876840431, 33.731579262673108 ], [ -111.437973876840431, 33.731486671370646 ], [ -111.438066469941532, 33.731486671370646 ], [ -111.438066469941532, 33.731394078269545 ], [ -111.438159062143313, 33.731394078269545 ], [ -111.438159062143313, 33.731486671370646 ], [ -111.43889980245541, 33.731486671370646 ], [ -111.43889980245541, 33.731394078269545 ], [ -111.439270173960438, 33.731394078269545 ], [ -111.439270173960438, 33.731301486067821 ], [ -111.439362766162162, 33.731301486067821 ], [ -111.439362766162162, 33.73120889296672 ], [ -111.439547950565725, 33.73120889296672 ], [ -111.439547950565725, 33.731116299865619 ], [ -111.439640544566146, 33.731116299865619 ], [ -111.439640544566146, 33.731023708563157 ], [ -111.439825728969652, 33.731023708563157 ], [ -111.439825728969652, 33.730931114562736 ], [ -111.439918322070753, 33.730931114562736 ], [ -111.439918322070753, 33.730838523260331 ], [ -111.440010913373214, 33.730838523260331 ], [ -111.440010913373214, 33.73074593015923 ], [ -111.440103507373635, 33.73074593015923 ], [ -111.440103507373635, 33.730653337058129 ], [ -111.44019609957536, 33.730653337058129 ], [ -111.44019609957536, 33.730560744856348 ], [ -111.440288692676461, 33.730560744856348 ], [ -111.440288692676461, 33.730468151755304 ], [ -111.440381284878242, 33.730468151755304 ], [ -111.440381284878242, 33.730375560452842 ], [ -111.440473876180647, 33.730375559553522 ], [ -111.440473876180647, 33.730282966452421 ], [ -111.440659062382849, 33.730282966452421 ], [ -111.440659062382849, 33.73019037425064 ], [ -111.44075165548395, 33.73019037425064 ], [ -111.44075165548395, 33.729912595846713 ], [ -111.440844247685732, 33.729912595846713 ], [ -111.440844247685732, 33.729727411443207 ], [ -111.440936840786776, 33.729727411443207 ], [ -111.440936840786776, 33.729634818342106 ], [ -111.44121461829144, 33.729634818342106 ], [ -111.44121461829144, 33.729542226140325 ], [ -111.441307210493164, 33.729542226140325 ], [ -111.441307210493164, 33.729449633039223 ], [ -111.441399804493585, 33.729449633039223 ], [ -111.441399804493585, 33.729357040837499 ], [ -111.441492395796047, 33.729357040837499 ], [ -111.441492395796047, 33.729171855534616 ], [ -111.441584989796468, 33.729171855534616 ], [ -111.441584989796468, 33.729079263332835 ], [ -111.441677581098872, 33.729079263332835 ], [ -111.441677581098872, 33.728616300525402 ], [ -111.441770173300654, 33.728616300525402 ], [ -111.441770173300654, 33.728338521222099 ], [ -111.441862766401755, 33.728338521222099 ], [ -111.441862766401755, 33.72843111522252 ], [ -111.441955358603536, 33.72843111522252 ], [ -111.441955358603536, 33.728523706524982 ], [ -111.442047952603957, 33.728523706524982 ], [ -111.442047952603957, 33.728616300525402 ], [ -111.442973878218879, 33.728616300525402 ], [ -111.442973878218879, 33.728708891827807 ], [ -111.443251655723486, 33.728708891827807 ], [ -111.443251655723486, 33.728801484928908 ], [ -111.443436841026369, 33.728801484928908 ], [ -111.443436841026369, 33.728708891827807 ], [ -111.444362766641291, 33.728708891827807 ], [ -111.444362766641291, 33.728523706524982 ], [ -111.444455360641712, 33.728523706524982 ], [ -111.444455360641712, 33.728245929020318 ], [ -111.444547951944173, 33.728245929020318 ], [ -111.444547951944173, 33.728153337717913 ], [ -111.444640545045274, 33.728153337717913 ], [ -111.444640545045274, 33.728060743717492 ], [ -111.444733137246999, 33.728060743717492 ], [ -111.444733137246999, 33.727968152415031 ], [ -111.44482572944878, 33.727968152415031 ], [ -111.44482572944878, 33.72787555841461 ], [ -111.444918323449201, 33.72787555841461 ], [ -111.444918323449201, 33.727690374011104 ], [ -111.445010914751663, 33.727690374011104 ], [ -111.445010914751663, 33.727597780910003 ], [ -111.445103508752084, 33.727597780910003 ], [ -111.445103508752084, 33.727505188708278 ], [ -111.445196100054488, 33.727505188708278 ], [ -111.445196100054488, 33.727412595607177 ], [ -111.445288693155589, 33.727412595607177 ], [ -111.445288693155589, 33.727320003405396 ], [ -111.445844249064123, 33.727320003405396 ], [ -111.445844249064123, 33.727412595607177 ], [ -111.445936840366585, 33.727412595607177 ], [ -111.445936840366585, 33.727505188708278 ], [ -111.446029434367006, 33.727505188708278 ], [ -111.446029434367006, 33.727597780910003 ], [ -111.446122026568787, 33.727597780910003 ], [ -111.446122026568787, 33.727690374011104 ], [ -111.446214619669888, 33.727690374011104 ], [ -111.446214619669888, 33.727782966212885 ], [ -111.446307211871613, 33.727782966212885 ], [ -111.446307211871613, 33.72787555841461 ], [ -111.446399804073394, 33.72787555841461 ], [ -111.446399804073394, 33.727968151515711 ], [ -111.446492397174495, 33.727968151515711 ], [ -111.446492397174495, 33.728060743717492 ], [ -111.44658498937622, 33.728060743717492 ], [ -111.44658498937622, 33.728153337717913 ], [ -111.446677582477321, 33.728153337717913 ], [ -111.446677582477321, 33.728245929020318 ], [ -111.446770174679102, 33.728245929020318 ], [ -111.446770174679102, 33.728338521222099 ], [ -111.446862766880884, 33.728338521222099 ], [ -111.446862768679523, 33.7284311143232 ], [ -111.446955359981928, 33.7284311143232 ], [ -111.446955359981928, 33.728523706524982 ], [ -111.447418322789417, 33.728523706524982 ], [ -111.447418322789417, 33.728616300525402 ], [ -111.447510915890518, 33.728616300525402 ], [ -111.447510915890518, 33.728708891827807 ], [ -111.4476035080923, 33.728708891827807 ], [ -111.4476035080923, 33.728801484928908 ], [ -111.447696101193401, 33.728801484928908 ], [ -111.447696101193401, 33.72889407713069 ], [ -111.447788694294445, 33.72889407713069 ], [ -111.447788694294445, 33.728986669332414 ], [ -111.447881285596907, 33.728986669332414 ], [ -111.447881285596907, 33.729079263332835 ], [ -111.447973879597328, 33.729079263332835 ], [ -111.447973879597328, 33.729171854635297 ], [ -111.449362768019739, 33.729171854635297 ], [ -111.449362768019739, 33.729264448635718 ], [ -111.44945536112084, 33.729264448635718 ], [ -111.44945536112084, 33.729542226140325 ], [ -111.449547953322622, 33.729542226140325 ], [ -111.449547953322622, 33.729634817442786 ], [ -111.449640545524346, 33.729634817442786 ], [ -111.449640545524346, 33.729727411443207 ], [ -111.449733139524767, 33.729727411443207 ], [ -111.449733139524767, 33.729820002745612 ], [ -111.449825730827229, 33.729820002745612 ], [ -111.449825730827229, 33.729912595846713 ], [ -111.44991832392833, 33.729912595846713 ], [ -111.44991832392833, 33.730097781149595 ], [ -111.450659065139746, 33.730097781149595 ], [ -111.450659065139746, 33.73019037425064 ], [ -111.45121462014896, 33.73019037425064 ], [ -111.45121462014896, 33.730097781149595 ], [ -111.451307213250061, 33.730097781149595 ], [ -111.451307213250061, 33.730005188048494 ], [ -111.451677582956449, 33.730005188048494 ], [ -111.451677582956449, 33.729912595846713 ], [ -111.451955361360376, 33.729912595846713 ], [ -111.451955361360376, 33.729820002745612 ], [ -111.452140545763939, 33.729820002745612 ], [ -111.452140545763939, 33.729727411443207 ], [ -111.452603510370068, 33.729727411443207 ], [ -111.452603508571428, 33.729542225241005 ], [ -111.452696101672473, 33.729542225241005 ], [ -111.452696101672473, 33.729357039938122 ], [ -111.452788694773574, 33.729357039938122 ], [ -111.452788694773574, 33.729264448635718 ], [ -111.452881286975355, 33.729264448635718 ], [ -111.452881286975355, 33.729171854635297 ], [ -111.452973880076456, 33.729171854635297 ], [ -111.452973880076456, 33.729079262433515 ], [ -111.453066473177557, 33.729079262433515 ], [ -111.453066473177557, 33.728986669332414 ], [ -111.453344249782845, 33.728986669332414 ], [ -111.453344249782845, 33.729542225241005 ], [ -111.45352943598499, 33.729542225241005 ], [ -111.45352943598499, 33.729634817442786 ], [ -111.453622028186771, 33.729634817442786 ], [ -111.453622028186771, 33.729727411443207 ], [ -111.453714621287872, 33.729727411443207 ], [ -111.453714621287872, 33.729820002745612 ], [ -111.453899805691378, 33.729820002745612 ], [ -111.453899805691378, 33.729912595846713 ], [ -111.454084990994261, 33.729912595846713 ], [ -111.454084990994261, 33.730005188048494 ], [ -111.454177584095362, 33.730005188048494 ], [ -111.454177584095362, 33.730097781149595 ], [ -111.454270177196406, 33.730097781149595 ], [ -111.454270177196406, 33.73019037425064 ], [ -111.454455362499289, 33.73019037425064 ], [ -111.454455362499289, 33.730282965553101 ], [ -111.454918325306778, 33.730282965553101 ], [ -111.454918325306778, 33.730375559553522 ], [ -111.455010916609183, 33.730375559553522 ], [ -111.455010916609183, 33.730468150855927 ], [ -111.455103510609604, 33.730468150855927 ], [ -111.455103510609604, 33.730560743957028 ], [ -111.455381288114211, 33.730560743957028 ], [ -111.455381288114211, 33.730653337058129 ], [ -111.455473881215312, 33.730653337058129 ], [ -111.455473881215312, 33.730560743957028 ], [ -111.455566473417093, 33.730560743957028 ], [ -111.455566473417093, 33.730468150855927 ], [ -111.455751658719976, 33.730468150855927 ], [ -111.455751658719976, 33.730560743957028 ], [ -111.456029436224583, 33.730560743957028 ], [ -111.456029436224583, 33.730653336158809 ], [ -111.456122028426307, 33.730653336158809 ], [ -111.456122028426307, 33.730745929259911 ], [ -111.456399806830291, 33.730745929259911 ], [ -111.456399806830291, 33.730838522361012 ], [ -111.456492399032015, 33.730838522361012 ], [ -111.456492399032015, 33.730931113663416 ], [ -111.456584992133116, 33.730931113663416 ], [ -111.456584992133116, 33.731116298966299 ], [ -111.456677585234218, 33.731116298966299 ], [ -111.456677585234218, 33.7312088920674 ], [ -111.456770176536679, 33.7312088920674 ], [ -111.456770176536679, 33.731301485168444 ], [ -111.4568627705371, 33.731301485168444 ], [ -111.4568627705371, 33.7312088920674 ], [ -111.456955361839505, 33.7312088920674 ], [ -111.456955361839505, 33.731116298966299 ], [ -111.457603510849196, 33.731116298966299 ], [ -111.457603510849196, 33.7312088920674 ], [ -111.458251658959512, 33.7312088920674 ], [ -111.458251658959512, 33.731301485168444 ], [ -111.458899807069827, 33.731301485168444 ], [ -111.458899807069827, 33.7312088920674 ], [ -111.458992399271608, 33.7312088920674 ], [ -111.458992399271608, 33.730931113663416 ], [ -111.459084992372709, 33.730931113663416 ], [ -111.459084992372709, 33.730838522361012 ], [ -111.459177584574434, 33.730838522361012 ], [ -111.459177584574434, 33.730097781149595 ], [ -111.459270178574855, 33.730097781149595 ], [ -111.459270178574855, 33.730375557754883 ], [ -111.459362769877316, 33.730375557754883 ], [ -111.459362769877316, 33.730653336158809 ], [ -111.459455363877737, 33.730653336158809 ], [ -111.459455363877737, 33.730745929259911 ], [ -111.459547955180142, 33.730745929259911 ], [ -111.459547955180142, 33.730838522361012 ], [ -111.459640547381923, 33.730838521461692 ], [ -111.459640547381923, 33.730931113663416 ], [ -111.459733141382344, 33.730931113663416 ], [ -111.459733141382344, 33.731301485168444 ], [ -111.459825732684806, 33.731301485168444 ], [ -111.459825732684806, 33.731394077370226 ], [ -111.459918326685226, 33.731394077370226 ], [ -111.459918326685226, 33.731486670471327 ], [ -111.460010918886951, 33.731486670471327 ], [ -111.460010918886951, 33.731579261773788 ], [ -111.460103510189413, 33.731579261773788 ], [ -111.460103510189413, 33.731671854874833 ], [ -111.460196104189833, 33.731671854874833 ], [ -111.460196104189833, 33.731579261773788 ], [ -111.460381289492659, 33.731579261773788 ], [ -111.460381289492659, 33.731949633278816 ], [ -111.460288695492238, 33.731949633278816 ], [ -111.460288695492238, 33.732597781389131 ], [ -111.460381289492659, 33.732597781389131 ], [ -111.460381289492659, 33.732690373590913 ], [ -111.460566474795542, 33.732690373590913 ], [ -111.460566474795542, 33.73296815109552 ], [ -111.460659066997323, 33.73296815109552 ], [ -111.460659066997323, 33.733153337297722 ], [ -111.460751659199047, 33.733153337297722 ], [ -111.460751659199047, 33.733616300105155 ], [ -111.461029437603031, 33.733616300105155 ], [ -111.461029437603031, 33.733708892306936 ], [ -111.461122029804756, 33.733708892306936 ], [ -111.461122029804756, 33.733801485408037 ], [ -111.461214623805176, 33.733801485408037 ], [ -111.461214623805176, 33.733894076710442 ], [ -111.461307215107638, 33.733894076710442 ], [ -111.461307215107638, 33.733986669811543 ], [ -111.461399807309419, 33.733986669811543 ], [ -111.461399807309419, 33.734171855114425 ], [ -111.46149240130984, 33.734171855114425 ], [ -111.46149240130984, 33.734357039517931 ], [ -111.461584992612245, 33.734357039517931 ], [ -111.461584992612245, 33.734449633518352 ], [ -111.461677586612666, 33.734449633518352 ], [ -111.461677586612666, 33.734634817921858 ], [ -111.461770177915128, 33.734634817921858 ], [ -111.461770177915128, 33.734727411022959 ], [ -111.461862771016172, 33.734727411022959 ], [ -111.461862771016172, 33.734820003224741 ], [ -111.461955364117273, 33.734820003224741 ], [ -111.461955364117273, 33.734912596325842 ], [ -111.462047955419735, 33.734912596325842 ], [ -111.462047955419735, 33.735005188527623 ], [ -111.462325734722981, 33.735005188527623 ], [ -111.462325734722981, 33.735097781628667 ], [ -111.462418326924762, 33.735097781628667 ], [ -111.462418326924762, 33.735190373830449 ], [ -111.462510919126544, 33.735190373830449 ], [ -111.462510919126544, 33.73528296603223 ], [ -111.462603512227645, 33.73528296603223 ], [ -111.462603512227645, 33.735375559133331 ], [ -111.462696104429369, 33.735375559133331 ], [ -111.462696104429369, 33.735468152234375 ], [ -111.46278869753047, 33.735468152234375 ], [ -111.46278869753047, 33.735560744436157 ], [ -111.462881289732252, 33.735560744436157 ], [ -111.462881289732252, 33.735653336637938 ], [ -111.462973881933976, 33.735653336637938 ], [ -111.462973881933976, 33.735745928839663 ], [ -111.463066475035077, 33.735745928839663 ], [ -111.463066475035077, 33.735838521940764 ], [ -111.463159067236859, 33.735838521940764 ], [ -111.463159067236859, 33.735931115041865 ], [ -111.46325166033796, 33.735931115041865 ], [ -111.46325166033796, 33.736023707243646 ], [ -111.463344252539741, 33.736023707243646 ], [ -111.463344252539741, 33.736116299445428 ], [ -111.463436846540162, 33.736116299445428 ], [ -111.463436846540162, 33.736208892546472 ], [ -111.463529437842567, 33.736208892546472 ], [ -111.463529437842567, 33.735931115041865 ], [ -111.463622030943668, 33.735931115041865 ], [ -111.463622030943668, 33.735838521940764 ], [ -111.463714623145449, 33.735838521940764 ], [ -111.463714623145449, 33.735745928839663 ], [ -111.463807215347174, 33.735745928839663 ], [ -111.463807215347174, 33.735560744436157 ], [ -111.463714623145449, 33.735560744436157 ], [ -111.463714623145449, 33.735375559133331 ], [ -111.463622030943668, 33.735375559133331 ], [ -111.463622030943668, 33.73528296603223 ], [ -111.463529437842567, 33.73528296603223 ], [ -111.463529437842567, 33.734727411022959 ], [ -111.463622030943668, 33.734727411022959 ], [ -111.463622030943668, 33.734634817921858 ], [ -111.463714623145449, 33.734634817921858 ], [ -111.463714623145449, 33.734542225720134 ], [ -111.463899808448275, 33.734542225720134 ], [ -111.463899808448275, 33.734449633518352 ], [ -111.463992400650056, 33.734449633518352 ], [ -111.463992400650056, 33.734357039517931 ], [ -111.464084994650477, 33.734357039517931 ], [ -111.464084994650477, 33.734264448215526 ], [ -111.464177585952882, 33.734264448215526 ], [ -111.464177585952882, 33.734171855114425 ], [ -111.464270179053983, 33.734171855114425 ], [ -111.464270179053983, 33.734079262013324 ], [ -111.464362771255765, 33.734079262013324 ], [ -111.464362771255765, 33.733986669811543 ], [ -111.464455363457546, 33.733986669811543 ], [ -111.464455363457546, 33.733894076710442 ], [ -111.464547957457967, 33.733894076710442 ], [ -111.464547957457967, 33.733801485408037 ], [ -111.464640548760372, 33.733801485408037 ], [ -111.464640548760372, 33.733708892306936 ], [ -111.464918327164298, 33.733708892306936 ], [ -111.464918327164298, 33.733616299205835 ], [ -111.465196105568282, 33.733616299205835 ], [ -111.465196105568282, 33.733708892306936 ], [ -111.465288697770006, 33.733708892306936 ], [ -111.465288697770006, 33.733801485408037 ], [ -111.465473883072889, 33.733801485408037 ], [ -111.465473883072889, 33.733894076710442 ], [ -111.46556647527467, 33.733894076710442 ], [ -111.46556647527467, 33.733986669811543 ], [ -111.465659068375771, 33.733986669811543 ], [ -111.465659068375771, 33.734079262013324 ], [ -111.465751660577496, 33.734079262013324 ], [ -111.465751660577496, 33.734264448215526 ], [ -111.465936845880378, 33.734264448215526 ], [ -111.465936845880378, 33.734171855114425 ], [ -111.466122031183204, 33.734171855114425 ], [ -111.466122031183204, 33.734079262013324 ], [ -111.466307216486086, 33.734079262013324 ], [ -111.466307216486086, 33.733986669811543 ], [ -111.466492401788912, 33.733986669811543 ], [ -111.466492401788912, 33.734171855114425 ], [ -111.466584993990693, 33.734171855114425 ], [ -111.466584993990693, 33.734264448215526 ], [ -111.466677587091795, 33.734264448215526 ], [ -111.466677587091795, 33.734357039517931 ], [ -111.466770179293576, 33.734357039517931 ], [ -111.466770179293576, 33.734449633518352 ], [ -111.4668627714953, 33.734449633518352 ], [ -111.4668627714953, 33.734542224820814 ], [ -111.466955365495721, 33.734542224820814 ], [ -111.466955365495721, 33.734634817921858 ], [ -111.467047956798183, 33.734634817921858 ], [ -111.467047956798183, 33.734727411022959 ], [ -111.467140549899284, 33.734727411022959 ], [ -111.467140549899284, 33.734912596325842 ], [ -111.467233142101009, 33.734912596325842 ], [ -111.467233143000328, 33.735097781628667 ], [ -111.46732573520211, 33.735097781628667 ], [ -111.46732573520211, 33.735190373830449 ], [ -111.467510919605616, 33.735190373830449 ], [ -111.467510919605616, 33.73528296603223 ], [ -111.467603512706717, 33.73528296603223 ], [ -111.467603512706717, 33.735375559133331 ], [ -111.467696105807818, 33.735375559133331 ], [ -111.467696105807818, 33.735468150435736 ], [ -111.467788698009599, 33.735468150435736 ], [ -111.467788698009599, 33.735560744436157 ], [ -111.4678812911107, 33.735560744436157 ], [ -111.4678812911107, 33.735653336637938 ], [ -111.467973883312425, 33.735653336637938 ], [ -111.467973883312425, 33.735745928839663 ], [ -111.468066476413526, 33.735745928839663 ], [ -111.468066476413526, 33.735838521940764 ], [ -111.468159068615307, 33.735838521940764 ], [ -111.468159068615307, 33.735931114142545 ], [ -111.468251660817089, 33.735931114142545 ], [ -111.468251660817089, 33.736116299445428 ], [ -111.468344253918133, 33.736116299445428 ], [ -111.468344253918133, 33.736208892546472 ], [ -111.468436847019234, 33.736208892546472 ], [ -111.468436847019234, 33.736301484748253 ], [ -111.468529439221015, 33.736301484748253 ], [ -111.468529439221015, 33.736394076950035 ], [ -111.468714623624521, 33.736394076950035 ], [ -111.468714623624521, 33.736486670051136 ], [ -111.46917758733133, 33.736486670051136 ], [ -111.46917758733133, 33.736394076950035 ], [ -111.469362772634213, 33.736394076950035 ], [ -111.469362772634213, 33.736301484748253 ], [ -111.469455364835937, 33.736301484748253 ], [ -111.469455364835937, 33.736208892546472 ], [ -111.469547957937039, 33.736208892546472 ], [ -111.469547957937039, 33.736116299445428 ], [ -111.469825736341022, 33.736116298546051 ], [ -111.469825736341022, 33.736208892546472 ], [ -111.470010920744528, 33.736208892546472 ], [ -111.470010920744528, 33.736301484748253 ], [ -111.470566476653119, 33.736301484748253 ], [ -111.470566476653119, 33.736208892546472 ], [ -111.470659068854843, 33.736208892546472 ], [ -111.470659068854843, 33.736116298546051 ], [ -111.470751661955944, 33.736116298546051 ], [ -111.470751661955944, 33.736023707243646 ], [ -111.470844254157726, 33.736023707243646 ], [ -111.470844254157726, 33.735931114142545 ], [ -111.470936847258827, 33.735931114142545 ], [ -111.470936847258827, 33.735838521940764 ], [ -111.471122031662333, 33.735838521940764 ], [ -111.471122031662333, 33.735745928839663 ], [ -111.471307216965215, 33.735745928839663 ], [ -111.471307216965215, 33.735838521940764 ], [ -111.471399810066259, 33.735838521940764 ], [ -111.471399810066259, 33.735931114142545 ], [ -111.471584994469822, 33.735931114142545 ], [ -111.471584994469822, 33.736023707243646 ], [ -111.471862772873749, 33.736023707243646 ], [ -111.471862772873749, 33.736116298546051 ], [ -111.47195536597485, 33.736116298546051 ], [ -111.47195536597485, 33.736208892546472 ], [ -111.472140551277732, 33.736208892546472 ], [ -111.472140551277732, 33.736301484748253 ], [ -111.472233143479457, 33.736301484748253 ], [ -111.472233143479457, 33.736394076950035 ], [ -111.472603514085165, 33.736394076950035 ], [ -111.472603514085165, 33.736486670051136 ], [ -111.473159069993756, 33.736486670051136 ], [ -111.473159069993756, 33.73657926135354 ], [ -111.473344254397261, 33.73657926135354 ], [ -111.473344254397261, 33.736671855353961 ], [ -111.473529439700144, 33.736671855353961 ], [ -111.473529439700144, 33.736764447555743 ], [ -111.473622032801245, 33.736764447555743 ], [ -111.473622032801245, 33.736857040656844 ], [ -111.473807218104071, 33.736857040656844 ], [ -111.473807218104071, 33.736949632858568 ], [ -111.473899811205172, 33.736949632858568 ], [ -111.473899811205172, 33.73704222506035 ], [ -111.474084996508054, 33.73704222506035 ], [ -111.474084996508054, 33.737134818161451 ], [ -111.474455365315066, 33.737134818161451 ], [ -111.474455365315066, 33.737227410363232 ], [ -111.475103514324758, 33.737227409463856 ], [ -111.475103514324758, 33.737320003464276 ], [ -111.475381292728684, 33.737320003464276 ], [ -111.475381292728684, 33.737412595666058 ], [ -111.475473884930466, 33.737412595666058 ], [ -111.475473884930466, 33.737505188767159 ], [ -111.475566478031567, 33.737505188767159 ], [ -111.475566478031567, 33.73759778096894 ], [ -111.475659070233291, 33.73759778096894 ], [ -111.475659070233291, 33.737690372271345 ], [ -111.476214625242562, 33.737690372271345 ], [ -111.476214625242562, 33.737782966271766 ], [ -111.476492404545809, 33.737782966271766 ], [ -111.476492404545809, 33.737875558473547 ], [ -111.476862773352877, 33.737875558473547 ], [ -111.476862773352877, 33.737968151574648 ], [ -111.477140552656124, 33.737968151574648 ], [ -111.477140552656124, 33.738060743776373 ], [ -111.477510922362512, 33.738060743776373 ], [ -111.477510922362512, 33.738153335978154 ], [ -111.477603515463613, 33.738153335978154 ], [ -111.477603515463613, 33.738245929079255 ], [ -111.47788129296822, 33.738245929079255 ], [ -111.47788129296822, 33.738338521281037 ], [ -111.477973885170002, 33.738338521281037 ], [ -111.477973885170002, 33.738431114382081 ], [ -111.478066478271103, 33.738431114382081 ], [ -111.478066478271103, 33.738523706583862 ], [ -111.478159070472884, 33.738523706583862 ], [ -111.478159070472884, 33.739542225299886 ], [ -111.478251664473305, 33.739542225299886 ], [ -111.478251664473305, 33.739634817501667 ], [ -111.478529441078592, 33.739634817501667 ], [ -111.478529441078592, 33.739727411502088 ], [ -111.478714627280738, 33.739727411502088 ], [ -111.478714627280738, 33.739820002804549 ], [ -111.478807218583199, 33.739820002804549 ], [ -111.478807218583199, 33.73991259680497 ], [ -111.47889981258362, 33.73991259680497 ], [ -111.47889981258362, 33.740097780309156 ], [ -111.478992404785402, 33.740097780309156 ], [ -111.478992404785402, 33.740190374309577 ], [ -111.479177590088227, 33.740190374309577 ], [ -111.479177590088227, 33.740282965611982 ], [ -111.47936277539111, 33.740282965611982 ], [ -111.47936277539111, 33.740375559612403 ], [ -111.479640552895717, 33.740375559612403 ], [ -111.479640552895717, 33.740468150914865 ], [ -111.479825738198542, 33.740468150914865 ], [ -111.479825738198542, 33.740560744015966 ], [ -111.480010923501425, 33.740560744015966 ], [ -111.480010923501425, 33.740653337117067 ], [ -111.480196109703627, 33.740653337117067 ], [ -111.480196109703627, 33.740745928419472 ], [ -111.480288701006032, 33.740745928419472 ], [ -111.480288701006032, 33.740838522419892 ], [ -111.480381294107133, 33.740838522419892 ], [ -111.480381294107133, 33.740931113722354 ], [ -111.480473886308914, 33.740931113722354 ], [ -111.480473886308914, 33.741023706823398 ], [ -111.480566478510639, 33.741023706823398 ], [ -111.480566478510639, 33.741116299924499 ], [ -111.480751663813521, 33.741116299924499 ], [ -111.480751663813521, 33.741208892126281 ], [ -111.481584998126038, 33.741208892126281 ], [ -111.481584998126038, 33.741116299924499 ], [ -111.481677589428443, 33.741116299924499 ], [ -111.481677589428443, 33.741208892126281 ], [ -111.481862775630646, 33.741208892126281 ], [ -111.481862775630646, 33.741301485227382 ], [ -111.482047960933528, 33.741301485227382 ], [ -111.482047960933528, 33.741394076529787 ], [ -111.482140553135253, 33.741394076529787 ], [ -111.482140553135253, 33.741486670530207 ], [ -111.482233146236354, 33.741486670530207 ], [ -111.482233146236354, 33.741579262731989 ], [ -111.482325738438135, 33.741579262731989 ], [ -111.482325738438135, 33.74167185493377 ], [ -111.482418331539236, 33.74167185493377 ], [ -111.482418331539236, 33.741764448034871 ], [ -111.482510923740961, 33.741764448034871 ], [ -111.482510923740961, 33.741857040236596 ], [ -111.482696109043843, 33.741857040236596 ], [ -111.482696109043843, 33.741764448034871 ], [ -111.483251664952377, 33.741764448034871 ], [ -111.483251664952377, 33.74167185493377 ], [ -111.48399240616385, 33.74167185493377 ], [ -111.48399240616385, 33.741579261832669 ], [ -111.484177591466675, 33.741579261832669 ], [ -111.484177591466675, 33.741486670530207 ], [ -111.484270182769137, 33.741486670530207 ], [ -111.484270182769137, 33.741394076529787 ], [ -111.484362775870181, 33.741394076529787 ], [ -111.484362775870181, 33.741301485227382 ], [ -111.484547961173064, 33.741301485227382 ], [ -111.484547961173064, 33.741208892126281 ], [ -111.484640554274165, 33.741208892126281 ], [ -111.484640554274165, 33.74111629902518 ], [ -111.484733146475889, 33.74111629902518 ], [ -111.484733146475889, 33.741023706823398 ], [ -111.484918331778772, 33.741023706823398 ], [ -111.484918331778772, 33.740931113722354 ], [ -111.485196110182699, 33.740931113722354 ], [ -111.485196110182699, 33.740838522419892 ], [ -111.48528870238448, 33.740838522419892 ], [ -111.48528870238448, 33.740931113722354 ], [ -111.485566479889087, 33.740931113722354 ], [ -111.485566479889087, 33.741023706823398 ], [ -111.485844258293071, 33.741023706823398 ], [ -111.485844258293071, 33.74111629902518 ], [ -111.486029442696577, 33.74111629902518 ], [ -111.486029442696577, 33.741208892126281 ], [ -111.486307221100503, 33.741208892126281 ], [ -111.486307221100503, 33.741301485227382 ], [ -111.486584998605167, 33.741301485227382 ], [ -111.486584998605167, 33.741394076529787 ], [ -111.486862777009094, 33.741394076529787 ], [ -111.486862777009094, 33.741486670530207 ], [ -111.487140554513701, 33.741486670530207 ], [ -111.487140554513701, 33.741579261832669 ], [ -111.487233146715482, 33.741579261832669 ], [ -111.487233146715482, 33.74167185493377 ], [ -111.487325739816583, 33.74167185493377 ], [ -111.487325739816583, 33.741764448034871 ], [ -111.487418332018308, 33.741764448034871 ], [ -111.487418332018308, 33.741857040236596 ], [ -111.487510925119409, 33.741857040236596 ], [ -111.487510925119409, 33.741949633337697 ], [ -111.48760351822051, 33.741949633337697 ], [ -111.48760351822051, 33.742042224640159 ], [ -111.487696109522972, 33.742042224640159 ], [ -111.487696109522972, 33.742134817741203 ], [ -111.487788702624016, 33.742134817741203 ], [ -111.487788702624016, 33.742042224640159 ], [ -111.487881294825797, 33.742042224640159 ], [ -111.487881294825797, 33.741949633337697 ], [ -111.487973887926898, 33.741949633337697 ], [ -111.487973887926898, 33.74167185493377 ], [ -111.488066481028, 33.74167185493377 ], [ -111.488066481028, 33.741486670530207 ], [ -111.488159073229781, 33.741486670530207 ], [ -111.488159073229781, 33.741394076529787 ], [ -111.488251666330825, 33.741394076529787 ], [ -111.488251666330825, 33.741208892126281 ], [ -111.488344257633287, 33.741208892126281 ], [ -111.488344257633287, 33.74111629902518 ], [ -111.488436850734388, 33.74111629902518 ], [ -111.488436850734388, 33.741023706823398 ], [ -111.488529443835489, 33.741023706823398 ], [ -111.488529443835489, 33.740931113722354 ], [ -111.488899814441197, 33.740931113722354 ], [ -111.488899814441197, 33.740838521520573 ], [ -111.488992406642922, 33.740838521520573 ], [ -111.488992406642922, 33.740745928419472 ], [ -111.489547962551512, 33.740745928419472 ], [ -111.489547962551512, 33.74065333621769 ], [ -111.489825740056119, 33.74065333621769 ], [ -111.489825740056119, 33.740560744015966 ], [ -111.490103517560726, 33.740560743116646 ], [ -111.490103517560726, 33.740468150914865 ], [ -111.49038129596471, 33.740468150914865 ], [ -111.49038129596471, 33.740560743116646 ], [ -111.490473888166434, 33.740560743116646 ], [ -111.490473888166434, 33.74065333621769 ], [ -111.490751665671098, 33.74065333621769 ], [ -111.490751665671098, 33.740745928419472 ], [ -111.491029444075025, 33.740745928419472 ], [ -111.491029444075025, 33.740838521520573 ], [ -111.491214628478531, 33.740838521520573 ], [ -111.491214628478531, 33.740931113722354 ], [ -111.491307222478952, 33.740931113722354 ], [ -111.491307222478952, 33.741023705924079 ], [ -111.491399814680733, 33.741023705924079 ], [ -111.491399814680733, 33.74111629902518 ], [ -111.491770185286441, 33.74111629902518 ], [ -111.491770185286441, 33.741208892126281 ], [ -111.492140554992829, 33.741208892126281 ], [ -111.492140554992829, 33.741301484328062 ], [ -111.492510925598538, 33.741301484328062 ], [ -111.492510925598538, 33.741394076529787 ], [ -111.49269611090142, 33.741394076529787 ], [ -111.49269611090142, 33.741486668731568 ], [ -111.492788704002464, 33.741486668731568 ], [ -111.492788704002464, 33.741394076529787 ], [ -111.493159073708853, 33.741394076529787 ], [ -111.493159073708853, 33.741486668731568 ], [ -111.493344259011735, 33.741486668731568 ], [ -111.493344259011735, 33.741579261832669 ], [ -111.506029446411674, 33.741579260933349 ], [ -111.506029446411674, 33.741486668731568 ], [ -111.506122040412095, 33.741486668731568 ], [ -111.506122040412095, 33.741394075630467 ], [ -111.506214631714556, 33.741394075630467 ], [ -111.506214631714556, 33.741301483428742 ], [ -111.506307224815657, 33.741301483428742 ], [ -111.506307224815657, 33.741394075630467 ], [ -111.506677594522046, 33.741394075630467 ], [ -111.506677594522046, 33.741579260933349 ], [ -111.50732574353168, 33.741579260933349 ], [ -111.50732574353168, 33.741394075630467 ], [ -111.507418336632782, 33.741394075630467 ], [ -111.507418336632782, 33.741301483428742 ], [ -111.50778870633917, 33.741301483428742 ], [ -111.50778870633917, 33.74111629812586 ], [ -111.508714632853469, 33.74111629812586 ], [ -111.508714632853469, 33.741208891226961 ], [ -111.508807225055193, 33.741208891226961 ], [ -111.508807225055193, 33.741301483428742 ], [ -111.508899817256975, 33.741301483428742 ], [ -111.508899817256975, 33.741394075630467 ], [ -111.508992411257395, 33.741394075630467 ], [ -111.508992411257395, 33.741486668731568 ], [ -111.5090850025598, 33.741486668731568 ], [ -111.5090850025598, 33.741579260933349 ], [ -111.509177596560221, 33.741579260933349 ], [ -111.509177597459598, 33.751208891285842 ], [ -111.509270188762002, 33.751208891285842 ], [ -111.509270188762002, 33.751301485286263 ], [ -111.509455374964205, 33.751301485286263 ], [ -111.509455374964205, 33.751394076588724 ], [ -111.509547966266609, 33.751394076588724 ], [ -111.509547966266609, 33.751486670589145 ], [ -111.50964056026703, 33.751486670589145 ], [ -111.50964056026703, 33.75157926279087 ], [ -111.509733151569492, 33.75157926279087 ], [ -111.509733151569492, 33.751671854992651 ], [ -111.509825745569913, 33.751671854992651 ], [ -111.509825745569913, 33.751764448093752 ], [ -111.51010352307452, 33.751764448093752 ], [ -111.51010352307452, 33.751857039396214 ], [ -111.510288708377402, 33.751857039396214 ], [ -111.510288708377402, 33.751949633396634 ], [ -111.510381300579127, 33.751949633396634 ], [ -111.510381300579127, 33.752505188405848 ], [ -111.510473893680228, 33.752505188405848 ], [ -111.510473893680228, 33.752875559011557 ], [ -111.510381300579127, 33.752875559011557 ], [ -111.510381300579127, 33.753431114920147 ], [ -111.510288708377402, 33.753431114920147 ], [ -111.510288708377402, 33.753708892424754 ], [ -111.510196116175621, 33.753708892424754 ], [ -111.510196116175621, 33.753894078626899 ], [ -111.51010352307452, 33.753894078626899 ], [ -111.51010352307452, 33.754079263030462 ], [ -111.510010929973419, 33.754079263030462 ], [ -111.510010929973419, 33.754449632736851 ], [ -111.509918337771694, 33.754449632736851 ], [ -111.509918337771694, 33.755282967049368 ], [ -111.510010929973419, 33.755282967049368 ], [ -111.510010930872738, 33.756116300462509 ], [ -111.51010352307452, 33.756116300462509 ], [ -111.51010352307452, 33.75620889266429 ], [ -111.509918337771694, 33.75620889266429 ], [ -111.509918337771694, 33.756301484866071 ], [ -111.509733152468812, 33.756301484866071 ], [ -111.509733152468812, 33.756394077967173 ], [ -111.50964056026703, 33.756394077967173 ], [ -111.50964056026703, 33.756486671068274 ], [ -111.509547968065306, 33.756486671068274 ], [ -111.509547968065306, 33.756579263269998 ], [ -111.509455374964205, 33.756579263269998 ], [ -111.509455374964205, 33.75667185547178 ], [ -111.509362781863103, 33.75667185547178 ], [ -111.509362781863103, 33.75722741227969 ], [ -111.509270189661322, 33.75722741227969 ], [ -111.509270189661322, 33.757320003582095 ], [ -111.509177597459598, 33.757320003582095 ], [ -111.509177597459598, 33.757412596683196 ], [ -111.509085005257816, 33.757412596683196 ], [ -111.509085005257816, 33.757505188884977 ], [ -111.508992412156715, 33.757505188884977 ], [ -111.508992412156715, 33.757597781986078 ], [ -111.508899819055614, 33.757597781986078 ], [ -111.508899819055614, 33.757690375087122 ], [ -111.508807226853889, 33.757690375087122 ], [ -111.508807226853889, 33.757782967288904 ], [ -111.508714633752788, 33.757782967288904 ], [ -111.508714633752788, 33.757875560390005 ], [ -111.508622041551007, 33.757875560390005 ], [ -111.508622041551007, 33.75796815169241 ], [ -111.508529449349226, 33.75796815169241 ], [ -111.508529449349226, 33.758060744793511 ], [ -111.5083442640464, 33.758060744793511 ], [ -111.5083442640464, 33.758153337894612 ], [ -111.508436856248125, 33.758153337894612 ], [ -111.508436856248125, 33.758431115399219 ], [ -111.508529449349226, 33.758431115399219 ], [ -111.508529449349226, 33.758708892903883 ], [ -111.508622041551007, 33.758708892903883 ], [ -111.508622041551007, 33.759912596922732 ], [ -111.508714633752788, 33.759912596922732 ], [ -111.508714633752788, 33.760005190023833 ], [ -111.508807226853889, 33.760005190023833 ], [ -111.508807226853889, 33.760097782225614 ], [ -111.508899819954934, 33.760097782225614 ], [ -111.508899819954934, 33.76028296752844 ], [ -111.508992412156715, 33.76028296752844 ], [ -111.508992412156715, 33.760468152831322 ], [ -111.509085005257816, 33.760468152831322 ], [ -111.509085005257816, 33.761116300941637 ], [ -111.509177597459598, 33.761116300941637 ], [ -111.509177597459598, 33.76130148624452 ], [ -111.509270189661322, 33.76130148624452 ], [ -111.509270189661322, 33.761486671547345 ], [ -111.509362782762423, 33.761486671547345 ], [ -111.509362782762423, 33.761671856850228 ], [ -111.509455374964205, 33.761671856850228 ], [ -111.509455374964205, 33.761764449052009 ], [ -111.509547968065306, 33.761764449052009 ], [ -111.509547968065306, 33.761857042153053 ], [ -111.509640561166407, 33.761857042153053 ], [ -111.509640561166407, 33.761949634354835 ], [ -111.509918337771694, 33.761949634354835 ], [ -111.509918337771694, 33.762042226556616 ], [ -111.510010930872738, 33.762042226556616 ], [ -111.510010930872738, 33.762134820557037 ], [ -111.510103523973839, 33.762134820557037 ], [ -111.510103523973839, 33.762227411859442 ], [ -111.510196116175621, 33.762227411859442 ], [ -111.510196116175621, 33.762412597162324 ], [ -111.510288709276722, 33.762412597162324 ], [ -111.510288709276722, 33.762505189364049 ], [ -111.510381300579127, 33.762505189364049 ], [ -111.510381301478446, 33.762782968667352 ], [ -111.510473894579548, 33.762782968667352 ], [ -111.510473894579548, 33.762875559969814 ], [ -111.510566486781329, 33.762875559969814 ], [ -111.510566486781329, 33.762968153070858 ], [ -111.51065907898311, 33.762968153070858 ], [ -111.51065907898311, 33.763523708979449 ], [ -111.510751672084211, 33.763523708979449 ], [ -111.510751672084211, 33.764079263988663 ], [ -111.510844265185256, 33.764079263988663 ], [ -111.510844265185256, 33.764357042392646 ], [ -111.510936857387037, 33.764357042392646 ], [ -111.510936857387037, 33.765282968007568 ], [ -111.511029449588818, 33.765282968007568 ], [ -111.511029449588818, 33.765653339512596 ], [ -111.511122043589239, 33.765653339512596 ], [ -111.511122043589239, 33.765838524815479 ], [ -111.511214634891644, 33.765838524815479 ], [ -111.511214634891644, 33.76593111611794 ], [ -111.511307227992745, 33.76593111611794 ], [ -111.511307227992745, 33.766023708319665 ], [ -111.511399820194526, 33.766023708319665 ], [ -111.511399820194526, 33.766116302320086 ], [ -111.511492412396251, 33.766116302320086 ], [ -111.511492412396251, 33.766208893622547 ], [ -111.511585006396672, 33.766208893622547 ], [ -111.511585006396672, 33.766301487622968 ], [ -111.511677597699133, 33.766301487622968 ], [ -111.511677597699133, 33.766486672026474 ], [ -111.511770191699554, 33.766486672026474 ], [ -111.511770191699554, 33.766579265127575 ], [ -111.511677597699133, 33.766579265127575 ], [ -111.511677597699133, 33.766857041732862 ], [ -111.511770191699554, 33.766857041732862 ], [ -111.511770191699554, 33.766949635733283 ], [ -111.511677597699133, 33.766949635733283 ], [ -111.511677597699133, 33.767134819237469 ], [ -111.511770191699554, 33.767134819237469 ], [ -111.511770191699554, 33.767320004540352 ], [ -111.511677597699133, 33.767320004540352 ], [ -111.511677597699133, 33.767505190742497 ], [ -111.511770191699554, 33.767505190742497 ], [ -111.511770191699554, 33.76769037604538 ], [ -111.511677597699133, 33.76769037604538 ], [ -111.511677597699133, 33.767968153549987 ], [ -111.511770191699554, 33.767968153549987 ], [ -111.511770191699554, 33.768431116357476 ], [ -111.511862783901336, 33.768431116357476 ], [ -111.511862783901336, 33.768616301660302 ], [ -111.511770191699554, 33.768616301660302 ], [ -111.511770191699554, 33.769079264467791 ], [ -111.51195537610306, 33.769079264467791 ], [ -111.51195537610306, 33.769357042871775 ], [ -111.512047969204161, 33.769357042871775 ], [ -111.512047969204161, 33.7695422281746 ], [ -111.512140561405943, 33.7695422281746 ], [ -111.512140561405943, 33.769634821275702 ], [ -111.512233154507044, 33.769634821275702 ], [ -111.512233154507044, 33.770468153789579 ], [ -111.512325746708768, 33.770468153789579 ], [ -111.512325746708768, 33.770745932193506 ], [ -111.512418339809869, 33.770745932193506 ], [ -111.512418339809869, 33.770838523495911 ], [ -111.512510932011651, 33.770838523495911 ], [ -111.512510932011651, 33.770931117496332 ], [ -111.512603525112752, 33.770931117496332 ], [ -111.512603525112752, 33.771116301899895 ], [ -111.512696117314476, 33.771116301899895 ], [ -111.512696117314476, 33.771394080303821 ], [ -111.512788709516258, 33.771394080303821 ], [ -111.512788709516258, 33.771486672505603 ], [ -111.512881303516679, 33.771486672505603 ], [ -111.512881303516679, 33.771579264707384 ], [ -111.51297389481914, 33.771579264707384 ], [ -111.51297389481914, 33.771671857808428 ], [ -111.513066487920241, 33.771671857808428 ], [ -111.513066487920241, 33.77176445001021 ], [ -111.513159081021286, 33.77176445001021 ], [ -111.513159081021286, 33.771857043111311 ], [ -111.513251672323747, 33.771857043111311 ], [ -111.513251672323747, 33.771949636212412 ], [ -111.513436857626573, 33.771949636212412 ], [ -111.513436857626573, 33.772042228414136 ], [ -111.513529451626994, 33.772042228414136 ], [ -111.513529451626994, 33.772134820615918 ], [ -111.513622043828775, 33.772134820615918 ], [ -111.513622043828775, 33.772690375625189 ], [ -111.513992414434483, 33.772690375625189 ], [ -111.513992414434483, 33.772782968726233 ], [ -111.514085006636265, 33.772782968726233 ], [ -111.514085006636265, 33.772968154029115 ], [ -111.513992414434483, 33.772968154029115 ], [ -111.513992414434483, 33.773060747130216 ], [ -111.513899821333382, 33.773060747130216 ], [ -111.513899821333382, 33.773245932433042 ], [ -111.513807229131658, 33.773245932433042 ], [ -111.513807229131658, 33.773338524634823 ], [ -111.513714636030556, 33.773338524634823 ], [ -111.513714636030556, 33.773431116836605 ], [ -111.513622043828775, 33.773431116836605 ], [ -111.513622043828775, 33.773523709937706 ], [ -111.513529451626994, 33.773523709937706 ], [ -111.513529451626994, 33.77361630213943 ], [ -111.513436857626573, 33.77361630213943 ], [ -111.513436858525949, 33.773708895240532 ], [ -111.513714636030556, 33.773708895240532 ], [ -111.513714636030556, 33.773801488341633 ], [ -111.513899821333382, 33.773801488341633 ], [ -111.513899821333382, 33.773894080543414 ], [ -111.513992414434483, 33.773894080543414 ], [ -111.513992414434483, 33.773986672745139 ], [ -111.514085006636265, 33.773986672745139 ], [ -111.514085006636265, 33.774171858048021 ], [ -111.514177599737366, 33.774171858048021 ], [ -111.514177599737366, 33.774264451149122 ], [ -111.51427019193909, 33.774264451149122 ], [ -111.51427019193909, 33.774357043350847 ], [ -111.514362785040191, 33.774357043350847 ], [ -111.514362785040191, 33.774264451149122 ], [ -111.514640562544798, 33.774264451149122 ], [ -111.514640562544798, 33.774357043350847 ], [ -111.51473315474658, 33.774357043350847 ], [ -111.51473315474658, 33.774449635552628 ], [ -111.514825748747, 33.774449635552628 ], [ -111.514825748747, 33.774542227754409 ], [ -111.514918340049462, 33.774542227754409 ], [ -111.514918340049462, 33.77463482085551 ], [ -111.515103526251607, 33.77463482085551 ], [ -111.515103526251607, 33.774820006158336 ], [ -111.515196117554069, 33.774820006158336 ], [ -111.515196117554069, 33.775005191461219 ], [ -111.51528871155449, 33.775005191461219 ], [ -111.51528871155449, 33.775097783662943 ], [ -111.515381302856895, 33.775097783662943 ], [ -111.515381302856895, 33.775190376764044 ], [ -111.515473896857316, 33.775190376764044 ], [ -111.515473896857316, 33.775282968965826 ], [ -111.515751674361979, 33.775282968965826 ], [ -111.515751674361979, 33.775375562066927 ], [ -111.515844266563704, 33.775375562066927 ], [ -111.515844266563704, 33.775468154268651 ], [ -111.516029451866586, 33.775468154268651 ], [ -111.516029451866586, 33.775560746470433 ], [ -111.516122043168991, 33.775560746470433 ], [ -111.516122043168991, 33.775653340470853 ], [ -111.516214637169412, 33.775653340470853 ], [ -111.516214637169412, 33.775745931773315 ], [ -111.51658500777512, 33.775745931773315 ], [ -111.51658500777512, 33.775653340470853 ], [ -111.51704797058261, 33.775653340470853 ], [ -111.517047971481929, 33.775745931773315 ], [ -111.517140562784391, 33.775745931773315 ], [ -111.517140562784391, 33.775838524874359 ], [ -111.517233156784812, 33.775838524874359 ], [ -111.517233156784812, 33.775931117076141 ], [ -111.517325748087217, 33.775931117076141 ], [ -111.517325748087217, 33.776023710177242 ], [ -111.517973897096908, 33.776023710177242 ], [ -111.517973897096908, 33.776116303278343 ], [ -111.518344267702616, 33.776116303278343 ], [ -111.518344267702616, 33.776208894580748 ], [ -111.518436859904398, 33.776208894580748 ], [ -111.518436859904398, 33.776301488581169 ], [ -111.518529452106122, 33.776301488581169 ], [ -111.518529452106122, 33.77639407988363 ], [ -111.518714637409005, 33.77639407988363 ], [ -111.518714637409005, 33.776486672984731 ], [ -111.518807230510106, 33.776486672984731 ], [ -111.518807230510106, 33.776764451388658 ], [ -111.51889982271183, 33.776764451388658 ], [ -111.51889982271183, 33.77694963669154 ], [ -111.518992414913612, 33.77694963669154 ], [ -111.518992414913612, 33.777134821095046 ], [ -111.519177601115814, 33.777134821095046 ], [ -111.519177601115814, 33.777227414196147 ], [ -111.519270193317539, 33.777227414196147 ], [ -111.519270193317539, 33.777320005498552 ], [ -111.51936278551932, 33.777320005498552 ], [ -111.51936278551932, 33.777412599498973 ], [ -111.519547970822202, 33.777412599498973 ], [ -111.519547970822202, 33.777505191700754 ], [ -111.519640563923247, 33.777505191700754 ], [ -111.519640563923247, 33.777597783902536 ], [ -111.519733156125028, 33.777597783902536 ], [ -111.519733156125028, 33.777690377003637 ], [ -111.519825748326809, 33.777690377003637 ], [ -111.519825748326809, 33.778245932012851 ], [ -111.51991834232723, 33.778245932012851 ], [ -111.51991834232723, 33.778338525113952 ], [ -111.520010933629635, 33.778338525113952 ], [ -111.520010933629635, 33.778431117315677 ], [ -111.520103527630056, 33.778431117315677 ], [ -111.520103527630056, 33.778523710416778 ], [ -111.520196118932517, 33.778523710416778 ], [ -111.520196119831837, 33.778616302618559 ], [ -111.520288712033619, 33.778616302618559 ], [ -111.520288712033619, 33.778801487921442 ], [ -111.52038130513472, 33.778801487921442 ], [ -111.52038130513472, 33.778894081022486 ], [ -111.520473896437124, 33.778894081022486 ], [ -111.520473896437124, 33.779079265426049 ], [ -111.520566490437545, 33.779079265426049 ], [ -111.520566490437545, 33.77917185852715 ], [ -111.520751674841051, 33.77917185852715 ], [ -111.520751674841051, 33.779264450728874 ], [ -111.520844267942152, 33.779264450728874 ], [ -111.520844267942152, 33.779357044729295 ], [ -111.520936860143934, 33.779357044729295 ], [ -111.520936860143934, 33.779449636031757 ], [ -111.521029453245035, 33.779449636031757 ], [ -111.521029453245035, 33.779542228233481 ], [ -111.521122045446759, 33.779542228233481 ], [ -111.521122045446759, 33.779727413536364 ], [ -111.52121463854786, 33.779727413536364 ], [ -111.52121463854786, 33.779820007536784 ], [ -111.521307230749642, 33.779820007536784 ], [ -111.521307230749642, 33.779912598839246 ], [ -111.521399823850743, 33.779912598839246 ], [ -111.521399823850743, 33.780097784142072 ], [ -111.521492416052524, 33.780097784142072 ], [ -111.521492416052524, 33.780282970344274 ], [ -111.521585009153569, 33.780282970344274 ], [ -111.521585009153569, 33.7804681556471 ], [ -111.521492416052524, 33.7804681556471 ], [ -111.521492416052524, 33.780838524454168 ], [ -111.521399823850743, 33.780838524454168 ], [ -111.521399823850743, 33.78102371065637 ], [ -111.521307230749642, 33.78102371065637 ], [ -111.521307230749642, 33.781301487261658 ], [ -111.52121463854786, 33.781301487261658 ], [ -111.52121463854786, 33.781486673463803 ], [ -111.521122045446759, 33.781486673463803 ], [ -111.521122045446759, 33.781671858766686 ], [ -111.521029453245035, 33.781671858766686 ], [ -111.521029453245035, 33.781764450968467 ], [ -111.520936861043253, 33.781764450968467 ], [ -111.520936861043253, 33.781857044069568 ], [ -111.520751674841051, 33.781857044069568 ], [ -111.520751674841051, 33.781949636271293 ], [ -111.520659082639327, 33.781949636271293 ], [ -111.520659082639327, 33.782042229372394 ], [ -111.520566490437545, 33.782042229372394 ], [ -111.520566490437545, 33.782134821574175 ], [ -111.520473897336444, 33.782134821574175 ], [ -111.520473897336444, 33.782227414675276 ], [ -111.52038130513472, 33.782227414675276 ], [ -111.52038130513472, 33.782320006877001 ], [ -111.520288712033619, 33.782320006877001 ], [ -111.520288712033619, 33.782412599978102 ], [ -111.520196119831837, 33.782412599978102 ], [ -111.520196119831837, 33.782505192179883 ], [ -111.520103527630056, 33.782505192179883 ], [ -111.520103527630056, 33.782690378382028 ], [ -111.520196119831837, 33.782690378382028 ], [ -111.520196119831837, 33.7833385264924 ], [ -111.520288712033619, 33.7833385264924 ], [ -111.520288712033619, 33.783523710895906 ], [ -111.52038130513472, 33.783523710895906 ], [ -111.52038130513472, 33.783616303997007 ], [ -111.520473897336444, 33.783616303997007 ], [ -111.520473897336444, 33.783801489299833 ], [ -111.520566490437545, 33.783801489299833 ], [ -111.520566490437545, 33.783986674602716 ], [ -111.520659082639327, 33.783986674602716 ], [ -111.520659082639327, 33.784079266804497 ], [ -111.520751676639748, 33.784079266804497 ], [ -111.520751676639748, 33.784171859006221 ], [ -111.520844267942152, 33.784171859006221 ], [ -111.520844267942152, 33.784264452107323 ], [ -111.520936861043253, 33.784264452107323 ], [ -111.520936861043253, 33.784357044309104 ], [ -111.521770193557131, 33.784357044309104 ], [ -111.521770193557131, 33.784449637410205 ], [ -111.521862787557552, 33.784449637410205 ], [ -111.521862787557552, 33.784634821813711 ], [ -111.521955379759277, 33.784634821813711 ], [ -111.521955379759277, 33.784727414914812 ], [ -111.522047971961058, 33.784727414914812 ], [ -111.522047971961058, 33.784820007116593 ], [ -111.522140565062159, 33.784820007116593 ], [ -111.522140565062159, 33.784912600217638 ], [ -111.52223315726394, 33.784912600217638 ], [ -111.52223315726394, 33.78509778552052 ], [ -111.522325750364985, 33.78509778552052 ], [ -111.522325750364985, 33.785190377722301 ], [ -111.522603527869649, 33.785190377722301 ], [ -111.522603527869649, 33.785282969924026 ], [ -111.52269612097075, 33.785282969924026 ], [ -111.52269612097075, 33.785375563025127 ], [ -111.522788713172474, 33.785375563025127 ], [ -111.522788713172474, 33.785468156126228 ], [ -111.522973898475357, 33.785468156126228 ], [ -111.522973898475357, 33.78556074832801 ], [ -111.523251675979964, 33.78556074832801 ], [ -111.523251675979964, 33.785653340529734 ], [ -111.523436861282789, 33.785653340529734 ], [ -111.523436861282789, 33.785745932731515 ], [ -111.523529453484571, 33.785745932731515 ], [ -111.523529453484571, 33.785838525832617 ], [ -111.523622047484992, 33.785838525832617 ], [ -111.523622047484992, 33.785931118933718 ], [ -111.523714638787453, 33.785931118933718 ], [ -111.523714638787453, 33.786023711135442 ], [ -111.523807231888554, 33.786023711135442 ], [ -111.523807231888554, 33.786116304236543 ], [ -111.523899824989599, 33.786116304236543 ], [ -111.523899824989599, 33.786208896438325 ], [ -111.524085010292481, 33.786208896438325 ], [ -111.524085010292481, 33.786301488640106 ], [ -111.52454797309997, 33.786301488640106 ], [ -111.52454797309997, 33.786394080841831 ], [ -111.524918342806359, 33.786394080841831 ], [ -111.524918342806359, 33.786301488640106 ], [ -111.525288714311387, 33.786301488640106 ], [ -111.525288714311387, 33.786394080841831 ], [ -111.525381305613791, 33.786394080841831 ], [ -111.525381305613791, 33.786486673942932 ], [ -111.525936862421702, 33.786486673942932 ], [ -111.525936862421702, 33.786394080841831 ], [ -111.526029454623483, 33.786394080841831 ], [ -111.526029454623483, 33.786301488640106 ], [ -111.526122046825208, 33.786301488640106 ], [ -111.526122046825208, 33.786208896438325 ], [ -111.526585009632697, 33.786208896438325 ], [ -111.526585009632697, 33.786116304236543 ], [ -111.52677019493558, 33.786116304236543 ], [ -111.52677019493558, 33.786023711135442 ], [ -111.526862788036681, 33.786023711135442 ], [ -111.526862788036681, 33.785931118034398 ], [ -111.526955381137725, 33.785931118034398 ], [ -111.526955381137725, 33.785838525832617 ], [ -111.528344270459513, 33.785838525832617 ], [ -111.528344270459513, 33.785745932731515 ], [ -111.528436861761918, 33.785745932731515 ], [ -111.528436861761918, 33.785653339630414 ], [ -111.528714640165902, 33.785653339630414 ], [ -111.528714640165902, 33.78556074832801 ], [ -111.528899825468727, 33.78556074832801 ], [ -111.528899824569407, 33.785468155226908 ], [ -111.529270196074435, 33.785468155226908 ], [ -111.529270196074435, 33.785375563025127 ], [ -111.529362789175536, 33.785375563025127 ], [ -111.529362789175536, 33.785282969924026 ], [ -111.529455381377318, 33.785282969924026 ], [ -111.529455381377318, 33.785190376822982 ], [ -111.529547973579042, 33.785190376822982 ], [ -111.529547973579042, 33.78509778552052 ], [ -111.529640566680143, 33.78509778552052 ], [ -111.529640566680143, 33.785005191520099 ], [ -111.529733158881925, 33.785005191520099 ], [ -111.529733158881925, 33.784912600217638 ], [ -111.529825751983026, 33.784912600217638 ], [ -111.529825751983026, 33.784820007116593 ], [ -111.52991834418475, 33.784820007116593 ], [ -111.52991834418475, 33.784727414015492 ], [ -111.530010936386532, 33.784727414015492 ], [ -111.530010936386532, 33.784634821813711 ], [ -111.530103529487633, 33.784634821813711 ], [ -111.530103529487633, 33.78454222871261 ], [ -111.530196121689414, 33.78454222871261 ], [ -111.530196121689414, 33.784449636510885 ], [ -111.530288714790515, 33.784449636510885 ], [ -111.530288714790515, 33.784357044309104 ], [ -111.53038130699224, 33.784357044309104 ], [ -111.53038130699224, 33.784264451208003 ], [ -111.530566492295122, 33.784264451208003 ], [ -111.530566492295122, 33.784171859006221 ], [ -111.530659084496847, 33.784171859006221 ], [ -111.530659084496847, 33.784079265905177 ], [ -111.530751678497268, 33.784079265905177 ], [ -111.530751678497268, 33.783986672804076 ], [ -111.530844269799729, 33.783986672804076 ], [ -111.530844269799729, 33.783894080602295 ], [ -111.531122047304336, 33.783894080602295 ], [ -111.531122047304336, 33.783801488400513 ], [ -111.531214641304757, 33.783801488400513 ], [ -111.531214641304757, 33.783708896198789 ], [ -111.531307232607219, 33.783708896198789 ], [ -111.531307232607219, 33.783616303097688 ], [ -111.53139982660764, 33.783616303097688 ], [ -111.53139982660764, 33.783523709996587 ], [ -111.531492417910044, 33.783523709996587 ], [ -111.531492417910044, 33.783431117794805 ], [ -111.531585011011146, 33.783431117794805 ], [ -111.531585011011146, 33.78324593249198 ], [ -111.531677604112247, 33.78324593249198 ], [ -111.531677604112247, 33.782690377482709 ], [ -111.531770195414651, 33.782690377482709 ], [ -111.531770195414651, 33.782505192179883 ], [ -111.531862789415072, 33.782505192179883 ], [ -111.531862789415072, 33.781671857867366 ], [ -111.532047974717955, 33.781671857867366 ], [ -111.532047974717955, 33.781764450968467 ], [ -111.532788715030051, 33.781764450968467 ], [ -111.532788715030051, 33.781857043170191 ], [ -111.533622048443249, 33.781857043170191 ], [ -111.533622048443249, 33.781949635371973 ], [ -111.533714640644973, 33.781949635371973 ], [ -111.533714640644973, 33.781857043170191 ], [ -111.533807234645394, 33.781857043170191 ], [ -111.533807234645394, 33.781949635371973 ], [ -111.534270197452884, 33.781949635371973 ], [ -111.534270197452884, 33.781857043170191 ], [ -111.534547974957491, 33.781857043170191 ], [ -111.534547974957491, 33.781949635371973 ], [ -111.534640566259952, 33.781949635371973 ], [ -111.534640566259952, 33.782042228473074 ], [ -111.534918345563199, 33.782042228473074 ], [ -111.534918345563199, 33.782227414675276 ], [ -111.53501093776498, 33.782227414675276 ], [ -111.53501093776498, 33.783338525593081 ], [ -111.535103529966761, 33.783338525593081 ], [ -111.535103529966761, 33.783431117794805 ], [ -111.535196123067863, 33.783431117794805 ], [ -111.535196123067863, 33.783523709996587 ], [ -111.535381308370688, 33.783523709996587 ], [ -111.535381308370688, 33.783431117794805 ], [ -111.535566493673571, 33.783431117794805 ], [ -111.535566493673571, 33.783338525593081 ], [ -111.535751678976396, 33.783338525593081 ], [ -111.535751678976396, 33.78324593159266 ], [ -111.536029456481003, 33.78324593159266 ], [ -111.536029456481003, 33.783153340290198 ], [ -111.537047974297764, 33.783153340290198 ], [ -111.537047974297764, 33.783060747189097 ], [ -111.537140568298184, 33.783060747189097 ], [ -111.537140568298184, 33.783153340290198 ], [ -111.537233159600589, 33.783153340290198 ], [ -111.537233159600589, 33.783338525593081 ], [ -111.53732575360101, 33.783338525593081 ], [ -111.53732575360101, 33.783431116895486 ], [ -111.538159086114888, 33.783431116895486 ], [ -111.538159086114888, 33.783523709996587 ], [ -111.538251679215989, 33.783523709996587 ], [ -111.538251679215989, 33.783616303097688 ], [ -111.538436864518815, 33.783616303097688 ], [ -111.538436864518815, 33.783708895299412 ], [ -111.538714642023422, 33.783708895299412 ], [ -111.538714642023422, 33.783894079702975 ], [ -111.538807235124523, 33.783894079702975 ], [ -111.538807235124523, 33.783986672804076 ], [ -111.538899827326304, 33.783986672804076 ], [ -111.538899827326304, 33.784079265905177 ], [ -111.538992419528086, 33.784079265905177 ], [ -111.538992419528086, 33.784171858106902 ], [ -111.539177604830911, 33.784171858106902 ], [ -111.539177604830911, 33.784264451208003 ], [ -111.539362790133794, 33.784264451208003 ], [ -111.539362790133794, 33.784171858106902 ], [ -111.539733160739502, 33.784171858106902 ], [ -111.539733160739502, 33.784264451208003 ], [ -111.539825753840603, 33.784264451208003 ], [ -111.539825753840603, 33.784449636510885 ], [ -111.539918346042327, 33.784449636510885 ], [ -111.539918346042327, 33.78454222871261 ], [ -111.540010939143428, 33.78454222871261 ], [ -111.540010939143428, 33.784634820914391 ], [ -111.54010353134521, 33.784634820914391 ], [ -111.54010353134521, 33.784820006217217 ], [ -111.540196124446311, 33.784820006217217 ], [ -111.540196124446311, 33.785190376822982 ], [ -111.540288716648035, 33.785190376822982 ], [ -111.540288716648035, 33.785375562125807 ], [ -111.540381308849817, 33.785375562125807 ], [ -111.540381308849817, 33.785468155226908 ], [ -111.540473901950918, 33.785468155226908 ], [ -111.540473901950918, 33.785560746529313 ], [ -111.540751679455525, 33.785560746529313 ], [ -111.540751679455525, 33.785375562125807 ], [ -111.540844271657306, 33.785375562125807 ], [ -111.540844271657306, 33.785282969024706 ], [ -111.540936864758407, 33.785282969024706 ], [ -111.540936864758407, 33.785190376822982 ], [ -111.541307235364116, 33.785190376822982 ], [ -111.541307235364116, 33.785097783721881 ], [ -111.541585012868723, 33.785097783721881 ], [ -111.541585012868723, 33.785005191520099 ], [ -111.541862791272649, 33.78500519062078 ], [ -111.541862791272649, 33.785097783721881 ], [ -111.543251679695061, 33.785097783721881 ], [ -111.543251679695061, 33.785190376822982 ], [ -111.54417760620936, 33.785190376822982 ], [ -111.54417760620936, 33.785097783721881 ], [ -111.545196124925383, 33.785097783721881 ], [ -111.545196124925383, 33.785190376822982 ], [ -111.545473902430047, 33.785190376822982 ], [ -111.545473902430047, 33.785282969024706 ], [ -111.545566496430467, 33.785282969024706 ], [ -111.545566496430467, 33.785375562125807 ], [ -111.545936866136799, 33.785375562125807 ], [ -111.545936866136799, 33.785468154327589 ], [ -111.546214644540783, 33.785468154327589 ], [ -111.546214644540783, 33.785560746529313 ], [ -111.547047977054604, 33.785560746529313 ], [ -111.547047977054604, 33.785653338731095 ], [ -111.547140570155705, 33.785653338731095 ], [ -111.547140570155705, 33.785745931832196 ], [ -111.547510939862093, 33.785745931832196 ], [ -111.547510939862093, 33.785838524933297 ], [ -111.547696126064295, 33.785838524933297 ], [ -111.547696126064295, 33.785931117135021 ], [ -111.548159088871785, 33.785931117135021 ], [ -111.548159088871785, 33.786023710236122 ], [ -111.548251681073509, 33.786023710236122 ], [ -111.548251681073509, 33.786116302437904 ], [ -111.548344273275291, 33.786116302437904 ], [ -111.548344273275291, 33.786208894639685 ], [ -111.548436867275711, 33.786208894639685 ], [ -111.548436867275711, 33.786394079942511 ], [ -111.548529458578173, 33.786394079942511 ], [ -111.548529458578173, 33.787042228052826 ], [ -111.5488072369821, 33.787042228052826 ], [ -111.5488072369821, 33.787134821153927 ], [ -111.548899830083201, 33.787134821153927 ], [ -111.548899830083201, 33.787412599557911 ], [ -111.548992421385606, 33.787412599557911 ], [ -111.548992421385606, 33.78732000555749 ], [ -111.549640570395297, 33.78732000555749 ], [ -111.549640570395297, 33.787227414255028 ], [ -111.550103534102107, 33.787227414255028 ], [ -111.550103534102107, 33.787412599557911 ], [ -111.550196126303831, 33.787412599557911 ], [ -111.550196126303831, 33.787505190860315 ], [ -111.550288718505612, 33.787505190860315 ], [ -111.550288718505612, 33.787597783961417 ], [ -111.550473903808495, 33.787597783961417 ], [ -111.550473903808495, 33.787505190860315 ], [ -111.550659089111321, 33.787505190860315 ], [ -111.550659089111321, 33.787412599557911 ], [ -111.550751681313102, 33.787412599557911 ], [ -111.550751681313102, 33.78732000555749 ], [ -111.550844275313523, 33.78732000555749 ], [ -111.550844275313523, 33.787227414255028 ], [ -111.550936866615928, 33.787227414255028 ], [ -111.550936866615928, 33.78732000555749 ], [ -111.551399829423417, 33.78732000555749 ], [ -111.551399829423417, 33.787227414255028 ], [ -111.551492423423838, 33.787227414255028 ], [ -111.551492423423838, 33.787134821153927 ], [ -111.5515850147263, 33.787134821153927 ], [ -111.5515850147263, 33.787042228052826 ], [ -111.55167760872672, 33.787042228052826 ], [ -111.55167760872672, 33.787134821153927 ], [ -111.551770200928445, 33.787134821153927 ], [ -111.551770200928445, 33.787227413355708 ], [ -111.552325755937716, 33.787227413355708 ], [ -111.552325755937716, 33.78732000555749 ], [ -111.55241834903876, 33.78732000555749 ], [ -111.55241834903876, 33.787412599557911 ], [ -111.552510941240541, 33.787412599557911 ], [ -111.552510941240541, 33.787505190860315 ], [ -111.552603534341642, 33.787505190860315 ], [ -111.552603534341642, 33.787597783961417 ], [ -111.552788719644525, 33.787597783961417 ], [ -111.552788719644525, 33.787690376163198 ], [ -111.553159089350856, 33.787690376163198 ], [ -111.553159089350856, 33.787782968364922 ], [ -111.553622053057666, 33.787782968364922 ], [ -111.553622053057666, 33.787875562365343 ], [ -111.553807237461228, 33.787875562365343 ], [ -111.553807237461228, 33.787968153667805 ], [ -111.553899831461649, 33.787968153667805 ], [ -111.553899831461649, 33.788153338970687 ], [ -111.553992422764054, 33.788153338970687 ], [ -111.553992422764054, 33.789264450787812 ], [ -111.554085015865155, 33.789264450787812 ], [ -111.554085015865155, 33.789357042989536 ], [ -111.554362794269082, 33.789357042989536 ], [ -111.554362794269082, 33.789449636090637 ], [ -111.554547979571964, 33.789449636090637 ], [ -111.554547979571964, 33.789542227393099 ], [ -111.554640571773746, 33.789542227393099 ], [ -111.554640571773746, 33.78963482139352 ], [ -111.55473316397547, 33.78963482139352 ], [ -111.55473316397547, 33.789727413595244 ], [ -111.554825757076571, 33.789727413595244 ], [ -111.554825757076571, 33.790190376402734 ], [ -111.554918349278353, 33.790190376402734 ], [ -111.554918349278353, 33.790282969503835 ], [ -111.555010942379454, 33.790282969503835 ], [ -111.555010942379454, 33.790468155706037 ], [ -111.555103534581178, 33.790468155706037 ], [ -111.555103534581178, 33.790653339210223 ], [ -111.555196128581599, 33.790653339210223 ], [ -111.555196128581599, 33.790745932311324 ], [ -111.555288719884061, 33.790745932311324 ], [ -111.555288719884061, 33.790838524513049 ], [ -111.555381312985162, 33.790838524513049 ], [ -111.555381312985162, 33.79093111851347 ], [ -111.555473905186886, 33.79093111851347 ], [ -111.555473905186886, 33.791023709815931 ], [ -111.555566497388668, 33.791023709815931 ], [ -111.555566497388668, 33.791116303816352 ], [ -111.555844276691971, 33.791116303816352 ], [ -111.555844276691971, 33.791023709815931 ], [ -111.556029461095477, 33.791023709815931 ], [ -111.556029461095477, 33.79093111761415 ], [ -111.556492423902966, 33.79093111761415 ], [ -111.556492423902966, 33.790838524513049 ], [ -111.556862794508675, 33.790838524513049 ], [ -111.556862794508675, 33.79093111761415 ], [ -111.55751094261899, 33.79093111761415 ], [ -111.55751094261899, 33.791023709815931 ], [ -111.557973905426479, 33.791023709815931 ], [ -111.557973905426479, 33.791116303816352 ], [ -111.558066497628261, 33.791116303816352 ], [ -111.558066497628261, 33.791208895118757 ], [ -111.558159090729305, 33.791208895118757 ], [ -111.558159090729305, 33.791116303816352 ], [ -111.558344276032187, 33.791116303816352 ], [ -111.558344276032187, 33.791023709815931 ], [ -111.558436869133288, 33.791023709815931 ], [ -111.558436869133288, 33.79093111761415 ], [ -111.558529462234389, 33.79093111761415 ], [ -111.558529462234389, 33.790838524513049 ], [ -111.558622053536794, 33.790838524513049 ], [ -111.558622053536794, 33.790745932311324 ], [ -111.55936279474821, 33.790745932311324 ], [ -111.55936279474821, 33.790838524513049 ], [ -111.559733165353919, 33.790838524513049 ], [ -111.559733165353919, 33.79093111761415 ], [ -111.55982575845502, 33.79093111761415 ], [ -111.55982575845502, 33.791023709815931 ], [ -111.560010942858526, 33.791023709815931 ], [ -111.560010942858526, 33.791116303816352 ], [ -111.560103535959627, 33.791116302017713 ], [ -111.560103535959627, 33.791208895118757 ], [ -111.560196129060728, 33.791208895118757 ], [ -111.560196129060728, 33.791301487320538 ], [ -111.560288721262509, 33.791301487320538 ], [ -111.560288721262509, 33.79139408042164 ], [ -111.560473905666015, 33.79139408042164 ], [ -111.560473905666015, 33.791301487320538 ], [ -111.560751684069999, 33.791301487320538 ], [ -111.560751684069999, 33.791208895118757 ], [ -111.560936868473505, 33.791208895118757 ], [ -111.560936868473505, 33.791116302017713 ], [ -111.561307239978532, 33.791116302017713 ], [ -111.561307239978532, 33.791208895118757 ], [ -111.561955388088847, 33.791208895118757 ], [ -111.561955388088847, 33.791301487320538 ], [ -111.56214057339173, 33.791301487320538 ], [ -111.56214057339173, 33.79139408042164 ], [ -111.562233165593511, 33.79139408042164 ], [ -111.562233165593511, 33.791486672623421 ], [ -111.562325758694612, 33.791486672623421 ], [ -111.562325758694612, 33.791579265724522 ], [ -111.562418350896337, 33.791579265724522 ], [ -111.562418350896337, 33.791671857926247 ], [ -111.562510943997438, 33.791671857926247 ], [ -111.562510943997438, 33.791764450128028 ], [ -111.562603536199219, 33.791764450128028 ], [ -111.562603537098539, 33.791857043229129 ], [ -111.562696129300321, 33.791857043229129 ], [ -111.562696129300321, 33.791949635430854 ], [ -111.562788722401365, 33.791949635430854 ], [ -111.562788722401365, 33.792042228531955 ], [ -111.562881313703826, 33.792042228531955 ], [ -111.562881313703826, 33.792134820733736 ], [ -111.563714648016344, 33.792134820733736 ], [ -111.563714648016344, 33.792412598238343 ], [ -111.563807240218125, 33.792412598238343 ], [ -111.563807241117445, 33.792505191339444 ], [ -111.563899833319169, 33.792505191339444 ], [ -111.563899833319169, 33.792597783541225 ], [ -111.563992425520951, 33.792597783541225 ], [ -111.563992425520951, 33.792690377541646 ], [ -111.564085018622052, 33.792690377541646 ], [ -111.564085018622052, 33.792782968844051 ], [ -111.564177610823833, 33.792782968844051 ], [ -111.564177610823833, 33.792875561945152 ], [ -111.564270203924877, 33.792875561945152 ], [ -111.564270203924877, 33.792968154146934 ], [ -111.564362796126659, 33.792968154146934 ], [ -111.564362796126659, 33.793060746348658 ], [ -111.56445538922776, 33.793060746348658 ], [ -111.56445538922776, 33.793153340349079 ], [ -111.564547981429541, 33.793153340349079 ], [ -111.564547981429541, 33.793245931651541 ], [ -111.564640573631266, 33.793245931651541 ], [ -111.564640573631266, 33.793338525651961 ], [ -111.564733167631687, 33.793338525651961 ], [ -111.564733167631687, 33.794264451266883 ], [ -111.564640573631266, 33.794264451266883 ], [ -111.564640573631266, 33.794634820973272 ], [ -111.564547982328861, 33.794634820973272 ], [ -111.564547982328861, 33.794912599377255 ], [ -111.56445538922776, 33.794912599377255 ], [ -111.56445538922776, 33.795097783780761 ], [ -111.564362796126659, 33.795097783780761 ], [ -111.564362796126659, 33.795282969982964 ], [ -111.564270203924877, 33.795282969982964 ], [ -111.564270203924877, 33.795468154386469 ], [ -111.564177610823833, 33.795468154386469 ], [ -111.564177610823833, 33.795653339689352 ], [ -111.564085019521372, 33.795653339689352 ], [ -111.564085019521372, 33.795745932790453 ], [ -111.563992425520951, 33.795745932790453 ], [ -111.563992425520951, 33.795838524992178 ], [ -111.563899833319169, 33.795838524992178 ], [ -111.563899833319169, 33.795931118093279 ], [ -111.563807241117445, 33.795931118093279 ], [ -111.563807241117445, 33.796116302496785 ], [ -111.563899833319169, 33.796116302496785 ], [ -111.563899833319169, 33.796301487799667 ], [ -111.563992425520951, 33.796301487799667 ], [ -111.563992425520951, 33.796764450607157 ], [ -111.563899833319169, 33.796764450607157 ], [ -111.563899833319169, 33.796857043708258 ], [ -111.563807241117445, 33.796857043708258 ], [ -111.563807241117445, 33.796949635909982 ], [ -111.563714648016344, 33.796949635909982 ], [ -111.563714648016344, 33.797042229011083 ], [ -111.563622055814562, 33.797042229011083 ], [ -111.563622055814562, 33.797134822112184 ], [ -111.563529462713461, 33.797134822112184 ], [ -111.563529462713461, 33.797227414313966 ], [ -111.563436870511737, 33.797227414313966 ], [ -111.563436870511737, 33.797412599616791 ], [ -111.563344278309955, 33.797412599616791 ], [ -111.563344278309955, 33.797690377121398 ], [ -111.563251685208854, 33.797690377121398 ], [ -111.563251685208854, 33.798801488938523 ], [ -111.563159093007073, 33.798801488938523 ], [ -111.563159093007073, 33.799357043947793 ], [ -111.563066499906029, 33.799357043947793 ], [ -111.563066499906029, 33.799820006755283 ], [ -111.562973907704247, 33.799820006755283 ], [ -111.562973907704247, 33.800005192058109 ], [ -111.562881314603146, 33.800005192058109 ], [ -111.562881314603146, 33.800282970462092 ], [ -111.562973907704247, 33.800282970462092 ], [ -111.562973907704247, 33.800560747966699 ], [ -111.563066499906029, 33.800560747966699 ], [ -111.563066499906029, 33.8006533410678 ], [ -111.563159093007073, 33.8006533410678 ], [ -111.563159093007073, 33.800838525471306 ], [ -111.563251685208854, 33.800838525471306 ], [ -111.563251685208854, 33.800931119471727 ], [ -111.563344278309955, 33.800931119471727 ], [ -111.563344278309955, 33.801116303875233 ], [ -111.563251685208854, 33.801116303875233 ], [ -111.563251686108174, 33.801671858884504 ], [ -111.563159093007073, 33.801671858884504 ], [ -111.563159093007073, 33.802134821691993 ], [ -111.563344278309955, 33.802134821691993 ], [ -111.563344278309955, 33.80370889631655 ], [ -111.563251686108174, 33.80370889631655 ], [ -111.563251686108174, 33.804357044426922 ], [ -111.563066500805348, 33.804357044426922 ], [ -111.563066500805348, 33.804449638427343 ], [ -111.562973907704247, 33.804449638427343 ], [ -111.562973907704247, 33.804542229729748 ], [ -111.562881314603146, 33.804542229729748 ], [ -111.562881314603146, 33.804634823730169 ], [ -111.562788723300741, 33.804634823730169 ], [ -111.562788723300741, 33.80472741503263 ], [ -111.56269613019964, 33.80472741503263 ], [ -111.56269613019964, 33.804820007234355 ], [ -111.562603537098539, 33.804820007234355 ], [ -111.562603537997859, 33.805190377840063 ], [ -111.56269613019964, 33.805190377840063 ], [ -111.56269613019964, 33.805468155344727 ], [ -111.562788723300741, 33.805468155344727 ], [ -111.562788723300741, 33.805560749345148 ], [ -111.562881314603146, 33.805560749345148 ], [ -111.562881314603146, 33.805653340647552 ], [ -111.562973907704247, 33.805653340647552 ], [ -111.562973907704247, 33.805838526849755 ], [ -111.562881314603146, 33.805838526849755 ], [ -111.562881314603146, 33.805931118152159 ], [ -111.56269613019964, 33.805931118152159 ], [ -111.56269613019964, 33.80602371215258 ], [ -111.562510944896758, 33.80602371215258 ], [ -111.562510944896758, 33.805931118152159 ], [ -111.562140575190369, 33.805931118152159 ], [ -111.562140575190369, 33.80602371215258 ], [ -111.562047982089268, 33.80602371215258 ], [ -111.562047982089268, 33.806116304354362 ], [ -111.561955388988224, 33.806116304354362 ], [ -111.561955388988224, 33.806208897455463 ], [ -111.561862796786443, 33.806208897455463 ], [ -111.561862796786443, 33.806301489657244 ], [ -111.561770203685342, 33.806301489657244 ], [ -111.561770203685342, 33.806394082758345 ], [ -111.56167761148356, 33.806394082758345 ], [ -111.56167761148356, 33.80648667496007 ], [ -111.561585019281836, 33.80648667496007 ], [ -111.561585019281836, 33.806579267161851 ], [ -111.561492426180735, 33.806579267161851 ], [ -111.561492426180735, 33.806671860262952 ], [ -111.561214647776808, 33.806671860262952 ], [ -111.561214647776808, 33.806764452464677 ], [ -111.561122056474346, 33.806764452464677 ], [ -111.561122056474346, 33.806857045565778 ], [ -111.561029463373245, 33.806857045565778 ], [ -111.561029463373245, 33.80704223176798 ], [ -111.560936871171464, 33.80704223176798 ], [ -111.560936871171464, 33.807134823070385 ], [ -111.560844278070419, 33.807134823070385 ], [ -111.560844278070419, 33.807227415272166 ], [ -111.560751684969318, 33.807227415272166 ], [ -111.560751684969318, 33.807320008373267 ], [ -111.560659092767537, 33.807320008373267 ], [ -111.560659092767537, 33.807412600575049 ], [ -111.560566499666436, 33.807412600575049 ], [ -111.560566499666436, 33.807505194575469 ], [ -111.560473908364031, 33.807505194575469 ], [ -111.560473908364031, 33.807597785877874 ], [ -111.56038131526293, 33.807597785877874 ], [ -111.56038131526293, 33.807690378978975 ], [ -111.560288722161829, 33.807690378978975 ], [ -111.560288722161829, 33.807875563382481 ], [ -111.560196129960048, 33.807875563382481 ], [ -111.560196129960048, 33.808523711492853 ], [ -111.560103536858946, 33.808523711492853 ], [ -111.560103536858946, 33.80880148989678 ], [ -111.560010945556542, 33.80880148989678 ], [ -111.560010945556542, 33.808986675199662 ], [ -111.559918351556121, 33.808986675199662 ], [ -111.559918351556121, 33.809264453603589 ], [ -111.559825759354339, 33.809264453603589 ], [ -111.559825760253659, 33.809449638007095 ], [ -111.559733167152615, 33.809449638007095 ], [ -111.559733167152615, 33.809542231108196 ], [ -111.559640574051514, 33.809542231108196 ], [ -111.559640574051514, 33.809727416411079 ], [ -111.559547981849732, 33.809727416411079 ], [ -111.559547981849732, 33.810282971420293 ], [ -111.559640574051514, 33.810282971420293 ], [ -111.559640574051514, 33.810838528228203 ], [ -111.559547981849732, 33.810838528228203 ], [ -111.559547981849732, 33.810931119530608 ], [ -111.559455388748631, 33.810931119530608 ], [ -111.559455388748631, 33.811023713531029 ], [ -111.559362797446227, 33.811023713531029 ], [ -111.559362797446227, 33.81111630483349 ], [ -111.559270203445806, 33.81111630483349 ], [ -111.559270203445806, 33.811208897934591 ], [ -111.559177611244024, 33.811208897934591 ], [ -111.559177611244024, 33.811394083237417 ], [ -111.559085019042243, 33.811394083237417 ], [ -111.559085019042243, 33.811486676338518 ], [ -111.558992425941142, 33.811486676338518 ], [ -111.558992425941142, 33.81157926764098 ], [ -111.558899834638737, 33.81157926764098 ], [ -111.558899834638737, 33.811949639146007 ], [ -111.558807240638316, 33.811949639146007 ], [ -111.558807240638316, 33.812134824448833 ], [ -111.558899834638737, 33.812134824448833 ], [ -111.558899834638737, 33.812505194155221 ], [ -111.558992425941142, 33.812505194155221 ], [ -111.558992425941142, 33.812690379458104 ], [ -111.559085019042243, 33.812690379458104 ], [ -111.559085019042243, 33.812782971659885 ], [ -111.559177611244024, 33.812782971659885 ], [ -111.559177612143344, 33.813616305972346 ], [ -111.559270203445806, 33.813616305972346 ], [ -111.559270203445806, 33.813894084376329 ], [ -111.559362797446227, 33.813894084376329 ], [ -111.559362797446227, 33.814079268779835 ], [ -111.559270203445806, 33.814079268779835 ], [ -111.559270203445806, 33.814449639385543 ], [ -111.559362797446227, 33.814449639385543 ], [ -111.559362797446227, 33.81472741689015 ], [ -111.559177612143344, 33.81472741689015 ], [ -111.559177612143344, 33.814634823789106 ], [ -111.558807240638316, 33.814634823789106 ], [ -111.558807240638316, 33.814542231587325 ], [ -111.557418352215905, 33.814542231587325 ], [ -111.557418352215905, 33.814634823789106 ], [ -111.557325759114804, 33.814634823789106 ], [ -111.557325759114804, 33.814912602193033 ], [ -111.557233166913022, 33.814912602193033 ], [ -111.557233166913022, 33.815097788395235 ], [ -111.557140574711298, 33.815097788395235 ], [ -111.557140574711298, 33.81519037969764 ], [ -111.556862795407994, 33.81519037969764 ], [ -111.556862795407994, 33.815282972798741 ], [ -111.556585018802707, 33.815282972798741 ], [ -111.556585018802707, 33.815375565000522 ], [ -111.556492426600926, 33.815375565000522 ], [ -111.556492426600926, 33.815282972798741 ], [ -111.556029463793493, 33.815282972798741 ], [ -111.556029463793493, 33.81519037969764 ], [ -111.555566499187307, 33.81519037969764 ], [ -111.555566499187307, 33.815282972798741 ], [ -111.555473906985583, 33.815282972798741 ], [ -111.555473906985583, 33.815375565000522 ], [ -111.5552887216827, 33.815375565000522 ], [ -111.5552887216827, 33.815468158101623 ], [ -111.555196129480976, 33.815468158101623 ], [ -111.555196129480976, 33.815560751202668 ], [ -111.555010944178093, 33.815560751202668 ], [ -111.555010944178093, 33.815653342505129 ], [ -111.554918351976312, 33.815653342505129 ], [ -111.554918351976312, 33.815838527807955 ], [ -111.554825758875268, 33.815838528707332 ], [ -111.554825758875268, 33.815931120909056 ], [ -111.554362796067778, 33.815931120909056 ], [ -111.554362796067778, 33.816023714010157 ], [ -111.554085018563171, 33.816023714010157 ], [ -111.554085018563171, 33.816116306211939 ], [ -111.55399242546207, 33.816116306211939 ], [ -111.55399242546207, 33.81620889931304 ], [ -111.552881313644946, 33.81620889931304 ], [ -111.552881313644946, 33.816301491514764 ], [ -111.552788722342484, 33.816301491514764 ], [ -111.552788722342484, 33.816486676817647 ], [ -111.552696128342063, 33.816486676817647 ], [ -111.552696128342063, 33.816671862120472 ], [ -111.552603536140282, 33.816671862120472 ], [ -111.552603536140282, 33.816857047423355 ], [ -111.552418350837456, 33.816857047423355 ], [ -111.552418350837456, 33.817320010230844 ], [ -111.552510943938557, 33.817320010230844 ], [ -111.552510943938557, 33.817690380836552 ], [ -111.552603536140282, 33.817690380836552 ], [ -111.552603536140282, 33.818153344543362 ], [ -111.552510943938557, 33.818153344543362 ], [ -111.552510943938557, 33.818245935845766 ], [ -111.552418350837456, 33.818245935845766 ], [ -111.552418350837456, 33.818338528946867 ], [ -111.552325759534995, 33.818338528946867 ], [ -111.552325759534995, 33.818431122047969 ], [ -111.552233165534574, 33.818431122047969 ], [ -111.552233165534574, 33.818616307350794 ], [ -111.552140573332849, 33.818616307350794 ], [ -111.552140573332849, 33.818801492653677 ], [ -111.552047981131068, 33.818801492653677 ], [ -111.552047981131068, 33.819079270158284 ], [ -111.551955388029967, 33.819079270158284 ], [ -111.551955388029967, 33.819171861460745 ], [ -111.551862795828185, 33.819171861460745 ], [ -111.551862795828185, 33.819357047662891 ], [ -111.551770202727141, 33.819357047662891 ], [ -111.551770202727141, 33.819449640763992 ], [ -111.55167761052536, 33.819449640763992 ], [ -111.55167761052536, 33.819542232965773 ], [ -111.551585017424259, 33.819542232965773 ], [ -111.551585017424259, 33.819634826066874 ], [ -111.551492425222477, 33.819634826066874 ], [ -111.551492425222477, 33.819727418268599 ], [ -111.551399833020753, 33.819727418268599 ], [ -111.551399833020753, 33.820468158580695 ], [ -111.551307239919652, 33.820468158580695 ], [ -111.551307239919652, 33.820745936984679 ], [ -111.551122054616769, 33.820745936984679 ], [ -111.551122054616769, 33.820838529186403 ], [ -111.550844277112162, 33.820838529186403 ], [ -111.550844277112162, 33.820745936984679 ], [ -111.550751684011061, 33.820745936984679 ], [ -111.550751684011061, 33.820838529186403 ], [ -111.550196129001847, 33.820838529186403 ], [ -111.550196129001847, 33.821301491993893 ], [ -111.550103535900746, 33.821301491993893 ], [ -111.550103535900746, 33.8215792694985 ], [ -111.550010943698965, 33.8215792694985 ], [ -111.550010943698965, 33.821857048801803 ], [ -111.54991835149724, 33.821857048801803 ], [ -111.54991835149724, 33.822227418508191 ], [ -111.549825757496819, 33.822227418508191 ], [ -111.549825757496819, 33.822320011609293 ], [ -111.549733166194358, 33.822320011609293 ], [ -111.549733166194358, 33.822412603811017 ], [ -111.549640573093257, 33.822412603811017 ], [ -111.549640573093257, 33.822505196012798 ], [ -111.549547980891532, 33.822505196012798 ], [ -111.549547980891532, 33.8225977891139 ], [ -111.549455387790431, 33.8225977891139 ], [ -111.549455387790431, 33.822968159719608 ], [ -111.54936279468933, 33.822968159719608 ], [ -111.54936279558865, 33.823431122527097 ], [ -111.549270203386868, 33.823431122527097 ], [ -111.549270203386868, 33.823523714728822 ], [ -111.549177610285767, 33.823523714728822 ], [ -111.549177610285767, 33.823616308729243 ], [ -111.549085018084043, 33.823616308729243 ], [ -111.549085018084043, 33.823708900031704 ], [ -111.54889983188184, 33.823708900031704 ], [ -111.54889983188184, 33.823801492233486 ], [ -111.548807239680059, 33.823801492233486 ], [ -111.548807239680059, 33.823894086233906 ], [ -111.548622055276553, 33.823894086233906 ], [ -111.548622055276553, 33.823986677536311 ], [ -111.548436869074351, 33.823986677536311 ], [ -111.548436869074351, 33.824079271536732 ], [ -111.547973906266918, 33.824079271536732 ], [ -111.547973906266918, 33.824171862839194 ], [ -111.54704797975262, 33.824171862839194 ], [ -111.54704797975262, 33.824079271536732 ], [ -111.546307239440523, 33.824079271536732 ], [ -111.546307239440523, 33.824171862839194 ], [ -111.546214647238742, 33.824171862839194 ], [ -111.546214647238742, 33.824264455940238 ], [ -111.546122054137641, 33.824264455940238 ], [ -111.546122054137641, 33.824357049041339 ], [ -111.546029461935916, 33.824357049041339 ], [ -111.546029461935916, 33.824449640343801 ], [ -111.545936868834815, 33.824449640343801 ], [ -111.545936868834815, 33.824542234344221 ], [ -111.545844275733714, 33.824542234344221 ], [ -111.545844275733714, 33.824634826546003 ], [ -111.545751683531932, 33.824634826546003 ], [ -111.545751683531932, 33.824727419647047 ], [ -111.545659091330208, 33.824727419647047 ], [ -111.545659091330208, 33.824820011848828 ], [ -111.545381312926224, 33.824820011848828 ], [ -111.545381312926224, 33.82491260405061 ], [ -111.5452887207245, 33.82491260405061 ], [ -111.5452887207245, 33.825005197151711 ], [ -111.545103535421617, 33.825005197151711 ], [ -111.545103535421617, 33.825097789353435 ], [ -111.545010943219836, 33.825097789353435 ], [ -111.545010943219836, 33.825190382454537 ], [ -111.544918350118792, 33.825190382454537 ], [ -111.544918350118792, 33.825282974656318 ], [ -111.54482575791701, 33.825282974656318 ], [ -111.54482575791701, 33.825468159959144 ], [ -111.544733164815909, 33.825468159959144 ], [ -111.544733164815909, 33.825560753060245 ], [ -111.544640571714808, 33.825560753060245 ], [ -111.544640571714808, 33.825653345262026 ], [ -111.544547980412403, 33.825653345262026 ], [ -111.544547980412403, 33.825745937463807 ], [ -111.544455386411983, 33.825745937463807 ], [ -111.544455386411983, 33.825838530564852 ], [ -111.544362795109521, 33.825838530564852 ], [ -111.544362795109521, 33.825931122766633 ], [ -111.54427020200842, 33.825931122766633 ], [ -111.54427020200842, 33.826023715867734 ], [ -111.544177608907376, 33.826023715867734 ], [ -111.544177609806695, 33.826486679574543 ], [ -111.544085017604914, 33.826486679574543 ], [ -111.544085017604914, 33.826671863978049 ], [ -111.543992423604493, 33.826671863978049 ], [ -111.543992423604493, 33.82676445707915 ], [ -111.543899832302031, 33.82676445707915 ], [ -111.543899832302031, 33.826857048381612 ], [ -111.543807238301611, 33.826857048381612 ], [ -111.543807238301611, 33.826949642382033 ], [ -111.543899832302031, 33.826949642382033 ], [ -111.543899832302031, 33.827042233684438 ], [ -111.544085017604914, 33.827042233684438 ], [ -111.544085017604914, 33.827690382694072 ], [ -111.544177609806695, 33.827690382694072 ], [ -111.544177609806695, 33.828245937703343 ], [ -111.544085017604914, 33.828245937703343 ], [ -111.544085017604914, 33.828338530804444 ], [ -111.543992423604493, 33.828338530804444 ], [ -111.543992423604493, 33.828708901410153 ], [ -111.543899832302031, 33.828708901410153 ], [ -111.543899832302031, 33.828801493611877 ], [ -111.543992423604493, 33.828801493611877 ], [ -111.543992423604493, 33.829264457318686 ], [ -111.543899832302031, 33.829264457318686 ], [ -111.543899832302031, 33.829634827025075 ], [ -111.543807238301611, 33.829634827025075 ], [ -111.543807238301611, 33.830005197630783 ], [ -111.543714646999206, 33.830005197630783 ], [ -111.543714646999206, 33.830375568236491 ], [ -111.543622053898105, 33.830375568236491 ], [ -111.543622053898105, 33.830653345741155 ], [ -111.543529461696323, 33.830653345741155 ], [ -111.543529461696323, 33.831208901649688 ], [ -111.543622053898105, 33.831208901649688 ], [ -111.543622053898105, 33.831486679154295 ], [ -111.543714646999206, 33.831486679154295 ], [ -111.543714646999206, 33.831579272255397 ], [ -111.543807238301611, 33.831579272255397 ], [ -111.543807238301611, 33.831671865356498 ], [ -111.543992424503813, 33.831671865356498 ], [ -111.543992424503813, 33.831764456658959 ], [ -111.544177609806695, 33.831764456658959 ], [ -111.544177609806695, 33.831949641961785 ], [ -111.544270202907796, 33.831949641961785 ], [ -111.544270202907796, 33.832134828163987 ], [ -111.544362795109521, 33.832134828163987 ], [ -111.544362795109521, 33.832320013466813 ], [ -111.544455387311302, 33.832320013466813 ], [ -111.544455387311302, 33.832412604769274 ], [ -111.544640572614128, 33.832412604769274 ], [ -111.544640572614128, 33.832505197870375 ], [ -111.54482575791701, 33.832505197870375 ], [ -111.54482575791701, 33.832597790971477 ], [ -111.544918351018111, 33.832597790971477 ], [ -111.544918351018111, 33.832690383173201 ], [ -111.545010943219836, 33.832690383173201 ], [ -111.545010943219836, 33.832875567576764 ], [ -111.545103535421617, 33.832875567576764 ], [ -111.545103535421617, 33.832968161577185 ], [ -111.5452887207245, 33.832968161577185 ], [ -111.5452887207245, 33.833060753778909 ], [ -111.545473906926645, 33.833060753778909 ], [ -111.545473906926645, 33.833153345980691 ], [ -111.545566499128427, 33.833153345980691 ], [ -111.545566499128427, 33.833245939081792 ], [ -111.545751683531932, 33.833245939081792 ], [ -111.545751683531932, 33.833338530384196 ], [ -111.545936869734135, 33.833338530384196 ], [ -111.545936869734135, 33.833431124384617 ], [ -111.546122055037017, 33.833431124384617 ], [ -111.546122055037017, 33.833523716586399 ], [ -111.546307240339843, 33.833523716586399 ], [ -111.546307240339843, 33.8336163096875 ], [ -111.546399832541624, 33.8336163096875 ], [ -111.546399832541624, 33.833894087192107 ], [ -111.546492424743406, 33.833894087192107 ], [ -111.546492424743406, 33.834264456898495 ], [ -111.54658501784445, 33.834264456898495 ], [ -111.54658501784445, 33.834449643100697 ], [ -111.546677610945551, 33.834449643100697 ], [ -111.546677610945551, 33.834542235302422 ], [ -111.546770203147332, 33.834542235302422 ], [ -111.546770203147332, 33.834634827504203 ], [ -111.546862796248433, 33.834634827504203 ], [ -111.546862796248433, 33.834727420605304 ], [ -111.546955388450158, 33.834727420605304 ], [ -111.546955388450158, 33.834820012807086 ], [ -111.547047980651939, 33.834820012807086 ], [ -111.547047980651939, 33.83491260590813 ], [ -111.54714057375304, 33.83491260590813 ], [ -111.54714057375304, 33.835375569614939 ], [ -111.547233165954822, 33.835375569614939 ], [ -111.547233165954822, 33.835560754018502 ], [ -111.547325759055866, 33.835560754018502 ], [ -111.547325759055866, 33.835745938422008 ], [ -111.547418352156967, 33.835745938422008 ], [ -111.547418352156967, 33.83593112372489 ], [ -111.547510943459429, 33.83593112372489 ], [ -111.547510943459429, 33.836023717725311 ], [ -111.54760353745985, 33.836023717725311 ], [ -111.54760353745985, 33.836116309927036 ], [ -111.547696128762254, 33.836116309927036 ], [ -111.547696128762254, 33.836208901229497 ], [ -111.547788721863355, 33.836208901229497 ], [ -111.547788721863355, 33.836301495229918 ], [ -111.547881314964457, 33.836301495229918 ], [ -111.547881314964457, 33.836394086532323 ], [ -111.547973907166238, 33.836394086532323 ], [ -111.547973907166238, 33.836579272734525 ], [ -111.548066500267339, 33.836579272734525 ], [ -111.548066500267339, 33.836671865835626 ], [ -111.548159092469064, 33.836671865835626 ], [ -111.548159092469064, 33.836764458037408 ], [ -111.548251684670845, 33.836764458037408 ], [ -111.548251684670845, 33.836949643340233 ], [ -111.548344277771946, 33.836949643340233 ], [ -111.548344277771946, 33.837597791450548 ], [ -111.548251684670845, 33.837597791450548 ], [ -111.548251684670845, 33.838338531762645 ], [ -111.548344277771946, 33.838338531762645 ], [ -111.548344277771946, 33.838616309267309 ], [ -111.548251684670845, 33.838616309267309 ], [ -111.548251684670845, 33.838801494570134 ], [ -111.548344277771946, 33.838801494570134 ], [ -111.548344277771946, 33.838986679873017 ], [ -111.548436870873047, 33.838986679873017 ], [ -111.548436870873047, 33.839264457377624 ], [ -111.548344277771946, 33.839264457377624 ], [ -111.548344277771946, 33.839449642680449 ], [ -111.548251684670845, 33.839449642680449 ], [ -111.548251684670845, 33.83954223668087 ], [ -111.548159092469064, 33.83954223668087 ], [ -111.548159092469064, 33.839634828882652 ], [ -111.548066500267339, 33.839634828882652 ], [ -111.548066500267339, 33.839820014185534 ], [ -111.547973908065558, 33.839820014185534 ], [ -111.547973908065558, 33.839912605487939 ], [ -111.547881314964457, 33.839912605487939 ], [ -111.547881314964457, 33.840097791690141 ], [ -111.547788721863355, 33.840097791690141 ], [ -111.547788721863355, 33.840560754497574 ], [ -111.547696129661631, 33.840560754497574 ], [ -111.547696129661631, 33.840838532002238 ], [ -111.54760353745985, 33.840838532002238 ], [ -111.54760353745985, 33.841208902607946 ], [ -111.547510944358748, 33.841208902607946 ], [ -111.547510944358748, 33.841486681011872 ], [ -111.54760353745985, 33.841486681011872 ], [ -111.54760353745985, 33.842042236021143 ], [ -111.547510944358748, 33.842042236021143 ], [ -111.547510944358748, 33.842505198828576 ], [ -111.547418352156967, 33.842505198828576 ], [ -111.547418352156967, 33.843338533141093 ], [ -111.547325759955243, 33.843338533141093 ], [ -111.547325759955243, 33.843431125342875 ], [ -111.547233166854141, 33.843431125342875 ], [ -111.547233166854141, 33.843523718443976 ], [ -111.547047981551259, 33.843523718443976 ], [ -111.547047981551259, 33.8436163106457 ], [ -111.546492426542045, 33.8436163106457 ], [ -111.546492426542045, 33.843708902847482 ], [ -111.546029462835236, 33.843708902847482 ], [ -111.546029462835236, 33.8436163106457 ], [ -111.545936869734135, 33.8436163106457 ], [ -111.545936869734135, 33.843523718443976 ], [ -111.545473906926645, 33.843523718443976 ], [ -111.545473906926645, 33.8436163106457 ], [ -111.54528872162382, 33.8436163106457 ], [ -111.54528872162382, 33.843523718443976 ], [ -111.545010944119213, 33.843523718443976 ], [ -111.545010944119213, 33.843431126242194 ], [ -111.544270202907796, 33.843431126242194 ], [ -111.544270202907796, 33.843338533141093 ], [ -111.544177610706015, 33.843338533141093 ], [ -111.544177610706015, 33.843431126242194 ], [ -111.543899833201408, 33.843431126242194 ], [ -111.543899833201408, 33.843523718443976 ], [ -111.543714647898526, 33.843523718443976 ], [ -111.543714647898526, 33.8436163106457 ], [ -111.5435294625957, 33.8436163106457 ], [ -111.5435294625957, 33.843708902847482 ], [ -111.543436870393919, 33.843708902847482 ], [ -111.543436870393919, 33.843801495948583 ], [ -111.543066498888891, 33.843801495948583 ], [ -111.54306649978821, 33.843894089049684 ], [ -111.542881313586008, 33.843894089049684 ], [ -111.542881313586008, 33.843986681251465 ], [ -111.542788722283603, 33.843986681251465 ], [ -111.542788722283603, 33.844079274352509 ], [ -111.542696128283183, 33.844079274352509 ], [ -111.542696128283183, 33.844171865654971 ], [ -111.542603536081401, 33.844171865654971 ], [ -111.542603536081401, 33.844264458756072 ], [ -111.542325759476114, 33.844264458756072 ], [ -111.542325759476114, 33.844357051857173 ], [ -111.542140573273912, 33.844357051857173 ], [ -111.542140573273912, 33.844449644058898 ], [ -111.541770202668204, 33.844449644058898 ], [ -111.541770202668204, 33.844542237159999 ], [ -111.541585017365378, 33.844542237159999 ], [ -111.541585017365378, 33.844820014664606 ], [ -111.541492425163597, 33.844820014664606 ], [ -111.541492425163597, 33.844912606866387 ], [ -111.541399832961815, 33.844912606866387 ], [ -111.541399832961815, 33.845005199967488 ], [ -111.541307239860714, 33.845005199967488 ], [ -111.541307239860714, 33.845097793068589 ], [ -111.54121464765899, 33.845097793068589 ], [ -111.54121464765899, 33.845190385270314 ], [ -111.541122054557889, 33.845190385270314 ], [ -111.541122054557889, 33.845282978371415 ], [ -111.540936869255006, 33.845282978371415 ], [ -111.540936869255006, 33.845190385270314 ], [ -111.540844277053282, 33.845190385270314 ], [ -111.540844277053282, 33.845097793068589 ], [ -111.54075168395218, 33.845097793068589 ], [ -111.54075168395218, 33.845005199967488 ], [ -111.539918351438303, 33.845005199967488 ], [ -111.539918351438303, 33.844912606866387 ], [ -111.539825757437882, 33.844912606866387 ], [ -111.539825757437882, 33.844820014664606 ], [ -111.539085017125785, 33.844820014664606 ], [ -111.539085017125785, 33.844727421563505 ], [ -111.538992424924061, 33.844727421563505 ], [ -111.538992424924061, 33.8446348302611 ], [ -111.53889983182296, 33.8446348302611 ], [ -111.53889983182296, 33.844542237159999 ], [ -111.538807239621178, 33.844542237159999 ], [ -111.538807239621178, 33.8446348302611 ], [ -111.538714646520077, 33.8446348302611 ], [ -111.538714646520077, 33.844727421563505 ], [ -111.538622054318296, 33.844727421563505 ], [ -111.538622054318296, 33.844820014664606 ], [ -111.538344275914369, 33.844820014664606 ], [ -111.538344275914369, 33.844912607765707 ], [ -111.538251683712588, 33.844912607765707 ], [ -111.538251683712588, 33.845005199967488 ], [ -111.538066498409762, 33.845005199967488 ], [ -111.538066498409762, 33.845097793068589 ], [ -111.537973906207981, 33.845097793068589 ], [ -111.537973906207981, 33.845190385270314 ], [ -111.53788131310688, 33.845190385270314 ], [ -111.53788131310688, 33.845282978371415 ], [ -111.537603535602273, 33.845282978371415 ], [ -111.537603535602273, 33.845375570573196 ], [ -111.537233164996564, 33.845375570573196 ], [ -111.537233164996564, 33.845468162774978 ], [ -111.537140571895463, 33.845468162774978 ], [ -111.537140572794783, 33.845560755876022 ], [ -111.537047979693739, 33.845560755876022 ], [ -111.537047979693739, 33.845653348077803 ], [ -111.536955386592638, 33.845653348077803 ], [ -111.536955386592638, 33.845745941178905 ], [ -111.536862795290176, 33.845745941178905 ], [ -111.536862795290176, 33.845838534280006 ], [ -111.536492423785148, 33.845838534280006 ], [ -111.536492423785148, 33.84593112558241 ], [ -111.53612205407876, 33.84593112558241 ], [ -111.53612205407876, 33.845838534280006 ], [ -111.536029460977659, 33.845838534280006 ], [ -111.536029460977659, 33.845745941178905 ], [ -111.535936868775934, 33.845745941178905 ], [ -111.535936868775934, 33.845653348977123 ], [ -111.535751683473052, 33.845653348977123 ], [ -111.535751683473052, 33.845560755876022 ], [ -111.535473905968445, 33.845560755876022 ], [ -111.535473905069125, 33.845468162774978 ], [ -111.535103535362737, 33.845468162774978 ], [ -111.535103535362737, 33.845560755876022 ], [ -111.534825756958753, 33.845560755876022 ], [ -111.534825756958753, 33.845653348977123 ], [ -111.534640571655927, 33.845653348977123 ], [ -111.534640571655927, 33.845745941178905 ], [ -111.534547978554826, 33.845745941178905 ], [ -111.534547978554826, 33.845838534280006 ], [ -111.534455387252365, 33.845838534280006 ], [ -111.534455387252365, 33.84593112558241 ], [ -111.53380723914205, 33.84593112558241 ], [ -111.53380723914205, 33.846023718683512 ], [ -111.533714646040949, 33.846023718683512 ], [ -111.533714646040949, 33.846116311784613 ], [ -111.533622052939904, 33.846116311784613 ], [ -111.533622052939904, 33.846208903986394 ], [ -111.533529460738123, 33.846208903986394 ], [ -111.533529460738123, 33.846301497087495 ], [ -111.533344274535921, 33.846301497087495 ], [ -111.53334427543524, 33.846394090188539 ], [ -111.533159090132415, 33.846394090188539 ], [ -111.533159090132415, 33.846486682390321 ], [ -111.533066497930633, 33.846486682390321 ], [ -111.533066497930633, 33.846579274592102 ], [ -111.532973904829532, 33.846579274592102 ], [ -111.532973904829532, 33.846671866793827 ], [ -111.532881311728431, 33.846671866793827 ], [ -111.532881311728431, 33.84694964519781 ], [ -111.532788720426026, 33.84694964519781 ], [ -111.532788720426026, 33.847042238298911 ], [ -111.532696127324925, 33.847042238298911 ], [ -111.532696127324925, 33.847227422702417 ], [ -111.532603535123144, 33.847227422702417 ], [ -111.532603535123144, 33.847320015803518 ], [ -111.5325109420221, 33.847320015803518 ], [ -111.5325109420221, 33.8474126080053 ], [ -111.532418348920999, 33.8474126080053 ], [ -111.532418348920999, 33.847505201106344 ], [ -111.532325756719217, 33.847505201106344 ], [ -111.532325756719217, 33.847597793308125 ], [ -111.532140572315711, 33.847597793308125 ], [ -111.532140572315711, 33.847690385509907 ], [ -111.53204797921461, 33.847690385509907 ], [ -111.53204797921461, 33.847782978611008 ], [ -111.531677609508222, 33.847782978611008 ], [ -111.531677609508222, 33.847875570812732 ], [ -111.531585015507801, 33.847875570812732 ], [ -111.531585015507801, 33.847968163913833 ], [ -111.53149242330602, 33.847968163913833 ], [ -111.53149242330602, 33.848060757014935 ], [ -111.531399831104295, 33.848060757014935 ], [ -111.531399831104295, 33.848153349216716 ], [ -111.531307238003194, 33.848153349216716 ], [ -111.531307238003194, 33.848245942317817 ], [ -111.531214645801413, 33.848245942317817 ], [ -111.531214645801413, 33.848338533620222 ], [ -111.531122052700312, 33.848338533620222 ], [ -111.531122052700312, 33.848431126721323 ], [ -111.53102946049853, 33.848431126721323 ], [ -111.53102946049853, 33.84870890512525 ], [ -111.530936867397486, 33.84870890512525 ], [ -111.530936867397486, 33.848801496427711 ], [ -111.530844275195705, 33.848801496427711 ], [ -111.530844275195705, 33.848894090428132 ], [ -111.530751682993923, 33.848894090428132 ], [ -111.530751682993923, 33.848986682629857 ], [ -111.530659089892822, 33.848986682629857 ], [ -111.530659089892822, 33.849079274831638 ], [ -111.530566496791778, 33.849079274831638 ], [ -111.530566496791778, 33.849171867932739 ], [ -111.530473904589996, 33.849171867932739 ], [ -111.530473904589996, 33.849264460134521 ], [ -111.530381312388215, 33.849264460134521 ], [ -111.530381312388215, 33.849357053235622 ], [ -111.530288719287114, 33.849357053235622 ], [ -111.530288719287114, 33.849449645437346 ], [ -111.530196127085389, 33.849449645437346 ], [ -111.530196127085389, 33.849542238538447 ], [ -111.530103533984288, 33.849542238538447 ], [ -111.530103533984288, 33.849634830740229 ], [ -111.530010941782507, 33.849634830740229 ], [ -111.530010941782507, 33.84972742384133 ], [ -111.529918349580726, 33.84972742384133 ], [ -111.529918349580726, 33.851208904465466 ], [ -111.529825756479681, 33.851208904465466 ], [ -111.529825756479681, 33.851301498465887 ], [ -111.5297331642779, 33.851301498465887 ], [ -111.5297331642779, 33.851394089768348 ], [ -111.529455385873973, 33.851394089768348 ], [ -111.529455385873973, 33.851486682869449 ], [ -111.529362793672192, 33.851486682869449 ], [ -111.529362793672192, 33.85157927597055 ], [ -111.52927020147041, 33.85157927597055 ], [ -111.52927020147041, 33.851671867272955 ], [ -111.52917760746999, 33.851671867272955 ], [ -111.52917760746999, 33.851764461273376 ], [ -111.528992423066484, 33.851764461273376 ], [ -111.528992423066484, 33.851671867272955 ], [ -111.528899830864702, 33.851671867272955 ], [ -111.528899830864702, 33.851764461273376 ], [ -111.5287146446625, 33.851764461273376 ], [ -111.5287146446625, 33.851857053475157 ], [ -111.528622053360095, 33.851857053475157 ], [ -111.528622053360095, 33.851949646576259 ], [ -111.528529459359675, 33.851949646576259 ], [ -111.528529459359675, 33.852042238777983 ], [ -111.528436868057213, 33.852042238777983 ], [ -111.528436868057213, 33.852134830979765 ], [ -111.528344274956169, 33.852134830979765 ], [ -111.528344274956169, 33.852227424080866 ], [ -111.528066496552185, 33.852227424080866 ], [ -111.528066496552185, 33.852320016282647 ], [ -111.527881311249359, 33.852320016282647 ], [ -111.527881311249359, 33.852412609383691 ], [ -111.527788719047578, 33.852412609383691 ], [ -111.527788719047578, 33.852505201585473 ], [ -111.527510941542971, 33.852505201585473 ], [ -111.527510941542971, 33.852597794686574 ], [ -111.527325756240089, 33.852597794686574 ], [ -111.527325756240089, 33.852690386888355 ], [ -111.527233163138987, 33.852690386888355 ], [ -111.527233163138987, 33.852782979989456 ], [ -111.527047978735482, 33.852782979989456 ], [ -111.527047978735482, 33.852875572191181 ], [ -111.52695538563438, 33.852875572191181 ], [ -111.52695538563438, 33.852968164392962 ], [ -111.526862793432599, 33.852968164392962 ], [ -111.526862793432599, 33.853060757494063 ], [ -111.526770200331555, 33.853060757494063 ], [ -111.526770200331555, 33.853153349695788 ], [ -111.526677608129773, 33.853153349695788 ], [ -111.526677608129773, 33.853245943696209 ], [ -111.526122051321863, 33.853245943696209 ], [ -111.526122051321863, 33.85333853499867 ], [ -111.526029460019458, 33.85333853499867 ], [ -111.526029460019458, 33.853431127200452 ], [ -111.524918348202334, 33.853431127200452 ], [ -111.524918348202334, 33.853523721200872 ], [ -111.524547977596569, 33.853523721200872 ], [ -111.524547977596569, 33.853616312503277 ], [ -111.524455385394845, 33.853616312503277 ], [ -111.524455385394845, 33.854820017421503 ], [ -111.524547977596569, 33.854820017421503 ], [ -111.524547977596569, 33.854912609623284 ], [ -111.524362792293743, 33.854912609623284 ], [ -111.524362792293743, 33.855005202724385 ], [ -111.524177607890238, 33.855005202724385 ], [ -111.524177607890238, 33.85509779492611 ], [ -111.524085014789136, 33.85509779492611 ], [ -111.524085014789136, 33.855190387127891 ], [ -111.523992422587355, 33.855190387127891 ], [ -111.523992422587355, 33.855282980228992 ], [ -111.523899829486254, 33.855282980228992 ], [ -111.523899829486254, 33.855375572430773 ], [ -111.523807237284529, 33.855375572430773 ], [ -111.523807237284529, 33.855468165531818 ], [ -111.523714645082748, 33.855468165531818 ], [ -111.523714645082748, 33.855560757733599 ], [ -111.523529458880546, 33.855560757733599 ], [ -111.523529458880546, 33.855745943036482 ], [ -111.523436866678765, 33.855745943036482 ], [ -111.523436866678765, 33.855838535238206 ], [ -111.52334427447704, 33.855838535238206 ], [ -111.52334427447704, 33.856009265628245 ], [ -111.390751654290113, 33.856516513187614 ], [ -111.390751654290113, 33.856301506139687 ], [ -111.390844247391215, 33.856301506139687 ], [ -111.390844247391215, 33.856023727735703 ], [ -111.390936839592939, 33.856023727735703 ], [ -111.390936839592939, 33.855931136433298 ], [ -111.39102943359336, 33.855931136433298 ], [ -111.39102943359336, 33.855838542432878 ], [ -111.391122024895822, 33.855838542432878 ], [ -111.391122024895822, 33.855745950231096 ], [ -111.391214617996923, 33.855745950231096 ], [ -111.391214617996923, 33.855653358029315 ], [ -111.391307210198647, 33.855653358029315 ], [ -111.391307210198647, 33.855560764928214 ], [ -111.391399802400429, 33.855560764928214 ], [ -111.391399802400429, 33.855468171827169 ], [ -111.391492396400849, 33.855468171827169 ], [ -111.391492396400849, 33.855375579625388 ], [ -111.391584987703254, 33.855375579625388 ], [ -111.391584987703254, 33.855282987423607 ], [ -111.391677581703675, 33.855282987423607 ], [ -111.391677581703675, 33.855190394322506 ], [ -111.391770173006137, 33.855190394322506 ], [ -111.391770173006137, 33.855097802120781 ], [ -111.391862765207918, 33.855097802120781 ], [ -111.391862765207918, 33.85500520901968 ], [ -111.392047950510744, 33.85500520901968 ], [ -111.392047950510744, 33.854912616817899 ], [ -111.392233135813626, 33.854912616817899 ], [ -111.392233135813626, 33.854727431515073 ], [ -111.392140544511165, 33.854727431515073 ], [ -111.392140544511165, 33.854449654010409 ], [ -111.392047950510744, 33.854449654010409 ], [ -111.392047950510744, 33.854264468707584 ], [ -111.391955359208339, 33.854264468707584 ], [ -111.391955359208339, 33.854171876505802 ], [ -111.391862765207918, 33.854171876505802 ], [ -111.391862765207918, 33.854079282505381 ], [ -111.391770173006137, 33.854079282505381 ], [ -111.391770173006137, 33.853708913698313 ], [ -111.391677581703675, 33.853708913698313 ], [ -111.391677581703675, 33.853338543092605 ], [ -111.391770173006137, 33.853338543092605 ], [ -111.391770173006137, 33.853153356890459 ], [ -111.391862765207918, 33.853153356890459 ], [ -111.391862765207918, 33.853060765587998 ], [ -111.391955358309019, 33.853060765587998 ], [ -111.391955358309019, 33.852968171587577 ], [ -111.392047950510744, 33.852968171587577 ], [ -111.392047950510744, 33.852782986284751 ], [ -111.392140544511165, 33.852782986284751 ], [ -111.392140544511165, 33.852597802780508 ], [ -111.392233135813626, 33.852597802780508 ], [ -111.392233135813626, 33.852505208780087 ], [ -111.392325729814047, 33.852505208780087 ], [ -111.392325729814047, 33.852320023477262 ], [ -111.392418321116452, 33.852320023477262 ], [ -111.392418321116452, 33.852042245972655 ], [ -111.392510913318233, 33.852042245972655 ], [ -111.392510913318233, 33.851857060669772 ], [ -111.392603507318654, 33.851857060669772 ], [ -111.392603507318654, 33.851764468468048 ], [ -111.392696098621059, 33.851764468468048 ], [ -111.392696098621059, 33.851671875366947 ], [ -111.392788692621536, 33.851671875366947 ], [ -111.392788692621536, 33.851486689164744 ], [ -111.392881283923941, 33.851486689164744 ], [ -111.392881283923941, 33.848894097622747 ], [ -111.392973876125723, 33.848894097622747 ], [ -111.392973876125723, 33.848801504521646 ], [ -111.393436840731852, 33.848801504521646 ], [ -111.393436840731852, 33.848708912319921 ], [ -111.393622024236038, 33.848708912319921 ], [ -111.393622024236038, 33.84861632011814 ], [ -111.393714618236459, 33.84861632011814 ], [ -111.393714618236459, 33.848060764209549 ], [ -111.39380720953892, 33.848060764209549 ], [ -111.39380720953892, 33.847875578906724 ], [ -111.393899803539341, 33.847875578906724 ], [ -111.393899803539341, 33.847690392704521 ], [ -111.393992395741066, 33.847690392704521 ], [ -111.393992395741066, 33.847597801402117 ], [ -111.394084987942847, 33.847597801402117 ], [ -111.394084987942847, 33.847320022998133 ], [ -111.394177581043948, 33.847320022998133 ], [ -111.394177581043948, 33.847134838594627 ], [ -111.394270172346353, 33.847134838594627 ], [ -111.394270172346353, 33.847042244594206 ], [ -111.394362766346774, 33.847042244594206 ], [ -111.394362766346774, 33.846857060190644 ], [ -111.394455358548555, 33.846857060190644 ], [ -111.394455357649235, 33.846764467089599 ], [ -111.394547951649656, 33.846764467089599 ], [ -111.394547951649656, 33.846671874887818 ], [ -111.394640543851381, 33.846671874887818 ], [ -111.394640543851381, 33.846579281786717 ], [ -111.394733136053162, 33.846579281786717 ], [ -111.394733136053162, 33.846208912080328 ], [ -111.394825729154263, 33.846208912080328 ], [ -111.394825729154263, 33.846023726777503 ], [ -111.394918320456725, 33.846023725878126 ], [ -111.394918320456725, 33.845931133676402 ], [ -111.395010914457146, 33.845931133676402 ], [ -111.395010914457146, 33.845745949272839 ], [ -111.39510350665887, 33.845745949272839 ], [ -111.39510350665887, 33.845560763070694 ], [ -111.395196098860652, 33.845560763070694 ], [ -111.395196098860652, 33.845375577767811 ], [ -111.395288691961753, 33.845375577767811 ], [ -111.395288691961753, 33.845190393364305 ], [ -111.395381284163477, 33.845190393364305 ], [ -111.395381284163477, 33.845097800263204 ], [ -111.395473877264578, 33.845097800263204 ], [ -111.395473877264578, 33.845005208061423 ], [ -111.39556646946636, 33.845005208061423 ], [ -111.39556646946636, 33.844912614960322 ], [ -111.395751654769185, 33.844912614960322 ], [ -111.395751654769185, 33.844820022758597 ], [ -111.395844247870286, 33.844820022758597 ], [ -111.395844247870286, 33.844634836556395 ], [ -111.395751654769185, 33.844634836556395 ], [ -111.395751654769185, 33.84454224525399 ], [ -111.395659062567461, 33.84454224525399 ], [ -111.395659062567461, 33.844449652152889 ], [ -111.39556646946636, 33.844449652152889 ], [ -111.39556646946636, 33.844264466850007 ], [ -111.395473877264578, 33.844264466850007 ], [ -111.395473877264578, 33.844079282446501 ], [ -111.395381284163477, 33.844079282446501 ], [ -111.395381284163477, 33.8439866893454 ], [ -111.395288691961753, 33.8439866893454 ], [ -111.395288691961753, 33.843894097143618 ], [ -111.395196098860652, 33.843894097143618 ], [ -111.395196098860652, 33.843801504042517 ], [ -111.39510350665887, 33.843801504042517 ], [ -111.39510350665887, 33.843708910941473 ], [ -111.395010914457146, 33.843708910941473 ], [ -111.395010914457146, 33.842690393124713 ], [ -111.39510350575955, 33.842690393124713 ], [ -111.39510350575955, 33.842505206922567 ], [ -111.395196098860652, 33.842505206922567 ], [ -111.395196098860652, 33.842134837216179 ], [ -111.395288691961753, 33.842134837216179 ], [ -111.395288691961753, 33.841857058812195 ], [ -111.395196098860652, 33.841857058812195 ], [ -111.395196098860652, 33.841579281307588 ], [ -111.39510350575955, 33.841579281307588 ], [ -111.39510350575955, 33.841394096004763 ], [ -111.395010914457146, 33.841394096004763 ], [ -111.395010914457146, 33.841301503802981 ], [ -111.394918320456725, 33.841301503802981 ], [ -111.394918320456725, 33.84120891070188 ], [ -111.394825729154263, 33.84120891070188 ], [ -111.394825729154263, 33.841116318500156 ], [ -111.394733136053162, 33.841116318500156 ], [ -111.394733136053162, 33.841023725399054 ], [ -111.394640542952061, 33.841023725399054 ], [ -111.394640542952061, 33.840931133197273 ], [ -111.394547951649656, 33.840931133197273 ], [ -111.394547951649656, 33.840560762591565 ], [ -111.394455357649235, 33.840560762591565 ], [ -111.394455357649235, 33.840468170389784 ], [ -111.394362765447454, 33.840468170389784 ], [ -111.394362765447454, 33.840190391985857 ], [ -111.394270172346353, 33.840190391985857 ], [ -111.394270172346353, 33.840097799784076 ], [ -111.394177580144628, 33.840097799784076 ], [ -111.394177580144628, 33.840005207582351 ], [ -111.394084987942847, 33.840005207582351 ], [ -111.394084987942847, 33.83991261448125 ], [ -111.393992394841746, 33.83991261448125 ], [ -111.393992394841746, 33.839820022279469 ], [ -111.393899802639964, 33.839820022279469 ], [ -111.393899802639964, 33.839727429178367 ], [ -111.39380720953892, 33.839727429178367 ], [ -111.39380720953892, 33.839634836976586 ], [ -111.393714617337139, 33.839634836976586 ], [ -111.393714617337139, 33.839542243875542 ], [ -111.393622023336718, 33.839542243875542 ], [ -111.393622023336718, 33.83944965167376 ], [ -111.393529432034256, 33.83944965167376 ], [ -111.393529432034256, 33.839357059471979 ], [ -111.393436838933155, 33.839357059471979 ], [ -111.393436838933155, 33.839264465471558 ], [ -111.393344246731431, 33.839264465471558 ], [ -111.393344246731431, 33.839079281068052 ], [ -111.393251654529649, 33.839079281068052 ], [ -111.393251654529649, 33.838986688866271 ], [ -111.393159060529229, 33.838986688866271 ], [ -111.393159060529229, 33.83889409666449 ], [ -111.393066469226824, 33.83889409666449 ], [ -111.393066469226824, 33.838801502664069 ], [ -111.392973875226403, 33.838801502664069 ], [ -111.392973875226403, 33.838708911361664 ], [ -111.392881283024622, 33.838708911361664 ], [ -111.392881283024622, 33.838616317361243 ], [ -111.392047949611424, 33.838616317361243 ], [ -111.392047949611424, 33.838523726058781 ], [ -111.391862764308598, 33.838523726058781 ], [ -111.391862764308598, 33.838431132957737 ], [ -111.391677580804355, 33.838431132957737 ], [ -111.391677580804355, 33.838338539856636 ], [ -111.391584986803934, 33.838338539856636 ], [ -111.391584986803934, 33.838245948554174 ], [ -111.39149239460221, 33.838245948554174 ], [ -111.39149239460221, 33.838153354553754 ], [ -111.391399801501109, 33.838153354553754 ], [ -111.391399801501109, 33.838060763251349 ], [ -111.391307209299327, 33.838060763251349 ], [ -111.391307209299327, 33.837968169250928 ], [ -111.391122023996502, 33.837968169250928 ], [ -111.391122023996502, 33.837875577049147 ], [ -111.390936838693619, 33.837875577049147 ], [ -111.390936838693619, 33.837782985746685 ], [ -111.390844246491838, 33.837782985746685 ], [ -111.390844246491838, 33.837690391746264 ], [ -111.390751652491417, 33.837690391746264 ], [ -111.390751652491417, 33.837597800443859 ], [ -111.390659061189012, 33.837597800443859 ], [ -111.390659061189012, 33.837505206443439 ], [ -111.39047387588613, 33.837505206443439 ], [ -111.39047387498681, 33.837412614241657 ], [ -111.390659061189012, 33.837412614241657 ], [ -111.390659061189012, 33.837320021140556 ], [ -111.390844246491838, 33.837320021140556 ], [ -111.390844246491838, 33.837227428938832 ], [ -111.39102943179472, 33.837227428938832 ], [ -111.39102943179472, 33.83713483763637 ], [ -111.391122023996502, 33.83713483763637 ], [ -111.391122023996502, 33.837042243635949 ], [ -111.391214615298907, 33.837042243635949 ], [ -111.391214615298907, 33.836949651434225 ], [ -111.391399801501109, 33.836949651434225 ], [ -111.391399801501109, 33.836764466131342 ], [ -111.39149239460221, 33.836764466131342 ], [ -111.39149239460221, 33.83657928082846 ], [ -111.391584986803934, 33.83657928082846 ], [ -111.391584986803934, 33.836486688626735 ], [ -111.391677579005716, 33.836486688626735 ], [ -111.391677579005716, 33.836301503323853 ], [ -111.391584986803934, 33.836301503323853 ], [ -111.391584986803934, 33.836208909323432 ], [ -111.39149239460221, 33.836208909323432 ], [ -111.39149239460221, 33.836116318021027 ], [ -111.391399801501109, 33.836116318021027 ], [ -111.391399800601789, 33.836023725819246 ], [ -111.391307209299327, 33.836023725819246 ], [ -111.391307209299327, 33.835931132718144 ], [ -111.391214615298907, 33.835931132718144 ], [ -111.391214615298907, 33.83583854051642 ], [ -111.391122023996502, 33.83583854051642 ], [ -111.391122023996502, 33.835745946515999 ], [ -111.39102943179472, 33.835745946515999 ], [ -111.39102943179472, 33.835653355213537 ], [ -111.3909368377943, 33.835653355213537 ], [ -111.3909368377943, 33.835560761213117 ], [ -111.390844246491838, 33.835560761213117 ], [ -111.390844246491838, 33.835468169910655 ], [ -111.390751652491417, 33.835468169910655 ], [ -111.390751652491417, 33.83537557770893 ], [ -111.390659061189012, 33.83537557770893 ], [ -111.390659061189012, 33.83528298370851 ], [ -111.390566467188592, 33.83528298370851 ], [ -111.390566467188592, 33.835190392406048 ], [ -111.39047387498681, 33.835190392406048 ], [ -111.39047387498681, 33.835097798405627 ], [ -111.390381283684405, 33.835097798405627 ], [ -111.390381283684405, 33.835005207103222 ], [ -111.390288689683985, 33.835005207103222 ], [ -111.390288689683985, 33.834912614002121 ], [ -111.390196097482203, 33.834912614002121 ], [ -111.390196097482203, 33.83482002090102 ], [ -111.390010912179321, 33.83482002090102 ], [ -111.390010912179321, 33.834727429598615 ], [ -111.389918319977596, 33.834727429598615 ], [ -111.389918319977596, 33.834634835598195 ], [ -111.389825726876495, 33.834634835598195 ], [ -111.389825726876495, 33.834542244295733 ], [ -111.389733134674714, 33.834542244295733 ], [ -111.389733134674714, 33.834449650295312 ], [ -111.389640541573613, 33.834449650295312 ], [ -111.389640541573613, 33.834357058093531 ], [ -111.389547949371888, 33.834357058093531 ], [ -111.389547949371888, 33.834264465891806 ], [ -111.389362764069006, 33.834264465891806 ], [ -111.389362764069006, 33.834171872790705 ], [ -111.389270171867224, 33.834171872790705 ], [ -111.389270171867224, 33.834079281488243 ], [ -111.38917757876618, 33.834079281488243 ], [ -111.38917757876618, 33.833986687487823 ], [ -111.388344244453663, 33.833986687487823 ], [ -111.388344244453663, 33.833894095286098 ], [ -111.388251653151201, 33.833894096185418 ], [ -111.388251653151201, 33.833801503084317 ], [ -111.3881590600501, 33.833801503084317 ], [ -111.3881590600501, 33.833708909983216 ], [ -111.387788689444392, 33.833708909983216 ], [ -111.387788689444392, 33.833801503084317 ], [ -111.387418318838684, 33.833801503084317 ], [ -111.387418318838684, 33.833894096185418 ], [ -111.386770170728369, 33.833894096185418 ], [ -111.386770170728369, 33.833801503084317 ], [ -111.386584985425486, 33.833801503084317 ], [ -111.386584985425486, 33.833708909983216 ], [ -111.386214614819778, 33.833708909983216 ], [ -111.386214614819778, 33.833801503084317 ], [ -111.385936836415851, 33.833801503084317 ], [ -111.385936836415851, 33.833708909983216 ], [ -111.385566467608783, 33.833708909983216 ], [ -111.385566467608783, 33.833616318680811 ], [ -111.385381282305957, 33.833616318680811 ], [ -111.385381282305957, 33.833523724680333 ], [ -111.385010910800872, 33.833523724680333 ], [ -111.385010910800872, 33.833616318680811 ], [ -111.384825725498047, 33.833616318680811 ], [ -111.384825725498047, 33.833708909983216 ], [ -111.38408498518595, 33.833708910882535 ], [ -111.38408498518595, 33.833801503084317 ], [ -111.383899799883068, 33.833801503084317 ], [ -111.383899799883068, 33.833708910882535 ], [ -111.383344243974534, 33.833708910882535 ], [ -111.383344243974534, 33.833616318680811 ], [ -111.383251651772753, 33.833616318680811 ], [ -111.383251651772753, 33.833523724680333 ], [ -111.383159058671652, 33.833523724680333 ], [ -111.383159058671652, 33.833245948075046 ], [ -111.383066465570607, 33.833245948075046 ], [ -111.383066465570607, 33.833153354974002 ], [ -111.382973874268146, 33.833153354974002 ], [ -111.382973874268146, 33.832968170570439 ], [ -111.382881281167045, 33.832968170570439 ], [ -111.382881281167045, 33.832875576570018 ], [ -111.382696095864219, 33.832875576570018 ], [ -111.382696095864219, 33.832782985267613 ], [ -111.382603502763118, 33.832782985267613 ], [ -111.382603502763118, 33.832690392166512 ], [ -111.382510910561336, 33.832690392166512 ], [ -111.382510910561336, 33.832597799065411 ], [ -111.382325725258511, 33.832597799065411 ], [ -111.382325725258511, 33.83250520686363 ], [ -111.382047946854527, 33.83250520686363 ], [ -111.382047946854527, 33.832412613762529 ], [ -111.38177017024924, 33.832412613762529 ], [ -111.38177017024924, 33.832320022460124 ], [ -111.381677577148139, 33.832320022460124 ], [ -111.381677577148139, 33.832227428459703 ], [ -111.381584984047038, 33.832227428459703 ], [ -111.381584984047038, 33.832134836257922 ], [ -111.381492391845313, 33.832134836257922 ], [ -111.381492391845313, 33.832042244056197 ], [ -111.381399798744212, 33.832042244056197 ], [ -111.381399798744212, 33.831949650955096 ], [ -111.381307207441751, 33.831949650955096 ], [ -111.381307207441751, 33.831394095945825 ], [ -111.381214614340706, 33.831394095945825 ], [ -111.381214614340706, 33.831486688147606 ], [ -111.381029429037824, 33.831486688147606 ], [ -111.381029429037824, 33.831579281248708 ], [ -111.380844242835622, 33.831579281248708 ], [ -111.380844242835622, 33.831671873450489 ], [ -111.380566466230334, 33.831671873450489 ], [ -111.380566466230334, 33.831764465652213 ], [ -111.380473873129233, 33.831764465652213 ], [ -111.380473873129233, 33.831857058753315 ], [ -111.380381280028189, 33.831857058753315 ], [ -111.380381280028189, 33.832042244056197 ], [ -111.380288687826408, 33.832042244056197 ], [ -111.380288687826408, 33.831949650955096 ], [ -111.380196094725306, 33.831949650955096 ], [ -111.380196094725306, 33.831857058753315 ], [ -111.380103502523525, 33.831857058753315 ], [ -111.380103502523525, 33.831764465652213 ], [ -111.380010910321801, 33.831764465652213 ], [ -111.380010910321801, 33.831671873450489 ], [ -111.379918317220699, 33.831671873450489 ], [ -111.379918317220699, 33.831579281248708 ], [ -111.379825725018918, 33.831579281248708 ], [ -111.379825725018918, 33.831486688147606 ], [ -111.379733131917817, 33.831486688147606 ], [ -111.379733131917817, 33.831394095945825 ], [ -111.379640539716092, 33.831394095945825 ], [ -111.379640538816716, 33.831301502844724 ], [ -111.37945535351389, 33.831301502844724 ], [ -111.37945535351389, 33.831023725340117 ], [ -111.379362762211429, 33.831023725340117 ], [ -111.379362762211429, 33.830931133138392 ], [ -111.379270169110384, 33.830931133138392 ], [ -111.379270169110384, 33.830838540037291 ], [ -111.379177576009283, 33.830838540037291 ], [ -111.379177576009283, 33.83074594693619 ], [ -111.379084983807502, 33.83074594693619 ], [ -111.379084983807502, 33.830560761633308 ], [ -111.378992390706401, 33.830560761633308 ], [ -111.378992390706401, 33.830468170330903 ], [ -111.378899799403996, 33.830468170330903 ], [ -111.378899799403996, 33.830375577229802 ], [ -111.378714613201794, 33.830375577229802 ], [ -111.378714613201794, 33.830282984128701 ], [ -111.378529427898911, 33.830282984128701 ], [ -111.378529427898911, 33.830097798825875 ], [ -111.378436834797867, 33.830097798825875 ], [ -111.378436834797867, 33.830005206624094 ], [ -111.378529427898911, 33.830005206624094 ], [ -111.378529427898911, 33.829912614422312 ], [ -111.378622021000012, 33.829912614422312 ], [ -111.378622021000012, 33.828986687908071 ], [ -111.378529427898911, 33.828986687908071 ], [ -111.378529427898911, 33.828801502605188 ], [ -111.378436834797867, 33.828801502605188 ], [ -111.378436834797867, 33.828708910403407 ], [ -111.378344242596086, 33.828708910403407 ], [ -111.378344242596086, 33.82843113199948 ], [ -111.378436834797867, 33.82843113199948 ], [ -111.378436834797867, 33.828338539797699 ], [ -111.378529427898911, 33.828338539797699 ], [ -111.378529427898911, 33.82796816919199 ], [ -111.378436834797867, 33.82796816919199 ], [ -111.378436834797867, 33.827782983889165 ], [ -111.378344242596086, 33.827782983889165 ], [ -111.378344242596086, 33.827597799485602 ], [ -111.378251650394304, 33.827597799485602 ], [ -111.378251650394304, 33.827412614182776 ], [ -111.378159057293203, 33.827412614182776 ], [ -111.378159057293203, 33.827320021081675 ], [ -111.378066465091479, 33.827320021081675 ], [ -111.378066465091479, 33.827227427980574 ], [ -111.377973871990378, 33.827227427980574 ], [ -111.377973871990378, 33.827134835778793 ], [ -111.377881279788596, 33.827134835778793 ], [ -111.377881279788596, 33.827042242677749 ], [ -111.377788687586872, 33.827042242677749 ], [ -111.377788687586872, 33.826949651375287 ], [ -111.377696093586451, 33.826949651375287 ], [ -111.377696093586451, 33.826857057374866 ], [ -111.377603502283989, 33.826857057374866 ], [ -111.377603502283989, 33.826764465173085 ], [ -111.377510909182888, 33.826764465173085 ], [ -111.377510909182888, 33.82667187297136 ], [ -111.3771405394765, 33.82667187297136 ], [ -111.3771405394765, 33.826764465173085 ], [ -111.377047945476079, 33.826764465173085 ], [ -111.377047945476079, 33.82667187297136 ], [ -111.376955353274354, 33.82667187297136 ], [ -111.376955353274354, 33.826579279870259 ], [ -111.376770167971472, 33.826579279870259 ], [ -111.376770167971472, 33.826486688567798 ], [ -111.376584982668646, 33.826486688567798 ], [ -111.376584982668646, 33.826394094567377 ], [ -111.376399797365764, 33.826394094567377 ], [ -111.376399797365764, 33.826301502365652 ], [ -111.376307205163982, 33.826301502365652 ], [ -111.376307205163982, 33.826208910163871 ], [ -111.376214612062881, 33.826208910163871 ], [ -111.376214612062881, 33.82611631706277 ], [ -111.376122019861157, 33.82611631706277 ], [ -111.376122019861157, 33.826023724860988 ], [ -111.376029427659375, 33.826023724860988 ], [ -111.376029427659375, 33.825931131759944 ], [ -111.37584424235655, 33.825931131759944 ], [ -111.37584424235655, 33.825838539558163 ], [ -111.375659057053667, 33.825838539558163 ], [ -111.375659057053667, 33.825745946457062 ], [ -111.375473871750785, 33.825745946457062 ], [ -111.375473871750785, 33.82565335425528 ], [ -111.375288685548639, 33.82565335425528 ], [ -111.375288685548639, 33.825560762053556 ], [ -111.374918316741571, 33.825560762053556 ], [ -111.374918316741571, 33.825468168952455 ], [ -111.37482572274115, 33.825468168952455 ], [ -111.37482572274115, 33.825375575851353 ], [ -111.374455353034762, 33.825375577649993 ], [ -111.374455353034762, 33.825282983649572 ], [ -111.374362759933661, 33.825282983649572 ], [ -111.374362759933661, 33.825190391447848 ], [ -111.373992389327952, 33.825190391447848 ], [ -111.373992389327952, 33.825097798346746 ], [ -111.373807205823766, 33.825097798346746 ], [ -111.373807204025127, 33.825005206144965 ], [ -111.373714611823345, 33.825005206144965 ], [ -111.373714611823345, 33.824912613943184 ], [ -111.372881277510828, 33.824912613943184 ], [ -111.372881277510828, 33.824727428640358 ], [ -111.373159056814131, 33.824727428640358 ], [ -111.373159056814131, 33.82435705803465 ], [ -111.372325723400934, 33.82435705803465 ], [ -111.372325723400934, 33.824264464933549 ], [ -111.372140537198732, 33.824264464933549 ], [ -111.372140537198732, 33.82380150122674 ], [ -111.372418314703339, 33.82380150122674 ], [ -111.372418314703339, 33.823245947116845 ], [ -111.372325723400934, 33.823245947116845 ], [ -111.372325723400934, 33.823060760914643 ], [ -111.372233129400513, 33.823060760914643 ], [ -111.372233129400513, 33.822968169612238 ], [ -111.372140537198732, 33.822968169612238 ], [ -111.372140537198732, 33.822782984309356 ], [ -111.371955351895906, 33.822782984309356 ], [ -111.371955351895906, 33.82204224219862 ], [ -111.371862759694125, 33.82204224219862 ], [ -111.371862759694125, 33.821857058694434 ], [ -111.371770166593024, 33.821857058694434 ], [ -111.371770166593024, 33.821764464694013 ], [ -111.371862759694125, 33.821764464694013 ], [ -111.371862759694125, 33.821116316583641 ], [ -111.371955351895906, 33.821116316583641 ], [ -111.371955351895906, 33.820653353776208 ], [ -111.37204794499695, 33.820653353776208 ], [ -111.37204794499695, 33.820560761574427 ], [ -111.371955351895906, 33.820560761574427 ], [ -111.371955351895906, 33.820190390968719 ], [ -111.371862759694125, 33.820190390968719 ], [ -111.371862759694125, 33.819449650656622 ], [ -111.371770166593024, 33.819449650656622 ], [ -111.371770166593024, 33.81926446535374 ], [ -111.371677574391242, 33.81926446535374 ], [ -111.371677574391242, 33.819079279151595 ], [ -111.371584980390821, 33.819079279151595 ], [ -111.371584980390821, 33.818986686949813 ], [ -111.371492389088417, 33.818986686949813 ], [ -111.371492389088417, 33.818894093848712 ], [ -111.371584980390821, 33.818894093848712 ], [ -111.371584980390821, 33.818801502546307 ], [ -111.371677574391242, 33.818801502546307 ], [ -111.371677574391242, 33.818708908545887 ], [ -111.371862759694125, 33.818708908545887 ], [ -111.371862759694125, 33.818616316344105 ], [ -111.371955351895906, 33.818616316344105 ], [ -111.371955351895906, 33.818431131041223 ], [ -111.372047943198311, 33.818431131041223 ], [ -111.372047943198311, 33.818338538839498 ], [ -111.372140537198732, 33.818338538839498 ], [ -111.372140537198732, 33.818245945738397 ], [ -111.372233129400513, 33.818245945738397 ], [ -111.372233129400513, 33.818153353536616 ], [ -111.372325722501614, 33.818153353536616 ], [ -111.372325722501614, 33.818060760435515 ], [ -111.372418314703339, 33.818060760435515 ], [ -111.372418314703339, 33.81796816823379 ], [ -111.37251090690512, 33.81796816823379 ], [ -111.37251090690512, 33.817875576032009 ], [ -111.372696092208002, 33.817875576032009 ], [ -111.372696092208002, 33.817782982930908 ], [ -111.372788685309047, 33.817782982930908 ], [ -111.372788685309047, 33.817690389829806 ], [ -111.372881277510828, 33.817690389829806 ], [ -111.372881277510828, 33.817597797628082 ], [ -111.372973870611929, 33.817597797628082 ], [ -111.372973870611929, 33.817505205426301 ], [ -111.373066462813711, 33.817505205426301 ], [ -111.373066462813711, 33.817320020123418 ], [ -111.373992388428633, 33.817320020123418 ], [ -111.373992388428633, 33.817227427022374 ], [ -111.374084982429054, 33.817227427022374 ], [ -111.374084982429054, 33.817134834820592 ], [ -111.374270167731936, 33.817134834820592 ], [ -111.374270167731936, 33.817227427022374 ], [ -111.374362759933661, 33.817227427022374 ], [ -111.374362759933661, 33.817134834820592 ], [ -111.374455352135442, 33.817134834820592 ], [ -111.374455352135442, 33.817227427022374 ], [ -111.374547945236543, 33.817227427022374 ], [ -111.374547945236543, 33.817134834820592 ], [ -111.374918314942931, 33.817134834820592 ], [ -111.374918314942931, 33.817227427022374 ], [ -111.375196093346858, 33.817227427022374 ], [ -111.375196093346858, 33.817134834820592 ], [ -111.376214612062881, 33.817134834820592 ], [ -111.376214612062881, 33.817042241719491 ], [ -111.376770167072152, 33.817042241719491 ], [ -111.376770167072152, 33.817134833921273 ], [ -111.377047944576759, 33.817134833921273 ], [ -111.377047944576759, 33.817227427022374 ], [ -111.377233130778961, 33.817227427022374 ], [ -111.377233130778961, 33.817134833921273 ], [ -111.377325722980686, 33.817134833921273 ], [ -111.377325722980686, 33.817042241719491 ], [ -111.377418316081787, 33.817042241719491 ], [ -111.377418316081787, 33.817134833921273 ], [ -111.377603501384669, 33.817134833921273 ], [ -111.377603501384669, 33.817042241719491 ], [ -111.377788685788175, 33.817042241719491 ], [ -111.377788685788175, 33.816857057315985 ], [ -111.378159057293203, 33.816857057315985 ], [ -111.378159057293203, 33.81694964861839 ], [ -111.378251649494985, 33.81694964861839 ], [ -111.378251649494985, 33.817042241719491 ], [ -111.378344241696766, 33.817042241719491 ], [ -111.378344241696766, 33.817227427022374 ], [ -111.37843683389849, 33.817227427022374 ], [ -111.37843683389849, 33.817320020123418 ], [ -111.378529426999592, 33.817320020123418 ], [ -111.378529426999592, 33.817690389829806 ], [ -111.378992389807081, 33.817690389829806 ], [ -111.378992389807081, 33.817597796728762 ], [ -111.379270168211008, 33.817597796728762 ], [ -111.379270168211008, 33.817505205426301 ], [ -111.379362761312109, 33.817505205426301 ], [ -111.379362761312109, 33.81741261142588 ], [ -111.379640537917396, 33.81741261142588 ], [ -111.379640537917396, 33.817320020123418 ], [ -111.379733131018497, 33.817320020123418 ], [ -111.379733131018497, 33.817227427022374 ], [ -111.379825724119598, 33.817227427022374 ], [ -111.379825724119598, 33.817134833921273 ], [ -111.380010909422481, 33.817134833921273 ], [ -111.380010909422481, 33.817042241719491 ], [ -111.380196093825987, 33.817042241719491 ], [ -111.380196093825987, 33.81694964861839 ], [ -111.380288686927088, 33.81694964861839 ], [ -111.380288686927088, 33.816764464214884 ], [ -111.380196093825987, 33.816764464214884 ], [ -111.380196093825987, 33.816579278912002 ], [ -111.380659056633476, 33.816579278912002 ], [ -111.380659056633476, 33.816486685810958 ], [ -111.381584983147718, 33.816486685810958 ], [ -111.381584983147718, 33.816394092709857 ], [ -111.381955353753426, 33.816394092709857 ], [ -111.381955353753426, 33.816301500508075 ], [ -111.382418316560916, 33.816301500508075 ], [ -111.382418316560916, 33.816394092709857 ], [ -111.383159057772332, 33.816394092709857 ], [ -111.383159057772332, 33.816486685810958 ], [ -111.383251649974113, 33.816486685810958 ], [ -111.383251649974113, 33.816579278012682 ], [ -111.383344243075214, 33.816579278012682 ], [ -111.383344243075214, 33.816671871113783 ], [ -111.383436835276939, 33.816671871113783 ], [ -111.383436835276939, 33.816764464214884 ], [ -111.383807205882647, 33.816764464214884 ], [ -111.383807205882647, 33.816671871113783 ], [ -111.383992391185529, 33.816671871113783 ], [ -111.383992391185529, 33.816579278012682 ], [ -111.384270169589456, 33.816579278012682 ], [ -111.384270169589456, 33.816486685810958 ], [ -111.384455353993019, 33.816486685810958 ], [ -111.384455353993019, 33.816394092709857 ], [ -111.384640538396525, 33.816394092709857 ], [ -111.384640538396525, 33.816301500508075 ], [ -111.38454794709412, 33.816301500508075 ], [ -111.38454794709412, 33.816208908306294 ], [ -111.384455353993019, 33.816208908306294 ], [ -111.384455353993019, 33.816116315205193 ], [ -111.384362761791238, 33.816116315205193 ], [ -111.384362761791238, 33.816023723003468 ], [ -111.384270169589456, 33.816023723003468 ], [ -111.384270169589456, 33.815931129902367 ], [ -111.384177575589035, 33.815931129902367 ], [ -111.384177575589035, 33.815838537700586 ], [ -111.384084984286631, 33.815838537700586 ], [ -111.384084984286631, 33.815745945498861 ], [ -111.383992391185529, 33.815745945498861 ], [ -111.383992391185529, 33.81565335149844 ], [ -111.384084984286631, 33.81565335149844 ], [ -111.384084984286631, 33.815560760195979 ], [ -111.384177575589035, 33.815560760195979 ], [ -111.384177575589035, 33.815468167094878 ], [ -111.384270169589456, 33.815468167094878 ], [ -111.384270169589456, 33.815190388690951 ], [ -111.384362760891918, 33.815190388690951 ], [ -111.384362760891918, 33.814912612085664 ], [ -111.384455353993019, 33.814912612085664 ], [ -111.384455353993019, 33.814727425883461 ], [ -111.38454794709412, 33.814727425883461 ], [ -111.38454794709412, 33.81463483368168 ], [ -111.384640538396525, 33.81463483368168 ], [ -111.384640538396525, 33.814449648378854 ], [ -111.38454794709412, 33.814449648378854 ], [ -111.38454794709412, 33.814357056177073 ], [ -111.384455353993019, 33.814357056177073 ], [ -111.384455353993019, 33.814264463075972 ], [ -111.38454794709412, 33.814264463075972 ], [ -111.38454794709412, 33.814171870874247 ], [ -111.384640538396525, 33.814171870874247 ], [ -111.384640538396525, 33.813986684672045 ], [ -111.384733132396946, 33.813986684672045 ], [ -111.384733132396946, 33.813616314965657 ], [ -111.384825723699407, 33.813616314965657 ], [ -111.384825723699407, 33.81333853656173 ], [ -111.384918317699828, 33.81333853656173 ], [ -111.384918317699828, 33.813153352158167 ], [ -111.385010909901553, 33.813153352158167 ], [ -111.385010909901553, 33.813060759057066 ], [ -111.385103502103334, 33.813060759057066 ], [ -111.385103502103334, 33.812875573754241 ], [ -111.385196095204435, 33.812875573754241 ], [ -111.385196095204435, 33.812505204047852 ], [ -111.385103502103334, 33.812505204047852 ], [ -111.385103502103334, 33.812412610946751 ], [ -111.385196095204435, 33.812412610946751 ], [ -111.385196095204435, 33.812042241240363 ], [ -111.38528868650684, 33.812042241240363 ], [ -111.38528868650684, 33.811949648139262 ], [ -111.385381280507261, 33.811949648139262 ], [ -111.385381280507261, 33.811857055038217 ], [ -111.385473872709042, 33.811857055038217 ], [ -111.385473872709042, 33.811764462836436 ], [ -111.385566465810143, 33.811764462836436 ], [ -111.385566465810143, 33.811671869735335 ], [ -111.385473872709042, 33.811671869735335 ], [ -111.385473872709042, 33.811579277533554 ], [ -111.385381280507261, 33.811579277533554 ], [ -111.385381280507261, 33.811394092230728 ], [ -111.38528868650684, 33.811394092230728 ], [ -111.38528868650684, 33.811116314726121 ], [ -111.385196095204435, 33.811116314726121 ], [ -111.385196095204435, 33.810745944120413 ], [ -111.385103502103334, 33.810745944120413 ], [ -111.385103502103334, 33.810282980413604 ], [ -111.385196095204435, 33.810282980413604 ], [ -111.385196095204435, 33.810005202908997 ], [ -111.38528868650684, 33.810005202908997 ], [ -111.38528868650684, 33.809912611606535 ], [ -111.385381280507261, 33.809912611606535 ], [ -111.385381280507261, 33.809820017606114 ], [ -111.385473871809722, 33.809820017606114 ], [ -111.385473871809722, 33.809542240101507 ], [ -111.385566465810143, 33.809542240101507 ], [ -111.385566465810143, 33.809449647899726 ], [ -111.385659058011925, 33.809449647899726 ], [ -111.385659058011925, 33.809357054798625 ], [ -111.385751649314329, 33.809357054798625 ], [ -111.385751649314329, 33.809171869495799 ], [ -111.38584424331475, 33.809171869495799 ], [ -111.38584424331475, 33.808986685092236 ], [ -111.385936834617212, 33.808986685092236 ], [ -111.385936834617212, 33.80870890668831 ], [ -111.386029428617633, 33.80870890668831 ], [ -111.386029428617633, 33.808616314486528 ], [ -111.386122020819357, 33.808616314486528 ], [ -111.386122020819357, 33.808338536082601 ], [ -111.386214612121819, 33.808338536082601 ], [ -111.386214612121819, 33.808153351679096 ], [ -111.38630720612224, 33.808153351679096 ], [ -111.38630720612224, 33.807782981073331 ], [ -111.386399797424644, 33.807782981073331 ], [ -111.386399797424644, 33.806394092650919 ], [ -111.386492391425065, 33.806394092650919 ], [ -111.386492391425065, 33.806301498650498 ], [ -111.386862760232134, 33.806301498650498 ], [ -111.386862760232134, 33.806208906448774 ], [ -111.386955354232555, 33.806208906448774 ], [ -111.386955354232555, 33.806116313347673 ], [ -111.387047945535016, 33.806116313347673 ], [ -111.387047945535016, 33.806023721145891 ], [ -111.387233131737162, 33.806023721145891 ], [ -111.387233131737162, 33.80593112894411 ], [ -111.387325723938943, 33.80593112894411 ], [ -111.387325723938943, 33.805838535843066 ], [ -111.387510909241826, 33.805838535843066 ], [ -111.387510909241826, 33.805745943641284 ], [ -111.387696094544651, 33.805745943641284 ], [ -111.387696094544651, 33.805653350540183 ], [ -111.387881279847534, 33.805653350540183 ], [ -111.387881279847534, 33.805560758338402 ], [ -111.388066465150359, 33.805560758338402 ], [ -111.388066465150359, 33.805468165237301 ], [ -111.388159057352141, 33.805468165237301 ], [ -111.388159057352141, 33.805375573035576 ], [ -111.388344242654966, 33.805375573035576 ], [ -111.388344242654966, 33.805282980833795 ], [ -111.388436836655387, 33.805282980833795 ], [ -111.388436836655387, 33.805190387732694 ], [ -111.388529427957849, 33.805190387732694 ], [ -111.388529427957849, 33.804820016227666 ], [ -111.388436836655387, 33.804820016227666 ], [ -111.388436836655387, 33.804264462117771 ], [ -111.388344242654966, 33.804264462117771 ], [ -111.388344242654966, 33.80417186901667 ], [ -111.388251650453242, 33.80417186901667 ], [ -111.388251650453242, 33.803801499310282 ], [ -111.388159057352141, 33.803801499310282 ], [ -111.388159057352141, 33.803338536502793 ], [ -111.388066465150359, 33.803338536502793 ], [ -111.388066465150359, 33.803245942502372 ], [ -111.387973872049258, 33.803245942502372 ], [ -111.387973872049258, 33.803153350300647 ], [ -111.387881279847534, 33.803153350300647 ], [ -111.387881279847534, 33.803060758098866 ], [ -111.387696094544651, 33.803060758098866 ], [ -111.387696094544651, 33.802968164997765 ], [ -111.387418317040044, 33.802968164997765 ], [ -111.387418317040044, 33.802875572795983 ], [ -111.387233130837842, 33.802875572795983 ], [ -111.387233130837842, 33.802782979694939 ], [ -111.386862760232134, 33.802782979694939 ], [ -111.386862760232134, 33.802690387493158 ], [ -111.386770168030353, 33.802690387493158 ], [ -111.386770168030353, 33.80232001688745 ], [ -111.386677576727948, 33.80232001688745 ], [ -111.386677576727948, 33.802134831584567 ], [ -111.386584982727527, 33.802134831584567 ], [ -111.386584982727527, 33.801949647181061 ], [ -111.386492390525746, 33.801949647181061 ], [ -111.386492390525746, 33.80185705407996 ], [ -111.386399797424644, 33.80185705407996 ], [ -111.386399797424644, 33.801764460978859 ], [ -111.38630720522292, 33.801764460978859 ], [ -111.38630720522292, 33.801671868777134 ], [ -111.386122019920037, 33.801671868777134 ], [ -111.386122019920037, 33.801579276575353 ], [ -111.386029427718256, 33.801579276575353 ], [ -111.386029427718256, 33.801394091272471 ], [ -111.385936834617212, 33.801394091272471 ], [ -111.385936834617212, 33.801116312868544 ], [ -111.38584424241543, 33.801116312868544 ], [ -111.38584424241543, 33.800931128465038 ], [ -111.385751649314329, 33.800931128465038 ], [ -111.385751649314329, 33.800838534464617 ], [ -111.385659057112548, 33.800838534464617 ], [ -111.385659057112548, 33.800745943162156 ], [ -111.385381279607941, 33.800745943162156 ], [ -111.385381279607941, 33.800838534464617 ], [ -111.38528868560752, 33.800838534464617 ], [ -111.38528868560752, 33.800745943162156 ], [ -111.384918316800452, 33.800745943162156 ], [ -111.384918316800452, 33.800653350061054 ], [ -111.384825722800031, 33.800653350061054 ], [ -111.384825722800031, 33.80056075785933 ], [ -111.384733131497626, 33.80056075785933 ], [ -111.384733131497626, 33.800468164758229 ], [ -111.384640537497205, 33.800468164758229 ], [ -111.384640537497205, 33.800375571657128 ], [ -111.384455352194323, 33.800375571657128 ], [ -111.384455352194323, 33.800282980354666 ], [ -111.384362759992598, 33.800282980354666 ], [ -111.384362759992598, 33.800190387253565 ], [ -111.384177574689716, 33.800190387253565 ], [ -111.384177574689716, 33.80009779505184 ], [ -111.384084982487991, 33.80009779505184 ], [ -111.384084982487991, 33.800005201950739 ], [ -111.38399238938689, 33.800005201950739 ], [ -111.38399238938689, 33.799912608849638 ], [ -111.383899797185109, 33.799912608849638 ], [ -111.383899797185109, 33.799820016647857 ], [ -111.383807204983327, 33.799820016647857 ], [ -111.383807204983327, 33.799634832244351 ], [ -111.383714611882226, 33.799634832244351 ], [ -111.383714611882226, 33.799264460739323 ], [ -111.383622019680502, 33.799264460739323 ], [ -111.383622019680502, 33.798708905730052 ], [ -111.3835294265794, 33.798708905730052 ], [ -111.3835294265794, 33.798616312629008 ], [ -111.383436834377619, 33.798616312629008 ], [ -111.383436834377619, 33.798431128225445 ], [ -111.383344240377198, 33.798431128225445 ], [ -111.383344240377198, 33.798338535124344 ], [ -111.383251649074793, 33.798338535124344 ], [ -111.383251649074793, 33.79824594292262 ], [ -111.383159055973692, 33.79824594292262 ], [ -111.383159055973692, 33.798153349821519 ], [ -111.383066463771911, 33.798153349821519 ], [ -111.383066463771911, 33.798060756720417 ], [ -111.382973871570186, 33.798060756720417 ], [ -111.382973871570186, 33.797968165417956 ], [ -111.382510907863377, 33.797968165417956 ], [ -111.382510907863377, 33.797875572316912 ], [ -111.382418314762276, 33.797875572316912 ], [ -111.382418314762276, 33.79778298011513 ], [ -111.382325723459815, 33.79778298011513 ], [ -111.382325723459815, 33.797690387014029 ], [ -111.382233129459394, 33.797690387014029 ], [ -111.382233129459394, 33.797597793912928 ], [ -111.382140537257669, 33.797597793912928 ], [ -111.382140537257669, 33.797505201711203 ], [ -111.382047945055888, 33.797505201711203 ], [ -111.382047945055888, 33.797412608610102 ], [ -111.381955351954787, 33.797412608610102 ], [ -111.381955351954787, 33.797320017307641 ], [ -111.381862760652325, 33.797320017307641 ], [ -111.381862760652325, 33.79722742420654 ], [ -111.381770166651904, 33.79722742420654 ], [ -111.381770166651904, 33.797042238903714 ], [ -111.38167757445018, 33.797042238903714 ], [ -111.38167757445018, 33.796949645802613 ], [ -111.381584981349079, 33.796949645802613 ], [ -111.381584981349079, 33.796857054500151 ], [ -111.381492389147297, 33.796857054500151 ], [ -111.381492389147297, 33.79676446049973 ], [ -111.381399796046196, 33.79676446049973 ], [ -111.381399796046196, 33.796671868298006 ], [ -111.381307203844472, 33.796671868298006 ], [ -111.381307203844472, 33.796579276096224 ], [ -111.38121461164269, 33.796579276096224 ], [ -111.38121461164269, 33.796486682995123 ], [ -111.381122018541589, 33.796486682995123 ], [ -111.381122018541589, 33.796394090793399 ], [ -111.381029426339865, 33.796394090793399 ], [ -111.381029426339865, 33.796301497692298 ], [ -111.380936832339444, 33.796301497692298 ], [ -111.380936832339444, 33.796208905490516 ], [ -111.380844241036982, 33.796208905490516 ], [ -111.380844241036982, 33.796023720187634 ], [ -111.3806590557341, 33.796023720187634 ], [ -111.3806590557341, 33.795931127985909 ], [ -111.380473869531954, 33.795931127985909 ], [ -111.380473869531954, 33.795745941783707 ], [ -111.380381278229493, 33.795745941783707 ], [ -111.380381278229493, 33.795653349581926 ], [ -111.380288685128392, 33.795653349581926 ], [ -111.380288685128392, 33.795560757380201 ], [ -111.380196092027347, 33.795560757380201 ], [ -111.380196092027347, 33.7954681642791 ], [ -111.380010906724465, 33.7954681642791 ], [ -111.380010906724465, 33.795375572077319 ], [ -111.379825721421639, 33.795375572077319 ], [ -111.379825721421639, 33.7954681642791 ], [ -111.379547943916975, 33.7954681642791 ], [ -111.379547943916975, 33.795375572077319 ], [ -111.379455351715251, 33.795375572077319 ], [ -111.379455351715251, 33.795282978976218 ], [ -111.37936275861415, 33.795282978976218 ], [ -111.37936275861415, 33.795190386774493 ], [ -111.379270166412368, 33.795190386774493 ], [ -111.379270166412368, 33.794820016168785 ], [ -111.379177574210587, 33.794820016168785 ], [ -111.379177574210587, 33.794727423967004 ], [ -111.379084981109543, 33.794727423967004 ], [ -111.379084981109543, 33.794634830865903 ], [ -111.378992388008442, 33.794634830865903 ], [ -111.378992388008442, 33.794542238664121 ], [ -111.37889979580666, 33.794542238664121 ], [ -111.37889979580666, 33.794449646462397 ], [ -111.378807202705559, 33.794449646462397 ], [ -111.378807202705559, 33.794357052461976 ], [ -111.378714610503835, 33.794357052461976 ], [ -111.378714610503835, 33.794264461159514 ], [ -111.378622018302053, 33.794264461159514 ], [ -111.378622018302053, 33.793986683654907 ], [ -111.378529425200952, 33.793986683654907 ], [ -111.378529425200952, 33.793801498352025 ], [ -111.378436832999171, 33.793801498352025 ], [ -111.378436832999171, 33.793245941544171 ], [ -111.378622018302053, 33.793245941544171 ], [ -111.378622018302053, 33.79315334934239 ], [ -111.378714609604458, 33.79315334934239 ], [ -111.378714609604458, 33.793060756241289 ], [ -111.378807202705559, 33.793060756241289 ], [ -111.378807202705559, 33.792875572737103 ], [ -111.37889979580666, 33.792875572737103 ], [ -111.37889979580666, 33.792782978736682 ], [ -111.378992388008442, 33.792782978736682 ], [ -111.378992388008442, 33.792597793433799 ], [ -111.379177572411947, 33.792597793433799 ], [ -111.379177572411947, 33.792505201232075 ], [ -111.379270166412368, 33.792505201232075 ], [ -111.379270166412368, 33.792412609030293 ], [ -111.37936275861415, 33.792412609030293 ], [ -111.37936275861415, 33.791579275617096 ], [ -111.379455350815874, 33.791579275617096 ], [ -111.379455350815874, 33.791486682515995 ], [ -111.379547943916975, 33.791486682515995 ], [ -111.379547943916975, 33.791301496313849 ], [ -111.379640536118757, 33.791301496313849 ], [ -111.379640536118757, 33.791116312809663 ], [ -111.379733129219858, 33.791116312809663 ], [ -111.379733129219858, 33.791023718809242 ], [ -111.379825721421639, 33.791023718809242 ], [ -111.379825721421639, 33.790931127506781 ], [ -111.379918314522683, 33.790931127506781 ], [ -111.379918314522683, 33.79083853350636 ], [ -111.380196092027347, 33.79083853350636 ], [ -111.380196092027347, 33.790745942203955 ], [ -111.380288685128392, 33.790745942203955 ], [ -111.380288685128392, 33.790653348203477 ], [ -111.380381277330173, 33.790653348203477 ], [ -111.380381277330173, 33.790560756001753 ], [ -111.380473869531954, 33.790560756001753 ], [ -111.380473869531954, 33.790468164699291 ], [ -111.380566462633055, 33.790468164699291 ], [ -111.380566462633055, 33.79037557069887 ], [ -111.38065905483478, 33.79037557069887 ], [ -111.38065905483478, 33.790282979396466 ], [ -111.380844240137662, 33.790282979396466 ], [ -111.380844240137662, 33.790190385396045 ], [ -111.380936832339444, 33.790190385396045 ], [ -111.380936832339444, 33.790097793194263 ], [ -111.381029426339865, 33.790097793194263 ], [ -111.381029426339865, 33.789912607891438 ], [ -111.38121461164269, 33.789912607891438 ], [ -111.38121461164269, 33.789820016588976 ], [ -111.381307202945152, 33.789820016588976 ], [ -111.381307202945152, 33.789727422588555 ], [ -111.381399796046196, 33.789727422588555 ], [ -111.381399796046196, 33.789634830386774 ], [ -111.381492389147297, 33.789634830386774 ], [ -111.381492389147297, 33.789357051982847 ], [ -111.381584980449759, 33.789357051982847 ], [ -111.381584980449759, 33.789264459781066 ], [ -111.381770165752584, 33.789264459781066 ], [ -111.381770165752584, 33.789171867579341 ], [ -111.381862759753005, 33.789171867579341 ], [ -111.381862759753005, 33.78907927447824 ], [ -111.381955351954787, 33.78907927447824 ], [ -111.381955351954787, 33.788986682276459 ], [ -111.382047943257248, 33.788986682276459 ], [ -111.382047943257248, 33.788894088276038 ], [ -111.382140537257669, 33.788894088276038 ], [ -111.382140537257669, 33.788801496973633 ], [ -111.382233128560074, 33.788801496973633 ], [ -111.382233128560074, 33.788616311670751 ], [ -111.382325722560495, 33.788616311670751 ], [ -111.382325722560495, 33.788523719468969 ], [ -111.382418314762276, 33.788523719468969 ], [ -111.382418314762276, 33.788338534166144 ], [ -111.382510906964001, 33.788338534166144 ], [ -111.382510906964001, 33.788245941065043 ], [ -111.382603500065102, 33.788245941065043 ], [ -111.382603500065102, 33.788153348863261 ], [ -111.382696091367563, 33.788153348863261 ], [ -111.382696091367563, 33.78806075576216 ], [ -111.382788685367984, 33.78806075576216 ], [ -111.382788685367984, 33.787505199853626 ], [ -111.382696091367563, 33.787505199853626 ], [ -111.382696091367563, 33.787412608551165 ], [ -111.382603500065102, 33.787412608551165 ], [ -111.382603500065102, 33.787320014550744 ], [ -111.382510906964001, 33.787320014550744 ], [ -111.382510906964001, 33.787227423248339 ], [ -111.382140537257669, 33.787227423248339 ], [ -111.382140537257669, 33.787134830147238 ], [ -111.382047943257248, 33.787134830147238 ], [ -111.382047943257248, 33.787042237046137 ], [ -111.381955351055467, 33.787042237046137 ], [ -111.381955351055467, 33.786857051743311 ], [ -111.381862759753005, 33.786857051743311 ], [ -111.381862759753005, 33.78676446044085 ], [ -111.381955351055467, 33.78676446044085 ], [ -111.381955351055467, 33.785931126128332 ], [ -111.381862759753005, 33.785931126128332 ], [ -111.381862759753005, 33.785838533027231 ], [ -111.381770165752584, 33.785838533027231 ], [ -111.381770165752584, 33.785745940825507 ], [ -111.38167757355086, 33.785745940825507 ], [ -111.38167757355086, 33.785653347724406 ], [ -111.381492388247977, 33.785653347724406 ], [ -111.381492388247977, 33.785560756421944 ], [ -111.381399796046196, 33.785560756421944 ], [ -111.381399796046196, 33.785468163320843 ], [ -111.381307202945152, 33.785468163320843 ], [ -111.381307202945152, 33.785282978018017 ], [ -111.381399796046196, 33.785282978018017 ], [ -111.381399796046196, 33.785190384916916 ], [ -111.381492388247977, 33.785190384916916 ], [ -111.381492388247977, 33.785097792715135 ], [ -111.381584980449759, 33.785097792715135 ], [ -111.381584980449759, 33.785005199614034 ], [ -111.38167757355086, 33.785005199614034 ], [ -111.38167757355086, 33.784912606512989 ], [ -111.381862759753005, 33.784912606512989 ], [ -111.381862759753005, 33.784727422109427 ], [ -111.381955351055467, 33.784727422109427 ], [ -111.381955351055467, 33.784634829907702 ], [ -111.382047943257248, 33.784634829907702 ], [ -111.382047943257248, 33.784542236806601 ], [ -111.382140536358293, 33.784542236806601 ], [ -111.382140536358293, 33.7844496437055 ], [ -111.382325722560495, 33.7844496437055 ], [ -111.382325722560495, 33.784357052403038 ], [ -111.382418313862956, 33.784357052403038 ], [ -111.382418313862956, 33.784264459301937 ], [ -111.382510906964001, 33.784264459301937 ], [ -111.382510906964001, 33.784171867100213 ], [ -111.382603499165782, 33.784171867100213 ], [ -111.382603499165782, 33.784079273999112 ], [ -111.382788685367984, 33.784079273999112 ], [ -111.382788685367984, 33.78398668089801 ], [ -111.382881276670389, 33.78398668089801 ], [ -111.382881276670389, 33.783894088696229 ], [ -111.38297387067081, 33.783894088696229 ], [ -111.38297387067081, 33.783801495595185 ], [ -111.383066461973272, 33.783801495595185 ], [ -111.383066461973272, 33.783708903393403 ], [ -111.383159054175053, 33.783708903393403 ], [ -111.383159054175053, 33.783616311191622 ], [ -111.383251648175474, 33.783616311191622 ], [ -111.383251648175474, 33.783523718090521 ], [ -111.383436833478299, 33.783523718090521 ], [ -111.383436833478299, 33.783616311191622 ], [ -111.383622018781182, 33.783616311191622 ], [ -111.383622018781182, 33.783708903393403 ], [ -111.383714610982906, 33.783708903393403 ], [ -111.383714610982906, 33.783801495595185 ], [ -111.384270165992177, 33.783801495595185 ], [ -111.384270165992177, 33.783708903393403 ], [ -111.384362759093278, 33.783708903393403 ], [ -111.384362759093278, 33.783616311191622 ], [ -111.384455351295003, 33.783616311191622 ], [ -111.384455351295003, 33.783523718090521 ], [ -111.384733129698986, 33.783523718090521 ], [ -111.384733129698986, 33.783431125888796 ], [ -111.385381278708621, 33.783431125888796 ], [ -111.385381278708621, 33.783523718090521 ], [ -111.385659056213228, 33.783523718090521 ], [ -111.385659056213228, 33.783431125888796 ], [ -111.385566463112127, 33.783431125888796 ], [ -111.385566463112127, 33.782968162181987 ], [ -111.385659056213228, 33.782968162181987 ], [ -111.385659056213228, 33.782875569980206 ], [ -111.38575164751569, 33.782875569980206 ], [ -111.38575164751569, 33.782597791576279 ], [ -111.385844241516111, 33.782597791576279 ], [ -111.385844241516111, 33.781949643465907 ], [ -111.385936832818516, 33.781949643465907 ], [ -111.385936832818516, 33.781764459062401 ], [ -111.386029425919617, 33.781764459062401 ], [ -111.386029425919617, 33.7816718659613 ], [ -111.386122018121398, 33.7816718659613 ], [ -111.386122018121398, 33.781579272860199 ], [ -111.386214610323179, 33.781579272860199 ], [ -111.386214610323179, 33.781486680658475 ], [ -111.3863072043236, 33.781486680658475 ], [ -111.3863072043236, 33.781394088456693 ], [ -111.386399795626005, 33.781394088456693 ], [ -111.386399795626005, 33.781301495355592 ], [ -111.386584981828207, 33.781301495355592 ], [ -111.386584981828207, 33.781116310052766 ], [ -111.386677574029932, 33.781116310052766 ], [ -111.386677574029932, 33.780838531648783 ], [ -111.386770167131033, 33.780838531648783 ], [ -111.386770167131033, 33.780653347245277 ], [ -111.386862758433494, 33.780653347245277 ], [ -111.386862758433494, 33.780560755043496 ], [ -111.387233129938522, 33.780560755043496 ], [ -111.387233129938522, 33.78037556884135 ], [ -111.387325722140304, 33.78037556884135 ], [ -111.387325722140304, 33.780282977538889 ], [ -111.387418315241405, 33.780282977538889 ], [ -111.387418315241405, 33.780097792236063 ], [ -111.387510907443129, 33.780097792236063 ], [ -111.387510907443129, 33.780005199134962 ], [ -111.38760350054423, 33.780005199134962 ], [ -111.38760350054423, 33.779912606033861 ], [ -111.387788684947736, 33.779912606033861 ], [ -111.387788684947736, 33.779820013832079 ], [ -111.387881278048837, 33.779820013832079 ], [ -111.387881278048837, 33.779727420730978 ], [ -111.387973871149939, 33.779727420730978 ], [ -111.387973871149939, 33.779634829428574 ], [ -111.38806646335172, 33.779634829428574 ], [ -111.38806646335172, 33.779542235428153 ], [ -111.388159055553444, 33.779542235428153 ], [ -111.388159055553444, 33.779449643226371 ], [ -111.388251647755226, 33.779449643226371 ], [ -111.388251647755226, 33.778894087317838 ], [ -111.388159055553444, 33.778894087317838 ], [ -111.388159055553444, 33.778616309813174 ], [ -111.388251647755226, 33.778616309813174 ], [ -111.388251647755226, 33.778523717611449 ], [ -111.388529426159209, 33.778523717611449 ], [ -111.388529426159209, 33.778338532308567 ], [ -111.388622019260254, 33.778338532308567 ], [ -111.388622019260254, 33.778245938308146 ], [ -111.388714611462035, 33.778245938308146 ], [ -111.388714611462035, 33.777968161702859 ], [ -111.388807203663816, 33.777968161702859 ], [ -111.388807203663816, 33.777875569501077 ], [ -111.388899796764917, 33.777875569501077 ], [ -111.388899796764917, 33.777690384198252 ], [ -111.388992388966642, 33.777690384198252 ], [ -111.388992388966642, 33.777505198895369 ], [ -111.389084982067743, 33.777505198895369 ], [ -111.389084982067743, 33.777412606693645 ], [ -111.389177574269524, 33.777412606693645 ], [ -111.389177574269524, 33.777227421390762 ], [ -111.389270167370626, 33.777227421390762 ], [ -111.389270167370626, 33.777042236087937 ], [ -111.389362760471727, 33.777042236087937 ], [ -111.389362760471727, 33.776671864582852 ], [ -111.389455351774131, 33.776671864582852 ], [ -111.389455351774131, 33.776208901775419 ], [ -111.38936275867303, 33.776208901775419 ], [ -111.38936275867303, 33.776116309573638 ], [ -111.389270167370626, 33.776116309573638 ], [ -111.389270167370626, 33.775931124270755 ], [ -111.389084982067743, 33.775931124270755 ], [ -111.389084982067743, 33.775838531169711 ], [ -111.388992388966642, 33.775838531169711 ], [ -111.388992388966642, 33.77574593896793 ], [ -111.388807203663816, 33.77574593896793 ], [ -111.388807203663816, 33.775653346766148 ], [ -111.388622019260254, 33.775653346766148 ], [ -111.388622019260254, 33.775560753665047 ], [ -111.388529426159209, 33.775560753665047 ], [ -111.388529426159209, 33.775468161463323 ], [ -111.388436833058108, 33.775468161463323 ], [ -111.388436833058108, 33.775375568362222 ], [ -111.388344240856327, 33.775375568362222 ], [ -111.388344240856327, 33.775190382160019 ], [ -111.388251647755226, 33.775190382160019 ], [ -111.388251647755226, 33.775097790857615 ], [ -111.388159054654125, 33.775097790857615 ], [ -111.388159054654125, 33.774912605554732 ], [ -111.387881278048837, 33.774912605554732 ], [ -111.387881278048837, 33.774820013352951 ], [ -111.38760350054423, 33.774820013352951 ], [ -111.38760350054423, 33.77472741935253 ], [ -111.387418315241405, 33.77472741935253 ], [ -111.387418315241405, 33.774634828050125 ], [ -111.387325722140304, 33.774634828050125 ], [ -111.387325722140304, 33.774542234949024 ], [ -111.387140536837421, 33.774542234949024 ], [ -111.387140536837421, 33.774449642747243 ], [ -111.38704794373632, 33.774449642747243 ], [ -111.38704794373632, 33.773894087738029 ], [ -111.386955351534596, 33.773894087738029 ], [ -111.386955351534596, 33.773616308434725 ], [ -111.386862758433494, 33.773616308434725 ], [ -111.386862758433494, 33.773431124031219 ], [ -111.386770166231713, 33.773431124031219 ], [ -111.386770166231713, 33.773060754324831 ], [ -111.386677574029932, 33.773060754324831 ], [ -111.386677574029932, 33.77296816032441 ], [ -111.386770166231713, 33.77296816032441 ], [ -111.386770166231713, 33.772875568122629 ], [ -111.386955351534596, 33.772875568122629 ], [ -111.386955351534596, 33.772782975920904 ], [ -111.387140536837421, 33.772782975920904 ], [ -111.387140536837421, 33.772690382819803 ], [ -111.387325722140304, 33.772690382819803 ], [ -111.387325722140304, 33.772597791517342 ], [ -111.38751090654381, 33.772597791517342 ], [ -111.38751090654381, 33.772505197516921 ], [ -111.38760350054423, 33.772505197516921 ], [ -111.38760350054423, 33.772412605315196 ], [ -111.387696091846692, 33.772412605315196 ], [ -111.387696091846692, 33.772320013113415 ], [ -111.387788684947736, 33.772320013113415 ], [ -111.387788684947736, 33.772227420012314 ], [ -111.387881277149518, 33.772227420012314 ], [ -111.387881277149518, 33.772134826911213 ], [ -111.387973870250619, 33.772134826911213 ], [ -111.387973870250619, 33.772042234709488 ], [ -111.388251647755226, 33.772042234709488 ], [ -111.388251647755226, 33.771949642507707 ], [ -111.388436833058108, 33.771949642507707 ], [ -111.388436833058108, 33.771857050305925 ], [ -111.388529426159209, 33.771857050305925 ], [ -111.388529426159209, 33.771764457204824 ], [ -111.388714611462035, 33.771764457204824 ], [ -111.388714611462035, 33.77167186410378 ], [ -111.388807202764497, 33.77167186410378 ], [ -111.388807202764497, 33.771579271901999 ], [ -111.388899795865541, 33.771579271901999 ], [ -111.388899795865541, 33.771394086599116 ], [ -111.388992388966642, 33.771394086599116 ], [ -111.388992388966642, 33.771301494397392 ], [ -111.389084981168423, 33.771301494397392 ], [ -111.389084981168423, 33.771116309094509 ], [ -111.389177574269524, 33.771116309094509 ], [ -111.389177574269524, 33.770931123791684 ], [ -111.389270166471306, 33.770931123791684 ], [ -111.389270166471306, 33.770282974781992 ], [ -111.389177574269524, 33.770282974781992 ], [ -111.389177574269524, 33.770005197277385 ], [ -111.389084981168423, 33.770005197277385 ], [ -111.389084981168423, 33.769542234469895 ], [ -111.388992388966642, 33.769542234469895 ], [ -111.388992388966642, 33.769449642268171 ], [ -111.388899795865541, 33.769449642268171 ], [ -111.388899795865541, 33.76935704916707 ], [ -111.388807202764497, 33.76935704916707 ], [ -111.388807202764497, 33.769264456965288 ], [ -111.388714611462035, 33.769264456965288 ], [ -111.388714611462035, 33.769079270763086 ], [ -111.388622018360934, 33.769079270763086 ], [ -111.388622018360934, 33.768708901056698 ], [ -111.388714611462035, 33.768708901056698 ], [ -111.388714611462035, 33.768431122652771 ], [ -111.388807202764497, 33.768431122652771 ], [ -111.388807202764497, 33.768338531350366 ], [ -111.388714611462035, 33.768338531350366 ], [ -111.388714611462035, 33.768245938249265 ], [ -111.388622018360934, 33.768245938249265 ], [ -111.388622018360934, 33.768153345148164 ], [ -111.388529425259833, 33.768153345148164 ], [ -111.388529425259833, 33.768060752946383 ], [ -111.388436833058108, 33.768060752946383 ], [ -111.388436833058108, 33.76657927142287 ], [ -111.388344239957007, 33.76657927142287 ], [ -111.388344239957007, 33.766301493018943 ], [ -111.388251646855906, 33.766301493018943 ], [ -111.388251646855906, 33.766208900817162 ], [ -111.388159054654125, 33.766208900817162 ], [ -111.388159054654125, 33.766116307716061 ], [ -111.3880664624524, 33.766116307716061 ], [ -111.3880664624524, 33.76602371461496 ], [ -111.387973870250619, 33.76602371461496 ], [ -111.387973870250619, 33.765931123312555 ], [ -111.387881277149518, 33.765931123312555 ], [ -111.387881277149518, 33.765838530211454 ], [ -111.387788684048417, 33.765838530211454 ], [ -111.387788684048417, 33.765468160505065 ], [ -111.387696091846692, 33.765468160505065 ], [ -111.387696091846692, 33.76528297520224 ], [ -111.387603498745591, 33.76528297520224 ], [ -111.387603498745591, 33.765097789000038 ], [ -111.38751090564449, 33.765097789000038 ], [ -111.38751090564449, 33.765005197697576 ], [ -111.387418314342028, 33.765005197697576 ], [ -111.387418314342028, 33.764542233990767 ], [ -111.387325721240984, 33.764542233990767 ], [ -111.387325721240984, 33.764171863385059 ], [ -111.387233128139883, 33.764171863385059 ], [ -111.387233128139883, 33.763986678082233 ], [ -111.387140535938101, 33.763986678082233 ], [ -111.387140535938101, 33.763431122173643 ], [ -111.387047942837, 33.763431122173643 ], [ -111.387047942837, 33.763245936870817 ], [ -111.386862757534175, 33.763245936870817 ], [ -111.386862757534175, 33.763153344669036 ], [ -111.386770165332393, 33.763153344669036 ], [ -111.386770165332393, 33.763060752467254 ], [ -111.386677573130612, 33.763060752467254 ], [ -111.386677573130612, 33.763153344669036 ], [ -111.386307202524904, 33.763153344669036 ], [ -111.386307202524904, 33.763060752467254 ], [ -111.386214609423803, 33.763060752467254 ], [ -111.386214609423803, 33.76296815936621 ], [ -111.386122017222078, 33.76296815936621 ], [ -111.386122017222078, 33.762875567164429 ], [ -111.385659054414589, 33.762875567164429 ], [ -111.385659054414589, 33.762782974063327 ], [ -111.385566461313488, 33.762782974063327 ], [ -111.385566461313488, 33.762690381861546 ], [ -111.38473312790029, 33.762690381861546 ], [ -111.38473312790029, 33.762875567164429 ], [ -111.383622016982486, 33.762875567164429 ], [ -111.383622016982486, 33.762782975861967 ], [ -111.383251646376777, 33.762782975861967 ], [ -111.383251646376777, 33.762690381861546 ], [ -111.383159052376357, 33.762690381861546 ], [ -111.383159052376357, 33.762597789659822 ], [ -111.383066461073952, 33.762597789659822 ], [ -111.383066461073952, 33.76250519655872 ], [ -111.382973867972851, 33.76250519655872 ], [ -111.382973867972851, 33.762412604356939 ], [ -111.382881275771069, 33.762412604356939 ], [ -111.382881275771069, 33.762134825953012 ], [ -111.382788683569288, 33.762134825953012 ], [ -111.382788683569288, 33.762042233751231 ], [ -111.382696089568867, 33.762042233751231 ], [ -111.382696089568867, 33.76194964154945 ], [ -111.382603498266462, 33.76194964154945 ], [ -111.382603498266462, 33.761857048448405 ], [ -111.382510904266042, 33.761857048448405 ], [ -111.382510904266042, 33.761671862246203 ], [ -111.38241831296358, 33.761671862246203 ], [ -111.38241831296358, 33.761486678742017 ], [ -111.382325720761855, 33.761486678742017 ], [ -111.382325720761855, 33.761394085640916 ], [ -111.381955349256828, 33.761394085640916 ], [ -111.381955349256828, 33.760745936631224 ], [ -111.382047941458552, 33.760745936631224 ], [ -111.382047941458552, 33.760560751328399 ], [ -111.382140535458973, 33.760560751328399 ], [ -111.382140535458973, 33.760468159126617 ], [ -111.382233126761435, 33.760468159126617 ], [ -111.382233126761435, 33.760375566924836 ] ] ] } }
]
}
